Scenario,Model,Feature,Bin,N_repetitions,Grid_mean,Model_ALE_mean,Model_ALE_sd,Truth_ALE_mean,Truth_ALE_sd
F1,GAM,biomarker_01,0,275,-2.0267216558080703,-0.1715489474386032,0.06927377633688069,-0.21106552431442063,0.03913842595256919
F1,GAM,biomarker_01,1,275,-1.2506884023074727,-0.17745343067249628,0.06180894533253285,-0.35285928708315484,0.02206192989232473
F1,GAM,biomarker_01,2,275,-0.9931732954240641,-0.17061019367798552,0.06126892260145073,-0.39151852760579864,0.014792728021928147
F1,GAM,biomarker_01,3,275,-0.8018041755467571,-0.15803112318451942,0.05986610407877908,-0.3864879382235214,0.01278297467543103
F1,GAM,biomarker_01,4,275,-0.6413563982407697,-0.14220522370875777,0.05651756877461497,-0.35735067425220607,0.013131524352907592
F1,GAM,biomarker_01,5,275,-0.49875505293886785,-0.12390854897092402,0.05192330111721657,-0.3128722086658382,0.014466684607908661
F1,GAM,biomarker_01,6,275,-0.36772777453909844,-0.1041800837861725,0.046727059793469965,-0.25884674827578597,0.01604689962190783
F1,GAM,biomarker_01,7,275,-0.24330917826513765,-0.08226648625924715,0.040545062399840584,-0.196607831932494,0.017690417013274576
F1,GAM,biomarker_01,8,275,-0.12249855648972517,-0.058953969972005874,0.03426900136098091,-0.12998251830004812,0.01835161312564107
F1,GAM,biomarker_01,9,275,-0.004324144494575658,-0.0341288092914155,0.029123088050161162,-0.05997639450982259,0.01874435020870192
F1,GAM,biomarker_01,10,275,0.11385260091871797,-0.007613284264705929,0.026566221726550765,0.012174868694407301,0.017572462604242455
F1,GAM,biomarker_01,11,275,0.233649257729438,0.020022401011797968,0.0295636929172266,0.08477529421059714,0.016699304684109902
F1,GAM,biomarker_01,12,275,0.3565844151098609,0.048686741662429166,0.036486157572783465,0.1563135608872541,0.01601344804384244
F1,GAM,biomarker_01,13,275,0.48378403826789096,0.07820076378450894,0.046446861804697474,0.224116305343775,0.014229461614940896
F1,GAM,biomarker_01,14,275,0.6179917372304123,0.10879058210245109,0.057450351395002784,0.28711605313839583,0.01317591739520353
F1,GAM,biomarker_01,15,275,0.7637721747893221,0.14022073437082225,0.06806277815718538,0.3421561279063074,0.011950514249046336
F1,GAM,biomarker_01,16,275,0.9293834302280164,0.17281059629190604,0.07693819678583018,0.385462041215369,0.011660190547204184
F1,GAM,biomarker_01,17,275,1.1258237053244722,0.20454779741985352,0.08200421834540816,0.4062824729853075,0.013228087344455648
F1,GAM,biomarker_01,18,275,1.387162574831533,0.23422348237094834,0.08223274567497978,0.3836252829064841,0.017473832028727623
F1,GAM,biomarker_01,19,275,2.215712820252455,0.22339700221211586,0.13427949981833315,0.37554564587519307,0.16278196280436014
F1,GAM,biomarker_02,0,275,-2.0354715198024307,-0.07899744693926145,0.06513680986677707,-0.07138362848812879,0.013430224675486706
F1,GAM,biomarker_02,1,275,-1.2289349057066181,-0.07855192702363632,0.05599485467711244,-0.11779134989565075,0.007442667983482419
F1,GAM,biomarker_02,2,275,-0.9757507732678476,-0.07363497238169013,0.04939084397805622,-0.12971984883453508,0.005278726078950477
F1,GAM,biomarker_02,3,275,-0.7918301315654728,-0.06689124860758322,0.043359672749395506,-0.1274780683299302,0.004700306120812264
F1,GAM,biomarker_02,4,275,-0.6399953822240331,-0.05884601843369641,0.03762622184605354,-0.11761583600785723,0.004561654683777751
F1,GAM,biomarker_02,5,275,-0.505101683467357,-0.0504184710517012,0.03313113429136624,-0.10335079195354571,0.0047756554745115995
F1,GAM,biomarker_02,6,275,-0.38303422273989085,-0.04148721027493727,0.029438132810972732,-0.08615359035857142,0.005104548417065665
F1,GAM,biomarker_02,7,275,-0.26725880452356227,-0.03210852762852834,0.02699144179256757,-0.06646543090088246,0.005746131507895416
F1,GAM,biomarker_02,8,275,-0.15618063498821952,-0.022423780808519426,0.02554068275843973,-0.045721299445913376,0.0058737641320453044
F1,GAM,biomarker_02,9,275,-0.04827904943760933,-0.012089339060020944,0.025305219908832225,-0.02366526475797636,0.006112701540078959
F1,GAM,biomarker_02,10,275,0.059147406456000196,-0.001565666022350464,0.026084035678418518,-0.000982438429771149,0.0060847665653676
F1,GAM,biomarker_02,11,275,0.16722987486938432,0.0094665912162783,0.027811422787888625,0.022185386546226846,0.00585946169644215
F1,GAM,biomarker_02,12,275,0.27777602496064036,0.02071659627386789,0.030379470993043743,0.04544864108539216,0.005670406069605723
F1,GAM,biomarker_02,13,275,0.39227460439128403,0.03233917098623207,0.03313082885465336,0.06839064310020254,0.005514389552632666
F1,GAM,biomarker_02,14,275,0.5145739139028243,0.04466368964354453,0.036934989768460366,0.09115440958932881,0.004976460098443145
F1,GAM,biomarker_02,15,275,0.6483362611051403,0.057380461235512284,0.04125919061799518,0.11248313417464584,0.004340052265655774
F1,GAM,biomarker_02,16,275,0.8014106672827194,0.071132083845064,0.04686977031972649,0.13198362737078606,0.004120737962903553
F1,GAM,biomarker_02,17,275,0.9890990288461196,0.08565886626902393,0.05369939818844045,0.1464475085758363,0.004521910204260555
F1,GAM,biomarker_02,18,275,1.2458007467657108,0.09963964303743965,0.06375581252285643,0.14790321482679114,0.005788967796763496
F1,GAM,biomarker_02,19,275,2.0811502872786014,0.09601750572496262,0.10816562264858318,0.12433098213355297,0.06129709552814219
F1,GPR,biomarker_01,0,275,-2.0267216558080703,-0.2045485115855998,0.14420916861223868,-0.21106552431442063,0.03913842595256919
F1,GPR,biomarker_01,1,275,-1.2506884023074727,-0.25374545698055356,0.12906836090857157,-0.35285928708315484,0.02206192989232473
F1,GPR,biomarker_01,2,275,-0.9931732954240641,-0.26488755452928436,0.12474312639329017,-0.39151852760579864,0.014792728021928147
F1,GPR,biomarker_01,3,275,-0.8018041755467571,-0.2571065816369629,0.1221878744407323,-0.3864879382235214,0.01278297467543103
F1,GPR,biomarker_01,4,275,-0.6413563982407697,-0.2358991846088728,0.11513764118190012,-0.35735067425220607,0.013131524352907592
F1,GPR,biomarker_01,5,275,-0.49875505293886785,-0.20666586293193398,0.10417035252824584,-0.3128722086658382,0.014466684607908661
F1,GPR,biomarker_01,6,275,-0.36772777453909844,-0.17187257617270107,0.09005021986613451,-0.25884674827578597,0.01604689962190783
F1,GPR,biomarker_01,7,275,-0.24330917826513765,-0.13208106027010955,0.07573893326285872,-0.196607831932494,0.017690417013274576
F1,GPR,biomarker_01,8,275,-0.12249855648972517,-0.0885891550068705,0.06349954970598835,-0.12998251830004812,0.01835161312564107
F1,GPR,biomarker_01,9,275,-0.004324144494575658,-0.042621882203294575,0.05392485200625919,-0.05997639450982259,0.01874435020870192
F1,GPR,biomarker_01,10,275,0.11385260091871797,0.005188704748985639,0.050478120030511525,0.012174868694407301,0.017572462604242455
F1,GPR,biomarker_01,11,275,0.233649257729438,0.053626822668902376,0.055200791175576934,0.08477529421059714,0.016699304684109902
F1,GPR,biomarker_01,12,275,0.3565844151098609,0.1014634144614786,0.06704458959754564,0.1563135608872541,0.01601344804384244
F1,GPR,biomarker_01,13,275,0.48378403826789096,0.1497746633904833,0.08436078176918324,0.224116305343775,0.014229461614940896
F1,GPR,biomarker_01,14,275,0.6179917372304123,0.1977085688489239,0.10456072375854257,0.28711605313839583,0.01317591739520353
F1,GPR,biomarker_01,15,275,0.7637721747893221,0.24198747233221293,0.12259616354633246,0.3421561279063074,0.011950514249046336
F1,GPR,biomarker_01,16,275,0.9293834302280164,0.2810967560285486,0.13554680253260584,0.385462041215369,0.011660190547204184
F1,GPR,biomarker_01,17,275,1.1258237053244722,0.31082055360557115,0.14532099051665814,0.4062824729853075,0.013228087344455648
F1,GPR,biomarker_01,18,275,1.387162574831533,0.32354244207672017,0.15953704651568987,0.3836252829064841,0.017473832028727623
F1,GPR,biomarker_01,19,275,2.215712820252455,0.19280842776435664,0.20118885372653403,0.37554564587519307,0.16278196280436014
F1,GPR,biomarker_02,0,275,-2.0354715198024307,-0.0428807940054736,0.08153825485702126,-0.07138362848812879,0.013430224675486706
F1,GPR,biomarker_02,1,275,-1.2289349057066181,-0.044423195680594996,0.07321293926535137,-0.11779134989565075,0.007442667983482419
F1,GPR,biomarker_02,2,275,-0.9757507732678476,-0.04338355802883275,0.06540504213567977,-0.12971984883453508,0.005278726078950477
F1,GPR,biomarker_02,3,275,-0.7918301315654728,-0.041294207408739715,0.06044079499391206,-0.1274780683299302,0.004700306120812264
F1,GPR,biomarker_02,4,275,-0.6399953822240331,-0.03709916428757808,0.054571832501300696,-0.11761583600785723,0.004561654683777751
F1,GPR,biomarker_02,5,275,-0.505101683467357,-0.03294185319874501,0.04936650557599535,-0.10335079195354571,0.0047756554745115995
F1,GPR,biomarker_02,6,275,-0.38303422273989085,-0.02810744892802876,0.04410473108068856,-0.08615359035857142,0.005104548417065665
F1,GPR,biomarker_02,7,275,-0.26725880452356227,-0.021900231991402872,0.03899928088585522,-0.06646543090088246,0.005746131507895416
F1,GPR,biomarker_02,8,275,-0.15618063498821952,-0.015328342609862608,0.03320577665274108,-0.045721299445913376,0.0058737641320453044
F1,GPR,biomarker_02,9,275,-0.04827904943760933,-0.008165965033761912,0.030111580916955576,-0.02366526475797636,0.006112701540078959
F1,GPR,biomarker_02,10,275,0.059147406456000196,-0.0009093721983167828,0.027325620096335015,-0.000982438429771149,0.0060847665653676
F1,GPR,biomarker_02,11,275,0.16722987486938432,0.006893188212419549,0.029330523162712795,0.022185386546226846,0.00585946169644215
F1,GPR,biomarker_02,12,275,0.27777602496064036,0.015117698578180365,0.03498901920901114,0.04544864108539216,0.005670406069605723
F1,GPR,biomarker_02,13,275,0.39227460439128403,0.022750783833832,0.04106024935226051,0.06839064310020254,0.005514389552632666
F1,GPR,biomarker_02,14,275,0.5145739139028243,0.031279500941883004,0.05038794421574474,0.09115440958932881,0.004976460098443145
F1,GPR,biomarker_02,15,275,0.6483362611051403,0.03885270633606857,0.05942463672699155,0.11248313417464584,0.004340052265655774
F1,GPR,biomarker_02,16,275,0.8014106672827194,0.04765040356090954,0.06954459850965705,0.13198362737078606,0.004120737962903553
F1,GPR,biomarker_02,17,275,0.9890990288461196,0.05530847301452427,0.0783257019210652,0.1464475085758363,0.004521910204260555
F1,GPR,biomarker_02,18,275,1.2458007467657108,0.06176521400926655,0.09411984764439009,0.14790321482679114,0.005788967796763496
F1,GPR,biomarker_02,19,275,2.0811502872786014,0.03681616488425323,0.10809075875256785,0.12433098213355297,0.06129709552814219
F1,LMM,biomarker_01,0,275,-2.0267216558080703,-0.3735008220806632,0.13204150003247903,-0.21106552431442063,0.03913842595256919
F1,LMM,biomarker_01,1,275,-1.2506884023074727,-0.3027559794691494,0.10684758819021867,-0.35285928708315484,0.02206192989232473
F1,LMM,biomarker_01,2,275,-0.9931732954240641,-0.25372931658879216,0.08958616231258049,-0.39151852760579864,0.014792728021928147
F1,LMM,biomarker_01,3,275,-0.8018041755467571,-0.21352818558187006,0.07513620203541586,-0.3864879382235214,0.01278297467543103
F1,LMM,biomarker_01,4,275,-0.6413563982407697,-0.1788162346981707,0.06290132290590475,-0.35735067425220607,0.013131524352907592
F1,LMM,biomarker_01,5,275,-0.49875505293886785,-0.14720078655719926,0.05203908017814812,-0.3128722086658382,0.014466684607908661
F1,LMM,biomarker_01,6,275,-0.36772777453909844,-0.11795519437559619,0.04197945903295548,-0.25884674827578597,0.01604689962190783
F1,LMM,biomarker_01,7,275,-0.24330917826513765,-0.08930872563350879,0.03187665188092171,-0.196607831932494,0.017690417013274576
F1,LMM,biomarker_01,8,275,-0.12249855648972517,-0.06170437452463871,0.02257591294471588,-0.12998251830004812,0.01835161312564107
F1,LMM,biomarker_01,9,275,-0.004324144494575658,-0.03436010365779916,0.013629124452938422,-0.05997639450982259,0.01874435020870192
F1,LMM,biomarker_01,10,275,0.11385260091871797,-0.006674476851476642,0.006363334599434916,0.012174868694407301,0.017572462604242455
F1,LMM,biomarker_01,11,275,0.233649257729438,0.021533295579521945,0.010148550392147043,0.08477529421059714,0.016699304684109902
F1,LMM,biomarker_01,12,275,0.3565844151098609,0.05056859424074143,0.019113336873433463,0.1563135608872541,0.01601344804384244
F1,LMM,biomarker_01,13,275,0.48378403826789096,0.0804615147005632,0.028675903703006444,0.224116305343775,0.014229461614940896
F1,LMM,biomarker_01,14,275,0.6179917372304123,0.1128135494699958,0.040022265696088355,0.28711605313839583,0.01317591739520353
F1,LMM,biomarker_01,15,275,0.7637721747893221,0.14834005274559384,0.05271319662092453,0.3421561279063074,0.011950514249046336
F1,LMM,biomarker_01,16,275,0.9293834302280164,0.1897887068743455,0.06708897879796946,0.385462041215369,0.011660190547204184
F1,LMM,biomarker_01,17,275,1.1258237053244722,0.2397183278130375,0.0848844757518449,0.4062824729853075,0.013228087344455648
F1,LMM,biomarker_01,18,275,1.387162574831533,0.31179475519145794,0.11123415313311005,0.3836252829064841,0.017473832028727623
F1,LMM,biomarker_01,19,275,2.215712820252455,0.6245154034036072,0.22670284025126344,0.37554564587519307,0.16278196280436014
F1,LMM,biomarker_02,0,275,-2.0354715198024307,-0.14226073867307204,0.11495430658539516,-0.07138362848812879,0.013430224675486706
F1,LMM,biomarker_02,1,275,-1.2289349057066181,-0.11429135026605744,0.09248752377092585,-0.11779134989565075,0.007442667983482419
F1,LMM,biomarker_02,2,275,-0.9757507732678476,-0.09502103849634157,0.07728969185972197,-0.12971984883453508,0.005278726078950477
F1,LMM,biomarker_02,3,275,-0.7918301315654728,-0.07991620887237655,0.06494490106782548,-0.1274780683299302,0.004700306120812264
F1,LMM,biomarker_02,4,275,-0.6399953822240331,-0.0665658983622731,0.05395135948322948,-0.11761583600785723,0.004561654683777751
F1,LMM,biomarker_02,5,275,-0.505101683467357,-0.05473957129096423,0.04449142437655951,-0.10335079195354571,0.0047756554745115995
F1,LMM,biomarker_02,6,275,-0.38303422273989085,-0.04378621634504893,0.0358024457887187,-0.08615359035857142,0.005104548417065665
F1,LMM,biomarker_02,7,275,-0.26725880452356227,-0.03322892657459602,0.027510581151244586,-0.06646543090088246,0.005746131507895416
F1,LMM,biomarker_02,8,275,-0.15618063498821952,-0.023110618809675246,0.019233499773943168,-0.045721299445913376,0.0058737641320453044
F1,LMM,biomarker_02,9,275,-0.04827904943760933,-0.012984347546774055,0.01112857031598059,-0.02366526475797636,0.006112701540078959
F1,LMM,biomarker_02,10,275,0.059147406456000196,-0.0029426351826159617,0.003907445121450326,-0.000982438429771149,0.0060847665653676
F1,LMM,biomarker_02,11,275,0.16722987486938432,0.007223591800338449,0.006156276887065519,0.022185386546226846,0.00585946169644215
F1,LMM,biomarker_02,12,275,0.27777602496064036,0.017707825996581963,0.014407846080894722,0.04544864108539216,0.005670406069605723
F1,LMM,biomarker_02,13,275,0.39227460439128403,0.028610296424823985,0.023237077886153243,0.06839064310020254,0.005514389552632666
F1,LMM,biomarker_02,14,275,0.5145739139028243,0.04054460852223189,0.03295601414839474,0.09115440958932881,0.004976460098443145
F1,LMM,biomarker_02,15,275,0.6483362611051403,0.053532997534295405,0.043345935581732685,0.11248313417464584,0.004340052265655774
F1,LMM,biomarker_02,16,275,0.8014106672827194,0.06903814036794893,0.05570986195699392,0.13198362737078606,0.004120737962903553
F1,LMM,biomarker_02,17,275,0.9890990288461196,0.08891419127305143,0.07219945905194776,0.1464475085758363,0.004521910204260555
F1,LMM,biomarker_02,18,275,1.2458007467657108,0.11756041022150578,0.09564698730522019,0.14790321482679114,0.005788967796763496
F1,LMM,biomarker_02,19,275,2.0811502872786014,0.24571548827901743,0.20399560275578998,0.12433098213355297,0.06129709552814219
F1,MERF,biomarker_01,0,275,-2.0267216558080703,-0.21621251915489023,0.07780951028636464,-0.21106552431442063,0.03913842595256919
F1,MERF,biomarker_01,1,275,-1.2506884023074727,-0.22879681330126525,0.07622635575657691,-0.35285928708315484,0.02206192989232473
F1,MERF,biomarker_01,2,275,-0.9931732954240641,-0.2341287410282889,0.07666936800558892,-0.39151852760579864,0.014792728021928147
F1,MERF,biomarker_01,3,275,-0.8018041755467571,-0.23320779769577385,0.0769518788714085,-0.3864879382235214,0.01278297467543103
F1,MERF,biomarker_01,4,275,-0.6413563982407697,-0.22813173694847902,0.07615984892640804,-0.35735067425220607,0.013131524352907592
F1,MERF,biomarker_01,5,275,-0.49875505293886785,-0.21388628997672599,0.07634911427818515,-0.3128722086658382,0.014466684607908661
F1,MERF,biomarker_01,6,275,-0.36772777453909844,-0.19677158748051293,0.07610337156125306,-0.25884674827578597,0.01604689962190783
F1,MERF,biomarker_01,7,275,-0.24330917826513765,-0.1666568428244574,0.07951211267645367,-0.196607831932494,0.017690417013274576
F1,MERF,biomarker_01,8,275,-0.12249855648972517,-0.12556543935839762,0.08711410082845077,-0.12998251830004812,0.01835161312564107
F1,MERF,biomarker_01,9,275,-0.004324144494575658,-0.06904111274021339,0.0992973552754649,-0.05997639450982259,0.01874435020870192
F1,MERF,biomarker_01,10,275,0.11385260091871797,-0.012494218665962013,0.10356518367965363,0.012174868694407301,0.017572462604242455
F1,MERF,biomarker_01,11,275,0.233649257729438,0.06289653540910893,0.10202840316745218,0.08477529421059714,0.016699304684109902
F1,MERF,biomarker_01,12,275,0.3565844151098609,0.12516572320236863,0.09574490559566459,0.1563135608872541,0.01601344804384244
F1,MERF,biomarker_01,13,275,0.48378403826789096,0.1749708297175931,0.09133612860573069,0.224116305343775,0.014229461614940896
F1,MERF,biomarker_01,14,275,0.6179917372304123,0.21571654354958597,0.0924158186544906,0.28711605313839583,0.01317591739520353
F1,MERF,biomarker_01,15,275,0.7637721747893221,0.24195096768838473,0.09567282602728792,0.3421561279063074,0.011950514249046336
F1,MERF,biomarker_01,16,275,0.9293834302280164,0.2624906742359766,0.09560088738090317,0.385462041215369,0.011660190547204184
F1,MERF,biomarker_01,17,275,1.1258237053244722,0.27626978695266247,0.10063742246665114,0.4062824729853075,0.013228087344455648
F1,MERF,biomarker_01,18,275,1.387162574831533,0.28219522691865806,0.10420408061605571,0.3836252829064841,0.017473832028727623
F1,MERF,biomarker_01,19,275,2.215712820252455,0.2832368115006281,0.10538009596650734,0.37554564587519307,0.16278196280436014
F1,MERF,biomarker_02,0,275,-2.0354715198024307,-0.052015088068568305,0.05155010782034431,-0.07138362848812879,0.013430224675486706
F1,MERF,biomarker_02,1,275,-1.2289349057066181,-0.05482910161600411,0.04806028811163194,-0.11779134989565075,0.007442667983482419
F1,MERF,biomarker_02,2,275,-0.9757507732678476,-0.053645436743700266,0.04411143349054005,-0.12971984883453508,0.005278726078950477
F1,MERF,biomarker_02,3,275,-0.7918301315654728,-0.05153639486304915,0.04256359148165843,-0.1274780683299302,0.004700306120812264
F1,MERF,biomarker_02,4,275,-0.6399953822240331,-0.0471085583690054,0.037898138189701364,-0.11761583600785723,0.004561654683777751
F1,MERF,biomarker_02,5,275,-0.505101683467357,-0.04218383170160875,0.03567849454118072,-0.10335079195354571,0.0047756554745115995
F1,MERF,biomarker_02,6,275,-0.38303422273989085,-0.03549430256327133,0.03187418151950484,-0.08615359035857142,0.005104548417065665
F1,MERF,biomarker_02,7,275,-0.26725880452356227,-0.02757672718451307,0.030164129108299936,-0.06646543090088246,0.005746131507895416
F1,MERF,biomarker_02,8,275,-0.15618063498821952,-0.018538323844808986,0.028705860324160542,-0.045721299445913376,0.0058737641320453044
F1,MERF,biomarker_02,9,275,-0.04827904943760933,-0.0101871847667287,0.030006256160799008,-0.02366526475797636,0.006112701540078959
F1,MERF,biomarker_02,10,275,0.059147406456000196,-0.0013677170446172338,0.02994774365254977,-0.000982438429771149,0.0060847665653676
F1,MERF,biomarker_02,11,275,0.16722987486938432,0.007910138860269594,0.030231635853015595,0.022185386546226846,0.00585946169644215
F1,MERF,biomarker_02,12,275,0.27777602496064036,0.01895308704791772,0.030980930338409172,0.04544864108539216,0.005670406069605723
F1,MERF,biomarker_02,13,275,0.39227460439128403,0.029377031250284655,0.032370979213399535,0.06839064310020254,0.005514389552632666
F1,MERF,biomarker_02,14,275,0.5145739139028243,0.039386162976981096,0.035930307746063886,0.09115440958932881,0.004976460098443145
F1,MERF,biomarker_02,15,275,0.6483362611051403,0.04843595530402947,0.04079400267816635,0.11248313417464584,0.004340052265655774
F1,MERF,biomarker_02,16,275,0.8014106672827194,0.054985344195554425,0.04807633056172461,0.13198362737078606,0.004120737962903553
F1,MERF,biomarker_02,17,275,0.9890990288461196,0.06101604788449066,0.050731093771573504,0.1464475085758363,0.004521910204260555
F1,MERF,biomarker_02,18,275,1.2458007467657108,0.06667355332747117,0.05348910002952625,0.14790321482679114,0.005788967796763496
F1,MERF,biomarker_02,19,275,2.0811502872786014,0.06774534591887656,0.05621051606679776,0.12433098213355297,0.06129709552814219
F1,Mean,biomarker_01,0,275,-2.0267216558080703,0.0,0.0,-0.21106552431442063,0.03913842595256919
F1,Mean,biomarker_01,1,275,-1.2506884023074727,0.0,0.0,-0.35285928708315484,0.02206192989232473
F1,Mean,biomarker_01,2,275,-0.9931732954240641,0.0,0.0,-0.39151852760579864,0.014792728021928147
F1,Mean,biomarker_01,3,275,-0.8018041755467571,0.0,0.0,-0.3864879382235214,0.01278297467543103
F1,Mean,biomarker_01,4,275,-0.6413563982407697,0.0,0.0,-0.35735067425220607,0.013131524352907592
F1,Mean,biomarker_01,5,275,-0.49875505293886785,0.0,0.0,-0.3128722086658382,0.014466684607908661
F1,Mean,biomarker_01,6,275,-0.36772777453909844,0.0,0.0,-0.25884674827578597,0.01604689962190783
F1,Mean,biomarker_01,7,275,-0.24330917826513765,0.0,0.0,-0.196607831932494,0.017690417013274576
F1,Mean,biomarker_01,8,275,-0.12249855648972517,0.0,0.0,-0.12998251830004812,0.01835161312564107
F1,Mean,biomarker_01,9,275,-0.004324144494575658,0.0,0.0,-0.05997639450982259,0.01874435020870192
F1,Mean,biomarker_01,10,275,0.11385260091871797,0.0,0.0,0.012174868694407301,0.017572462604242455
F1,Mean,biomarker_01,11,275,0.233649257729438,0.0,0.0,0.08477529421059714,0.016699304684109902
F1,Mean,biomarker_01,12,275,0.3565844151098609,0.0,0.0,0.1563135608872541,0.01601344804384244
F1,Mean,biomarker_01,13,275,0.48378403826789096,0.0,0.0,0.224116305343775,0.014229461614940896
F1,Mean,biomarker_01,14,275,0.6179917372304123,0.0,0.0,0.28711605313839583,0.01317591739520353
F1,Mean,biomarker_01,15,275,0.7637721747893221,0.0,0.0,0.3421561279063074,0.011950514249046336
F1,Mean,biomarker_01,16,275,0.9293834302280164,0.0,0.0,0.385462041215369,0.011660190547204184
F1,Mean,biomarker_01,17,275,1.1258237053244722,0.0,0.0,0.4062824729853075,0.013228087344455648
F1,Mean,biomarker_01,18,275,1.387162574831533,0.0,0.0,0.3836252829064841,0.017473832028727623
F1,Mean,biomarker_01,19,275,2.215712820252455,0.0,0.0,0.37554564587519307,0.16278196280436014
F1,Mean,biomarker_02,0,275,-2.0354715198024307,0.0,0.0,-0.07138362848812879,0.013430224675486706
F1,Mean,biomarker_02,1,275,-1.2289349057066181,0.0,0.0,-0.11779134989565075,0.007442667983482419
F1,Mean,biomarker_02,2,275,-0.9757507732678476,0.0,0.0,-0.12971984883453508,0.005278726078950477
F1,Mean,biomarker_02,3,275,-0.7918301315654728,0.0,0.0,-0.1274780683299302,0.004700306120812264
F1,Mean,biomarker_02,4,275,-0.6399953822240331,0.0,0.0,-0.11761583600785723,0.004561654683777751
F1,Mean,biomarker_02,5,275,-0.505101683467357,0.0,0.0,-0.10335079195354571,0.0047756554745115995
F1,Mean,biomarker_02,6,275,-0.38303422273989085,0.0,0.0,-0.08615359035857142,0.005104548417065665
F1,Mean,biomarker_02,7,275,-0.26725880452356227,0.0,0.0,-0.06646543090088246,0.005746131507895416
F1,Mean,biomarker_02,8,275,-0.15618063498821952,0.0,0.0,-0.045721299445913376,0.0058737641320453044
F1,Mean,biomarker_02,9,275,-0.04827904943760933,0.0,0.0,-0.02366526475797636,0.006112701540078959
F1,Mean,biomarker_02,10,275,0.059147406456000196,0.0,0.0,-0.000982438429771149,0.0060847665653676
F1,Mean,biomarker_02,11,275,0.16722987486938432,0.0,0.0,0.022185386546226846,0.00585946169644215
F1,Mean,biomarker_02,12,275,0.27777602496064036,0.0,0.0,0.04544864108539216,0.005670406069605723
F1,Mean,biomarker_02,13,275,0.39227460439128403,0.0,0.0,0.06839064310020254,0.005514389552632666
F1,Mean,biomarker_02,14,275,0.5145739139028243,0.0,0.0,0.09115440958932881,0.004976460098443145
F1,Mean,biomarker_02,15,275,0.6483362611051403,0.0,0.0,0.11248313417464584,0.004340052265655774
F1,Mean,biomarker_02,16,275,0.8014106672827194,0.0,0.0,0.13198362737078606,0.004120737962903553
F1,Mean,biomarker_02,17,275,0.9890990288461196,0.0,0.0,0.1464475085758363,0.004521910204260555
F1,Mean,biomarker_02,18,275,1.2458007467657108,0.0,0.0,0.14790321482679114,0.005788967796763496
F1,Mean,biomarker_02,19,275,2.0811502872786014,0.0,0.0,0.12433098213355297,0.06129709552814219
F1,RF,biomarker_01,0,275,-2.0267216558080703,-0.20756228892042056,0.08254522667907989,-0.21106552431442063,0.03913842595256919
F1,RF,biomarker_01,1,275,-1.2506884023074727,-0.2178909901735169,0.08239701595834906,-0.35285928708315484,0.02206192989232473
F1,RF,biomarker_01,2,275,-0.9931732954240641,-0.22152669055241878,0.08379467897821631,-0.39151852760579864,0.014792728021928147
F1,RF,biomarker_01,3,275,-0.8018041755467571,-0.2203553764848342,0.08431835014231967,-0.3864879382235214,0.01278297467543103
F1,RF,biomarker_01,4,275,-0.6413563982407697,-0.21514327641771971,0.08367003368653196,-0.35735067425220607,0.013131524352907592
F1,RF,biomarker_01,5,275,-0.49875505293886785,-0.20096041974974466,0.08408316006480314,-0.3128722086658382,0.014466684607908661
F1,RF,biomarker_01,6,275,-0.36772777453909844,-0.18127325385320592,0.08080351509349927,-0.25884674827578597,0.01604689962190783
F1,RF,biomarker_01,7,275,-0.24330917826513765,-0.1506136654249673,0.08102889379838213,-0.196607831932494,0.017690417013274576
F1,RF,biomarker_01,8,275,-0.12249855648972517,-0.11017010612942041,0.08550715086517333,-0.12998251830004812,0.01835161312564107
F1,RF,biomarker_01,9,275,-0.004324144494575658,-0.06063960034630569,0.0868177714808077,-0.05997639450982259,0.01874435020870192
F1,RF,biomarker_01,10,275,0.11385260091871797,-0.010451531523258605,0.09053684747697527,0.012174868694407301,0.017572462604242455
F1,RF,biomarker_01,11,275,0.233649257729438,0.054323691990952806,0.09241073853734828,0.08477529421059714,0.016699304684109902
F1,RF,biomarker_01,12,275,0.3565844151098609,0.10936644550531384,0.09138285791331559,0.1563135608872541,0.01601344804384244
F1,RF,biomarker_01,13,275,0.48378403826789096,0.15684019139242483,0.09087145271418114,0.224116305343775,0.014229461614940896
F1,RF,biomarker_01,14,275,0.6179917372304123,0.19809124830013294,0.09437244380908259,0.28711605313839583,0.01317591739520353
F1,RF,biomarker_01,15,275,0.7637721747893221,0.22790388339019388,0.10291260294393764,0.3421561279063074,0.011950514249046336
F1,RF,biomarker_01,16,275,0.9293834302280164,0.24698677524364496,0.1037060950188087,0.385462041215369,0.011660190547204184
F1,RF,biomarker_01,17,275,1.1258237053244722,0.2623655170301123,0.10883798809119392,0.4062824729853075,0.013228087344455648
F1,RF,biomarker_01,18,275,1.387162574831533,0.26958110328981066,0.11333046844911947,0.3836252829064841,0.017473832028727623
F1,RF,biomarker_01,19,275,2.215712820252455,0.27112834343322656,0.11514915056375605,0.37554564587519307,0.16278196280436014
F1,RF,biomarker_02,0,275,-2.0354715198024307,-0.057098506301789774,0.050880881780846356,-0.07138362848812879,0.013430224675486706
F1,RF,biomarker_02,1,275,-1.2289349057066181,-0.05835732719177208,0.04881518936820453,-0.11779134989565075,0.007442667983482419
F1,RF,biomarker_02,2,275,-0.9757507732678476,-0.05687609463013518,0.04681828578763335,-0.12971984883453508,0.005278726078950477
F1,RF,biomarker_02,3,275,-0.7918301315654728,-0.05399924835451607,0.04459012983503696,-0.1274780683299302,0.004700306120812264
F1,RF,biomarker_02,4,275,-0.6399953822240331,-0.04872555658933257,0.0391108337775191,-0.11761583600785723,0.004561654683777751
F1,RF,biomarker_02,5,275,-0.505101683467357,-0.04361274528345325,0.03652139210365188,-0.10335079195354571,0.0047756554745115995
F1,RF,biomarker_02,6,275,-0.38303422273989085,-0.03573947516757157,0.031603028193509776,-0.08615359035857142,0.005104548417065665
F1,RF,biomarker_02,7,275,-0.26725880452356227,-0.0273175832875258,0.028978637615856524,-0.06646543090088246,0.005746131507895416
F1,RF,biomarker_02,8,275,-0.15618063498821952,-0.01808087625844444,0.027740045405250022,-0.045721299445913376,0.0058737641320453044
F1,RF,biomarker_02,9,275,-0.04827904943760933,-0.009199439891019704,0.028641886955931433,-0.02366526475797636,0.006112701540078959
F1,RF,biomarker_02,10,275,0.059147406456000196,-2.44237910546284e-05,0.029014914444944046,-0.000982438429771149,0.0060847665653676
F1,RF,biomarker_02,11,275,0.16722987486938432,0.009747376090921571,0.029173267339208924,0.022185386546226846,0.00585946169644215
F1,RF,biomarker_02,12,275,0.27777602496064036,0.019671671848260155,0.03081822280438339,0.04544864108539216,0.005670406069605723
F1,RF,biomarker_02,13,275,0.39227460439128403,0.03037066741387368,0.031433686058886565,0.06839064310020254,0.005514389552632666
F1,RF,biomarker_02,14,275,0.5145739139028243,0.040701256407562794,0.03644499688852012,0.09115440958932881,0.004976460098443145
F1,RF,biomarker_02,15,275,0.6483362611051403,0.050023644262326104,0.04133370444144028,0.11248313417464584,0.004340052265655774
F1,RF,biomarker_02,16,275,0.8014106672827194,0.05680299988253448,0.04638901421004267,0.13198362737078606,0.004120737962903553
F1,RF,biomarker_02,17,275,0.9890990288461196,0.06343679529841158,0.05090567967477368,0.1464475085758363,0.004521910204260555
F1,RF,biomarker_02,18,275,1.2458007467657108,0.06862006579744682,0.056087118807997244,0.14790321482679114,0.005788967796763496
F1,RF,biomarker_02,19,275,2.0811502872786014,0.06965679974527789,0.057653836654701286,0.12433098213355297,0.06129709552814219
F2,GAM,biomarker_01,0,275,-2.039181791470795,-0.09980546313271965,0.046032106955006785,-0.21080032604109647,0.037591954375358144
F2,GAM,biomarker_01,1,275,-1.2512307825698727,-0.10442110719192793,0.04126210083291059,-0.3532861524631349,0.021297323777536
F2,GAM,biomarker_01,2,275,-0.9939674011696994,-0.10121638705664922,0.04108461849360075,-0.3917784946849285,0.015184301807857375
F2,GAM,biomarker_01,3,275,-0.8031113274198627,-0.0942275357495752,0.04043779384221405,-0.3869965770256068,0.01348099272952151
F2,GAM,biomarker_01,4,275,-0.6419224293724292,-0.08519715777408535,0.03832324654793414,-0.35774509334754484,0.014060373279031011
F2,GAM,biomarker_01,5,275,-0.49795619953753617,-0.07447692217832906,0.035101370719108,-0.3125310555070421,0.016056508898951022
F2,GAM,biomarker_01,6,275,-0.3645415819846868,-0.06259811053267986,0.03140865179627026,-0.25712286829600417,0.01654961909080075
F2,GAM,biomarker_01,7,275,-0.2391292078967016,-0.04981873863722575,0.027359971802069526,-0.1949639880380313,0.0181608091679121
F2,GAM,biomarker_01,8,275,-0.11879177844110886,-0.03599885093028204,0.023051474349473047,-0.1283008959088193,0.01942275542050157
F2,GAM,biomarker_01,9,275,-0.0012459303028711538,-0.02144867688132746,0.019908260635045145,-0.05882941837199314,0.01982554718761713
F2,GAM,biomarker_01,10,275,0.1157797220199785,-0.005943706313611008,0.018672333812963765,0.012544553128373857,0.019968224898841827
F2,GAM,biomarker_01,11,275,0.2343331398374004,0.01052053828145555,0.020143676376920893,0.08440449627712761,0.019660537469474056
F2,GAM,biomarker_01,12,275,0.3563788300879342,0.02787486298070759,0.025244674473321894,0.15559888545709114,0.01875224777779699
F2,GAM,biomarker_01,13,275,0.4834220986091506,0.045842650779813525,0.03205775447768945,0.22353013912072153,0.017091385999852597
F2,GAM,biomarker_01,14,275,0.6171951734956305,0.06404356949518829,0.038984372424239244,0.28614569404789764,0.014915570897163444
F2,GAM,biomarker_01,15,275,0.7619034468749993,0.08298844531547564,0.0458572411703638,0.3410641585430177,0.01320631100117878
F2,GAM,biomarker_01,16,275,0.9252193944325382,0.10241796925276647,0.05147937314878116,0.3839739228896985,0.012666252877016396
F2,GAM,biomarker_01,17,275,1.1218581676774753,0.12213945642584727,0.05515492314673475,0.40578429258542953,0.013909511043584602
F2,GAM,biomarker_01,18,275,1.3873903606492566,0.1403201582033149,0.055421783727398734,0.3826335641181102,0.01962240867111722
F2,GAM,biomarker_01,19,275,2.215385004343563,0.1390050056438434,0.09818866343135718,0.3766751635167336,0.1977605484425524
F2,GPR,biomarker_01,0,275,-2.039181791470795,-0.13923340793916367,0.15559580881642257,-0.21080032604109647,0.037591954375358144
F2,GPR,biomarker_01,1,275,-1.2512307825698727,-0.1759692235242064,0.16227530362982437,-0.3532861524631349,0.021297323777536
F2,GPR,biomarker_01,2,275,-0.9939674011696994,-0.18403002374819474,0.16154271623378205,-0.3917784946849285,0.015184301807857375
F2,GPR,biomarker_01,3,275,-0.8031113274198627,-0.17871511697283202,0.154900422846233,-0.3869965770256068,0.01348099272952151
F2,GPR,biomarker_01,4,275,-0.6419224293724292,-0.1644342234889484,0.1452352347406081,-0.35774509334754484,0.014060373279031011
F2,GPR,biomarker_01,5,275,-0.49795619953753617,-0.14358940276392695,0.13144671627042456,-0.3125310555070421,0.016056508898951022
F2,GPR,biomarker_01,6,275,-0.3645415819846868,-0.11825009887770588,0.11184778313566278,-0.25712286829600417,0.01654961909080075
F2,GPR,biomarker_01,7,275,-0.2391292078967016,-0.0891220617685583,0.0895733982578934,-0.1949639880380313,0.0181608091679121
F2,GPR,biomarker_01,8,275,-0.11879177844110886,-0.05747606922109735,0.06795914503590397,-0.1283008959088193,0.01942275542050157
F2,GPR,biomarker_01,9,275,-0.0012459303028711538,-0.02408931003090959,0.053793141081164904,-0.05882941837199314,0.01982554718761713
F2,GPR,biomarker_01,10,275,0.1157797220199785,0.009734490642020012,0.051932588138611284,0.012544553128373857,0.019968224898841827
F2,GPR,biomarker_01,11,275,0.2343331398374004,0.04364482992905413,0.0612831889051714,0.08440449627712761,0.019660537469474056
F2,GPR,biomarker_01,12,275,0.3563788300879342,0.07772641925766156,0.08000243758451867,0.15559888545709114,0.01875224777779699
F2,GPR,biomarker_01,13,275,0.4834220986091506,0.10970774352220086,0.10139037375179051,0.22353013912072153,0.017091385999852597
F2,GPR,biomarker_01,14,275,0.6171951734956305,0.14007979845750107,0.12556701047565763,0.28614569404789764,0.014915570897163444
F2,GPR,biomarker_01,15,275,0.7619034468749993,0.16875245127100394,0.14798171476367172,0.3410641585430177,0.01320631100117878
F2,GPR,biomarker_01,16,275,0.9252193944325382,0.19396858642405204,0.1682961102628508,0.3839739228896985,0.012666252877016396
F2,GPR,biomarker_01,17,275,1.1218581676774753,0.2128158004007026,0.1863392346223647,0.40578429258542953,0.013909511043584602
F2,GPR,biomarker_01,18,275,1.3873903606492566,0.21670082949739666,0.19894266047978174,0.3826335641181102,0.01962240867111722
F2,GPR,biomarker_01,19,275,2.215385004343563,0.10177798893395042,0.1932116053796108,0.3766751635167336,0.1977605484425524
F2,LMM,biomarker_01,0,275,-2.039181791470795,-0.357043125787193,0.44532645235546026,-0.21080032604109647,0.037591954375358144
F2,LMM,biomarker_01,1,275,-1.2512307825698727,-0.28893468266507555,0.3591788800685398,-0.3532861524631349,0.021297323777536
F2,LMM,biomarker_01,2,275,-0.9939674011696994,-0.24258260802087808,0.3011996021136802,-0.3917784946849285,0.015184301807857375
F2,LMM,biomarker_01,3,275,-0.8031113274198627,-0.20425769522423715,0.2533616198804483,-0.3869965770256068,0.01348099272952151
F2,LMM,biomarker_01,4,275,-0.6419224293724292,-0.1715812290522392,0.21208859141447003,-0.35774509334754484,0.014060373279031011
F2,LMM,biomarker_01,5,275,-0.49795619953753617,-0.14076751281598254,0.17444261361633426,-0.3125310555070421,0.016056508898951022
F2,LMM,biomarker_01,6,275,-0.3645415819846868,-0.11202579192544328,0.1392708162431409,-0.25712286829600417,0.01654961909080075
F2,LMM,biomarker_01,7,275,-0.2391292078967016,-0.08520347925891282,0.10521036453446432,-0.1949639880380313,0.0181608091679121
F2,LMM,biomarker_01,8,275,-0.11879177844110886,-0.05885092112226725,0.0729466711933447,-0.1283008959088193,0.01942275542050157
F2,LMM,biomarker_01,9,275,-0.0012459303028711538,-0.032971416076612164,0.041329180859070606,-0.05882941837199314,0.01982554718761713
F2,LMM,biomarker_01,10,275,0.1157797220199785,-0.006632854815819402,0.012387515963041771,0.012544553128373857,0.019968224898841827
F2,LMM,biomarker_01,11,275,0.2343331398374004,0.02005957209450766,0.0272782412171496,0.08440449627712761,0.019660537469474056
F2,LMM,biomarker_01,12,275,0.3563788300879342,0.048061803292431635,0.06034938884460011,0.15559888545709114,0.01875224777779699
F2,LMM,biomarker_01,13,275,0.4834220986091506,0.0770196341130581,0.09554401946717912,0.22353013912072153,0.017091385999852597
F2,LMM,biomarker_01,14,275,0.6171951734956305,0.10704032053993746,0.13305111084827714,0.28614569404789764,0.014915570897163444
F2,LMM,biomarker_01,15,275,0.7619034468749993,0.1408235051660433,0.17525477379000753,0.3410641585430177,0.01320631100117878
F2,LMM,biomarker_01,16,275,0.9252193944325382,0.17965991253983113,0.2238487528212528,0.3839739228896985,0.012666252877016396
F2,LMM,biomarker_01,17,275,1.1218581676774753,0.22876826992191027,0.2847710251123977,0.40578429258542953,0.013909511043584602
F2,LMM,biomarker_01,18,275,1.3873903606492566,0.2971375318533294,0.37064615922580907,0.3826335641181102,0.01962240867111722
F2,LMM,biomarker_01,19,275,2.215385004343563,0.6022807672436116,0.7487599748558629,0.3766751635167336,0.1977605484425524
F2,MERF,biomarker_01,0,275,-2.039181791470795,-0.1218737608930277,0.06268975306230877,-0.21080032604109647,0.037591954375358144
F2,MERF,biomarker_01,1,275,-1.2512307825698727,-0.13855594021511777,0.05819578786111364,-0.3532861524631349,0.021297323777536
F2,MERF,biomarker_01,2,275,-0.9939674011696994,-0.14675490419335727,0.061841167482669025,-0.3917784946849285,0.015184301807857375
F2,MERF,biomarker_01,3,275,-0.8031113274198627,-0.14731342604494826,0.06262367085639596,-0.3869965770256068,0.01348099272952151
F2,MERF,biomarker_01,4,275,-0.6419224293724292,-0.14214352288778087,0.06215154082744053,-0.35774509334754484,0.014060373279031011
F2,MERF,biomarker_01,5,275,-0.49795619953753617,-0.13167913679740365,0.06196868934726595,-0.3125310555070421,0.016056508898951022
F2,MERF,biomarker_01,6,275,-0.3645415819846868,-0.11593308866945169,0.06370870244265195,-0.25712286829600417,0.01654961909080075
F2,MERF,biomarker_01,7,275,-0.2391292078967016,-0.09209208547062991,0.05796134976403218,-0.1949639880380313,0.0181608091679121
F2,MERF,biomarker_01,8,275,-0.11879177844110886,-0.06292380469580364,0.06329660400274827,-0.1283008959088193,0.01942275542050157
F2,MERF,biomarker_01,9,275,-0.0012459303028711538,-0.03479356968925212,0.0643315833546668,-0.05882941837199314,0.01982554718761713
F2,MERF,biomarker_01,10,275,0.1157797220199785,-0.0013641598648880587,0.06790107974953352,0.012544553128373857,0.019968224898841827
F2,MERF,biomarker_01,11,275,0.2343331398374004,0.03353356922774593,0.06942161085285346,0.08440449627712761,0.019660537469474056
F2,MERF,biomarker_01,12,275,0.3563788300879342,0.07073475380645318,0.06910641096889486,0.15559888545709114,0.01875224777779699
F2,MERF,biomarker_01,13,275,0.4834220986091506,0.10462549839497307,0.06770820511933515,0.22353013912072153,0.017091385999852597
F2,MERF,biomarker_01,14,275,0.6171951734956305,0.1256330151828797,0.06550796761239601,0.28614569404789764,0.014915570897163444
F2,MERF,biomarker_01,15,275,0.7619034468749993,0.14540137380205834,0.06555022446584842,0.3410641585430177,0.01320631100117878
F2,MERF,biomarker_01,16,275,0.9252193944325382,0.15949872168044754,0.0715273394155259,0.3839739228896985,0.012666252877016396
F2,MERF,biomarker_01,17,275,1.1218581676774753,0.1645058958923032,0.0736864942963265,0.40578429258542953,0.013909511043584602
F2,MERF,biomarker_01,18,275,1.3873903606492566,0.16643163156895424,0.07473785459201958,0.3826335641181102,0.01962240867111722
F2,MERF,biomarker_01,19,275,2.215385004343563,0.16506293986584575,0.07536283420520884,0.3766751635167336,0.1977605484425524
F2,Mean,biomarker_01,0,275,-2.039181791470795,0.0,0.0,-0.21080032604109647,0.037591954375358144
F2,Mean,biomarker_01,1,275,-1.2512307825698727,0.0,0.0,-0.3532861524631349,0.021297323777536
F2,Mean,biomarker_01,2,275,-0.9939674011696994,0.0,0.0,-0.3917784946849285,0.015184301807857375
F2,Mean,biomarker_01,3,275,-0.8031113274198627,0.0,0.0,-0.3869965770256068,0.01348099272952151
F2,Mean,biomarker_01,4,275,-0.6419224293724292,0.0,0.0,-0.35774509334754484,0.014060373279031011
F2,Mean,biomarker_01,5,275,-0.49795619953753617,0.0,0.0,-0.3125310555070421,0.016056508898951022
F2,Mean,biomarker_01,6,275,-0.3645415819846868,0.0,0.0,-0.25712286829600417,0.01654961909080075
F2,Mean,biomarker_01,7,275,-0.2391292078967016,0.0,0.0,-0.1949639880380313,0.0181608091679121
F2,Mean,biomarker_01,8,275,-0.11879177844110886,0.0,0.0,-0.1283008959088193,0.01942275542050157
F2,Mean,biomarker_01,9,275,-0.0012459303028711538,0.0,0.0,-0.05882941837199314,0.01982554718761713
F2,Mean,biomarker_01,10,275,0.1157797220199785,0.0,0.0,0.012544553128373857,0.019968224898841827
F2,Mean,biomarker_01,11,275,0.2343331398374004,0.0,0.0,0.08440449627712761,0.019660537469474056
F2,Mean,biomarker_01,12,275,0.3563788300879342,0.0,0.0,0.15559888545709114,0.01875224777779699
F2,Mean,biomarker_01,13,275,0.4834220986091506,0.0,0.0,0.22353013912072153,0.017091385999852597
F2,Mean,biomarker_01,14,275,0.6171951734956305,0.0,0.0,0.28614569404789764,0.014915570897163444
F2,Mean,biomarker_01,15,275,0.7619034468749993,0.0,0.0,0.3410641585430177,0.01320631100117878
F2,Mean,biomarker_01,16,275,0.9252193944325382,0.0,0.0,0.3839739228896985,0.012666252877016396
F2,Mean,biomarker_01,17,275,1.1218581676774753,0.0,0.0,0.40578429258542953,0.013909511043584602
F2,Mean,biomarker_01,18,275,1.3873903606492566,0.0,0.0,0.3826335641181102,0.01962240867111722
F2,Mean,biomarker_01,19,275,2.215385004343563,0.0,0.0,0.3766751635167336,0.1977605484425524
F2,RF,biomarker_01,0,275,-2.039181791470795,-0.11839223286660755,0.053311913720787675,-0.21080032604109647,0.037591954375358144
F2,RF,biomarker_01,1,275,-1.2512307825698727,-0.13052339789202588,0.050919411434636776,-0.3532861524631349,0.021297323777536
F2,RF,biomarker_01,2,275,-0.9939674011696994,-0.13690818440436964,0.05192744666223775,-0.3917784946849285,0.015184301807857375
F2,RF,biomarker_01,3,275,-0.8031113274198627,-0.13689734741490864,0.05272098637115399,-0.3869965770256068,0.01348099272952151
F2,RF,biomarker_01,4,275,-0.6419224293724292,-0.13101173614384007,0.05282790238498119,-0.35774509334754484,0.014060373279031011
F2,RF,biomarker_01,5,275,-0.49795619953753617,-0.12061836072051102,0.052610695997331994,-0.3125310555070421,0.016056508898951022
F2,RF,biomarker_01,6,275,-0.3645415819846868,-0.10620221782140624,0.05421351891070111,-0.25712286829600417,0.01654961909080075
F2,RF,biomarker_01,7,275,-0.2391292078967016,-0.08404784951259393,0.05187270435841081,-0.1949639880380313,0.0181608091679121
F2,RF,biomarker_01,8,275,-0.11879177844110886,-0.05968240052882005,0.05462113082171769,-0.1283008959088193,0.01942275542050157
F2,RF,biomarker_01,9,275,-0.0012459303028711538,-0.0341863529011902,0.056348176626203915,-0.05882941837199314,0.01982554718761713
F2,RF,biomarker_01,10,275,0.1157797220199785,-0.003914443020883824,0.05842447179744838,0.012544553128373857,0.019968224898841827
F2,RF,biomarker_01,11,275,0.2343331398374004,0.02861389124500158,0.060119062413618474,0.08440449627712761,0.019660537469474056
F2,RF,biomarker_01,12,275,0.3563788300879342,0.06427493447567363,0.058111787284647005,0.15559888545709114,0.01875224777779699
F2,RF,biomarker_01,13,275,0.4834220986091506,0.09734081364002137,0.058385843965474776,0.22353013912072153,0.017091385999852597
F2,RF,biomarker_01,14,275,0.6171951734956305,0.11782966895755258,0.05871510847808174,0.28614569404789764,0.014915570897163444
F2,RF,biomarker_01,15,275,0.7619034468749993,0.13553255574473458,0.05956270589872411,0.3410641585430177,0.01320631100117878
F2,RF,biomarker_01,16,275,0.9252193944325382,0.14969322787491954,0.06365431489538091,0.3839739228896985,0.012666252877016396
F2,RF,biomarker_01,17,275,1.1218581676774753,0.15512141266536694,0.06624182743155302,0.40578429258542953,0.013909511043584602
F2,RF,biomarker_01,18,275,1.3873903606492566,0.15739508314357187,0.0671065959467664,0.3826335641181102,0.01962240867111722
F2,RF,biomarker_01,19,275,2.215385004343563,0.15658293548031502,0.06817435843733792,0.3766751635167336,0.1977605484425524
F3,GAM,biomarker_01,0,300,-2.0433783290448857,-0.11581675373080093,0.06455738211941799,-0.2507683841940627,0.04855899667770343
F3,GAM,biomarker_01,1,300,-1.2487053068353549,-0.13627268834651984,0.058791283358001975,-0.4150620159065588,0.027208487790304076
F3,GAM,biomarker_01,2,300,-0.9911787315976093,-0.1389997637823506,0.056511724048878546,-0.4598774242750447,0.01836777732689209
F3,GAM,biomarker_01,3,300,-0.7995956016615833,-0.13343095039238279,0.053461535438600966,-0.4536760608947255,0.015440326089659402
F3,GAM,biomarker_01,4,300,-0.6378207937791417,-0.12249850904098471,0.049503534782025294,-0.4183389011413166,0.015547686750895125
F3,GAM,biomarker_01,5,300,-0.4932499294404325,-0.10801824110131873,0.0445043102190536,-0.3652626548102478,0.017877217724227713
F3,GAM,biomarker_01,6,300,-0.3607695543459679,-0.09083101472913414,0.03943961823185842,-0.300603614705224,0.020114708002038267
F3,GAM,biomarker_01,7,300,-0.23607194060760417,-0.071378846917848,0.034304908043385346,-0.22820518177445862,0.022022875439218204
F3,GAM,biomarker_01,8,300,-0.11532213508799972,-0.04986543437885852,0.02984943208720622,-0.14935391640702464,0.02254934251632578
F3,GAM,biomarker_01,9,300,0.004071059434521611,-0.026689020004180056,0.02750466578021138,-0.06663762110720241,0.02280015020555291
F3,GAM,biomarker_01,10,300,0.12204648695771243,-0.0025305863653014163,0.02803150598458787,0.01639082153002015,0.02224117565265476
F3,GAM,biomarker_01,11,300,0.24031871966991716,0.022655105023966622,0.03176407747384367,0.09995954908467597,0.021371109100515023
F3,GAM,biomarker_01,12,300,0.361536017050179,0.048509453226753214,0.03823889916860476,0.1818384665769921,0.02054820233717514
F3,GAM,biomarker_01,13,300,0.48769754111491154,0.0749191248382672,0.04581453449555102,0.26061226637507495,0.019112782057156066
F3,GAM,biomarker_01,14,300,0.6212640302031648,0.10119400618455399,0.0538598623055832,0.33323378051787383,0.016759356731773024
F3,GAM,biomarker_01,15,300,0.7665192334317493,0.12694627077324994,0.06101196551040579,0.3972032748824096,0.01535652853232534
F3,GAM,biomarker_01,16,300,0.931004157404444,0.15103653872673958,0.06635048229678975,0.4468417159441694,0.01447961398796859
F3,GAM,biomarker_01,17,300,1.1287045210263746,0.17080912856668734,0.06792031164934959,0.4711001875429729,0.01627974608304426
F3,GAM,biomarker_01,18,300,1.3939522350787033,0.18063558490050396,0.06635053920747318,0.4428610127210184,0.022912618424724578
F3,GAM,biomarker_01,19,300,2.234975484354321,0.11962659654895802,0.11908021285974427,0.45774470004065887,0.2265939403996598
F3,GAM,biomarker_02,0,300,-2.0238863634439666,-0.10252126685846545,0.07210398731112898,-0.12410082687029032,0.022452803389653872
F3,GAM,biomarker_02,1,300,-1.21420206258598,-0.10987840212384964,0.06361586718455342,-0.19881361836546474,0.011728808052351289
F3,GAM,biomarker_02,2,300,-0.9611679185714043,-0.10688411753041877,0.05699120117485571,-0.21659645149526408,0.007265478806803719
F3,GAM,biomarker_02,3,300,-0.7763907387788758,-0.09885816265051287,0.05041402350587462,-0.21128335654460478,0.005846571289343737
F3,GAM,biomarker_02,4,300,-0.6255644513048918,-0.08836643860248891,0.044659463008926724,-0.19423918393443487,0.005934589822707517
F3,GAM,biomarker_02,5,300,-0.49370423705014777,-0.07617405698294123,0.039698220206215655,-0.17011770794386674,0.0064008935529402495
F3,GAM,biomarker_02,6,300,-0.3726924002590823,-0.06249797846137508,0.03540754577960798,-0.14105220614663463,0.0072562139600575925
F3,GAM,biomarker_02,7,300,-0.259240086046096,-0.048164283222426274,0.032120797881040906,-0.10914525959022127,0.00787846130567839
F3,GAM,biomarker_02,8,300,-0.14982226227142015,-0.03269958256430738,0.029877597100825777,-0.0741125883418929,0.008008684233713015
F3,GAM,biomarker_02,9,300,-0.04167740666846811,-0.01641442951892041,0.02866302406269527,-0.03736657980769575,0.008622378370669028
F3,GAM,biomarker_02,10,300,0.06497387283192622,0.0004455682226971681,0.028730961493923693,6.367519950122949e-05,0.009523972951933232
F3,GAM,biomarker_02,11,300,0.17204532036628092,0.017900144761960994,0.030721781881508835,0.03836534201892347,0.009596107581290772
F3,GAM,biomarker_02,12,300,0.2821113890499894,0.03586767951622239,0.03415904675227894,0.07703209688800862,0.009422189075120954
F3,GAM,biomarker_02,13,300,0.3976463820023863,0.05430158750394474,0.038982372360885066,0.1158522810043897,0.009087202906242826
F3,GAM,biomarker_02,14,300,0.5199706681554936,0.07263562186525495,0.045134634903994504,0.15296772108488785,0.00786507885650816
F3,GAM,biomarker_02,15,300,0.6533585519384887,0.09118044186500159,0.05169872805033428,0.1885955102015171,0.00722613565300683
F3,GAM,biomarker_02,16,300,0.8058835333305973,0.10960257815371972,0.05903940355366445,0.2202967359718222,0.00656000916883326
F3,GAM,biomarker_02,17,300,0.9908201533560494,0.12645922448193145,0.06590773930734092,0.24394274136857813,0.00607517707259655
F3,GAM,biomarker_02,18,300,1.2475469716475742,0.13822800121968826,0.07260487793647388,0.24619481739235208,0.008395736118907256
F3,GAM,biomarker_02,19,300,2.0625445125012143,0.09583787092528481,0.10861623422991813,0.19351685791038975,0.07291506864631456
F3,GPR,biomarker_01,0,300,-2.0433783290448857,-0.17323408272744692,0.19312852311000278,-0.2507683841940627,0.04855899667770343
F3,GPR,biomarker_01,1,300,-1.2487053068353549,-0.23054880247066875,0.19196013644260287,-0.4150620159065588,0.027208487790304076
F3,GPR,biomarker_01,2,300,-0.9911787315976093,-0.24305061913930862,0.190398434908004,-0.4598774242750447,0.01836777732689209
F3,GPR,biomarker_01,3,300,-0.7995956016615833,-0.23463791927305186,0.1831576006722931,-0.4536760608947255,0.015440326089659402
F3,GPR,biomarker_01,4,300,-0.6378207937791417,-0.2132627127304044,0.16988674946331472,-0.4183389011413166,0.015547686750895125
F3,GPR,biomarker_01,5,300,-0.4932499294404325,-0.18156389198747724,0.15265498229144084,-0.3652626548102478,0.017877217724227713
F3,GPR,biomarker_01,6,300,-0.3607695543459679,-0.14594420292267427,0.12799718125950046,-0.300603614705224,0.020114708002038267
F3,GPR,biomarker_01,7,300,-0.23607194060760417,-0.10770609210871766,0.10334700510379712,-0.22820518177445862,0.022022875439218204
F3,GPR,biomarker_01,8,300,-0.11532213508799972,-0.06777746453854022,0.0912438404049989,-0.14935391640702464,0.02254934251632578
F3,GPR,biomarker_01,9,300,0.004071059434521611,-0.027147346401620247,0.09029465918630429,-0.06663762110720241,0.02280015020555291
F3,GPR,biomarker_01,10,300,0.12204648695771243,0.015289339908080868,0.08652472982572611,0.01639082153002015,0.02224117565265476
F3,GPR,biomarker_01,11,300,0.24031871966991716,0.058411550149357935,0.08671506549415761,0.09995954908467597,0.021371109100515023
F3,GPR,biomarker_01,12,300,0.361536017050179,0.10249491012669526,0.10245826899251027,0.1818384665769921,0.02054820233717514
F3,GPR,biomarker_01,13,300,0.48769754111491154,0.1431182671104231,0.1222903579028868,0.26061226637507495,0.019112782057156066
F3,GPR,biomarker_01,14,300,0.6212640302031648,0.18298340198912066,0.14689731101184006,0.33323378051787383,0.016759356731773024
F3,GPR,biomarker_01,15,300,0.7665192334317493,0.22114235408553715,0.17796617306169488,0.3972032748824096,0.01535652853232534
F3,GPR,biomarker_01,16,300,0.931004157404444,0.2537314998869606,0.2191817075293982,0.4468417159441694,0.01447961398796859
F3,GPR,biomarker_01,17,300,1.1287045210263746,0.26909663122867394,0.23593602883400572,0.4711001875429729,0.01627974608304426
F3,GPR,biomarker_01,18,300,1.3939522350787033,0.26083460482752796,0.24759221010898402,0.4428610127210184,0.022912618424724578
F3,GPR,biomarker_01,19,300,2.234975484354321,0.11777057498753285,0.2737998750746877,0.45774470004065887,0.2265939403996598
F3,GPR,biomarker_02,0,300,-2.0238863634439666,-0.09187017844297296,0.1583467798023584,-0.12410082687029032,0.022452803389653872
F3,GPR,biomarker_02,1,300,-1.21420206258598,-0.09850956074236793,0.13764690554184278,-0.19881361836546474,0.011728808052351289
F3,GPR,biomarker_02,2,300,-0.9611679185714043,-0.09643297631287767,0.12499459364628851,-0.21659645149526408,0.007265478806803719
F3,GPR,biomarker_02,3,300,-0.7763907387788758,-0.09057105616947426,0.11554550132598838,-0.21128335654460478,0.005846571289343737
F3,GPR,biomarker_02,4,300,-0.6255644513048918,-0.07924826302681368,0.09740597917639893,-0.19423918393443487,0.005934589822707517
F3,GPR,biomarker_02,5,300,-0.49370423705014777,-0.0662558331331606,0.08224091902430757,-0.17011770794386674,0.0064008935529402495
F3,GPR,biomarker_02,6,300,-0.3726924002590823,-0.053547465435281986,0.0708212824212742,-0.14105220614663463,0.0072562139600575925
F3,GPR,biomarker_02,7,300,-0.259240086046096,-0.04090953695199275,0.059176975944498514,-0.10914525959022127,0.00787846130567839
F3,GPR,biomarker_02,8,300,-0.14982226227142015,-0.027557701598579055,0.049280813830479726,-0.0741125883418929,0.008008684233713015
F3,GPR,biomarker_02,9,300,-0.04167740666846811,-0.014212985772012535,0.043277217302686834,-0.03736657980769575,0.008622378370669028
F3,GPR,biomarker_02,10,300,0.06497387283192622,-0.0002826673685412256,0.04188747797818616,6.367519950122949e-05,0.009523972951933232
F3,GPR,biomarker_02,11,300,0.17204532036628092,0.014629787410541393,0.047429193763234394,0.03836534201892347,0.009596107581290772
F3,GPR,biomarker_02,12,300,0.2821113890499894,0.02969491938244562,0.05499878201365117,0.07703209688800862,0.009422189075120954
F3,GPR,biomarker_02,13,300,0.3976463820023863,0.044710235325831495,0.06671392705558236,0.1158522810043897,0.009087202906242826
F3,GPR,biomarker_02,14,300,0.5199706681554936,0.060174870499324865,0.08232523018918443,0.15296772108488785,0.00786507885650816
F3,GPR,biomarker_02,15,300,0.6533585519384887,0.07650790803160445,0.10203316891094875,0.1885955102015171,0.00722613565300683
F3,GPR,biomarker_02,16,300,0.8058835333305973,0.09347244501461728,0.12084257291088957,0.2202967359718222,0.00656000916883326
F3,GPR,biomarker_02,17,300,0.9908201533560494,0.11012894247706893,0.13858687089334484,0.24394274136857813,0.00607517707259655
F3,GPR,biomarker_02,18,300,1.2475469716475742,0.12545584642044624,0.15842685091601189,0.24619481739235208,0.008395736118907256
F3,GPR,biomarker_02,19,300,2.0625445125012143,0.10462327039219439,0.18722241820384652,0.19351685791038975,0.07291506864631456
F3,LMM,biomarker_01,0,300,-2.0433783290448857,-0.28677692565674656,0.21247619356406222,-0.2507683841940627,0.04855899667770343
F3,LMM,biomarker_01,1,300,-1.2487053068353549,-0.232556638354427,0.17222187783268952,-0.4150620159065588,0.027208487790304076
F3,LMM,biomarker_01,2,300,-0.9911787315976093,-0.1951107891543079,0.1443613441886661,-0.4598774242750447,0.01836777732689209
F3,LMM,biomarker_01,3,300,-0.7995956016615833,-0.16484214689401083,0.12212754089298698,-0.4536760608947255,0.015440326089659402
F3,LMM,biomarker_01,4,300,-0.6378207937791417,-0.137646678385378,0.1021236587726034,-0.4183389011413166,0.015547686750895125
F3,LMM,biomarker_01,5,300,-0.4932499294404325,-0.11324247653010419,0.08398026173859624,-0.3652626548102478,0.017877217724227713
F3,LMM,biomarker_01,6,300,-0.3607695543459679,-0.09032614795128707,0.06727467284089585,-0.300603614705224,0.020114708002038267
F3,LMM,biomarker_01,7,300,-0.23607194060760417,-0.06842163248899649,0.050917034282394295,-0.22820518177445862,0.022022875439218204
F3,LMM,biomarker_01,8,300,-0.11532213508799972,-0.046800843958150554,0.0347971171217988,-0.14935391640702464,0.02254934251632578
F3,LMM,biomarker_01,9,300,0.004071059434521611,-0.025513359337524678,0.019194870136290985,-0.06663762110720241,0.02280015020555291
F3,LMM,biomarker_01,10,300,0.12204648695771243,-0.004641454185716861,0.006517620401541793,0.01639082153002015,0.02224117565265476
F3,LMM,biomarker_01,11,300,0.24031871966991716,0.016784940197971127,0.014437816782155655,0.09995954908467597,0.021371109100515023
F3,LMM,biomarker_01,12,300,0.361536017050179,0.03882737194260186,0.029875392183817715,0.1818384665769921,0.02054820233717514
F3,LMM,biomarker_01,13,300,0.48769754111491154,0.0617876321850801,0.046536583461641426,0.26061226637507495,0.019112782057156066
F3,LMM,biomarker_01,14,300,0.6212640302031648,0.08620334938596541,0.06428898194749856,0.33323378051787383,0.016759356731773024
F3,LMM,biomarker_01,15,300,0.7665192334317493,0.11358934937449496,0.08457980800944935,0.3972032748824096,0.01535652853232534
F3,LMM,biomarker_01,16,300,0.931004157404444,0.14531861484593542,0.10831472774487846,0.4468417159441694,0.01447961398796859
F3,LMM,biomarker_01,17,300,1.1287045210263746,0.1841875004455844,0.13654655018298223,0.4711001875429729,0.01627974608304426
F3,LMM,biomarker_01,18,300,1.3939522350787033,0.2393028821885441,0.17734139591798434,0.4428610127210184,0.022912618424724578
F3,LMM,biomarker_01,19,300,2.234975484354321,0.4798774523304729,0.3575766526434505,0.45774470004065887,0.2265939403996598
F3,LMM,biomarker_02,0,300,-2.0238863634439666,-0.24257682594491684,0.15400867132279175,-0.12410082687029032,0.022452803389653872
F3,LMM,biomarker_02,1,300,-1.21420206258598,-0.19465017463446485,0.1238379760067151,-0.19881361836546474,0.011728808052351289
F3,LMM,biomarker_02,2,300,-0.9611679185714043,-0.1615934301070293,0.1029407951871758,-0.21659645149526408,0.007265478806803719
F3,LMM,biomarker_02,3,300,-0.7763907387788758,-0.13542837223113877,0.08609461728104956,-0.21128335654460478,0.005846571289343737
F3,LMM,biomarker_02,4,300,-0.6255644513048918,-0.11316445178722977,0.07209067657377151,-0.19423918393443487,0.005934589822707517
F3,LMM,biomarker_02,5,300,-0.49370423705014777,-0.09310056221137178,0.05924590912725482,-0.17011770794386674,0.0064008935529402495
F3,LMM,biomarker_02,6,300,-0.3726924002590823,-0.07422679392136554,0.04716395021477267,-0.14105220614663463,0.0072562139600575925
F3,LMM,biomarker_02,7,300,-0.259240086046096,-0.056433261912207,0.03569348897630597,-0.10914525959022127,0.00787846130567839
F3,LMM,biomarker_02,8,300,-0.14982226227142015,-0.03906726526803129,0.024881063325281737,-0.0741125883418929,0.008008684233713015
F3,LMM,biomarker_02,9,300,-0.04167740666846811,-0.021898150459884545,0.014308064652595529,-0.03736657980769575,0.008622378370669028
F3,LMM,biomarker_02,10,300,0.06497387283192622,-0.004795011675432133,0.005370322012909511,6.367519950122949e-05,0.009523972951933232
F3,LMM,biomarker_02,11,300,0.17204532036628092,0.012532066133617336,0.009468004789243417,0.03836534201892347,0.009596107581290772
F3,LMM,biomarker_02,12,300,0.2821113890499894,0.030539680144021836,0.020216164411540546,0.07703209688800862,0.009422189075120954
F3,LMM,biomarker_02,13,300,0.3976463820023863,0.049488528474628375,0.03189332508874205,0.1158522810043897,0.009087202906242826
F3,LMM,biomarker_02,14,300,0.5199706681554936,0.06956463479590523,0.044493867440557194,0.15296772108488785,0.00786507885650816
F3,LMM,biomarker_02,15,300,0.6533585519384887,0.09205243185915812,0.058801185953990816,0.1885955102015171,0.00722613565300683
F3,LMM,biomarker_02,16,300,0.8058835333305973,0.11847290634355254,0.07575743361883171,0.2202967359718222,0.00656000916883326
F3,LMM,biomarker_02,17,300,0.9908201533560494,0.15153361292145015,0.09664618753274541,0.24394274136857813,0.00607517707259655
F3,LMM,biomarker_02,18,300,1.2475469716475742,0.20064505833978524,0.12755503374937346,0.24619481739235208,0.008395736118907256
F3,LMM,biomarker_02,19,300,2.0625445125012143,0.412105381140953,0.26339402060670697,0.19351685791038975,0.07291506864631456
F3,MERF,biomarker_01,0,300,-2.0433783290448857,-0.1680829568643247,0.08167486017017904,-0.2507683841940627,0.04855899667770343
F3,MERF,biomarker_01,1,300,-1.2487053068353549,-0.1784262142494471,0.08228726840578342,-0.4150620159065588,0.027208487790304076
F3,MERF,biomarker_01,2,300,-0.9911787315976093,-0.1826668397816348,0.08384906714887187,-0.4598774242750447,0.01836777732689209
F3,MERF,biomarker_01,3,300,-0.7995956016615833,-0.1822824944534012,0.08310644600757572,-0.4536760608947255,0.015440326089659402
F3,MERF,biomarker_01,4,300,-0.6378207937791417,-0.17693166043409433,0.08161672904670302,-0.4183389011413166,0.015547686750895125
F3,MERF,biomarker_01,5,300,-0.4932499294404325,-0.16485891315914047,0.07718252161605998,-0.3652626548102478,0.017877217724227713
F3,MERF,biomarker_01,6,300,-0.3607695543459679,-0.14101613226902215,0.07431483414741984,-0.300603614705224,0.020114708002038267
F3,MERF,biomarker_01,7,300,-0.23607194060760417,-0.107860200400989,0.0757207029683102,-0.22820518177445862,0.022022875439218204
F3,MERF,biomarker_01,8,300,-0.11532213508799972,-0.0641128773432022,0.08128414113674727,-0.14935391640702464,0.02254934251632578
F3,MERF,biomarker_01,9,300,0.004071059434521611,-0.016990343575068588,0.08190692734172077,-0.06663762110720241,0.02280015020555291
F3,MERF,biomarker_01,10,300,0.12204648695771243,0.026539337823193013,0.0730302068879565,0.01639082153002015,0.02224117565265476
F3,MERF,biomarker_01,11,300,0.24031871966991716,0.058018962111232725,0.07089180725201363,0.09995954908467597,0.021371109100515023
F3,MERF,biomarker_01,12,300,0.361536017050179,0.09275804455936228,0.0705518909040629,0.1818384665769921,0.02054820233717514
F3,MERF,biomarker_01,13,300,0.48769754111491154,0.12271529985993955,0.07254990714018783,0.26061226637507495,0.019112782057156066
F3,MERF,biomarker_01,14,300,0.6212640302031648,0.15067524859996057,0.07867826071771958,0.33323378051787383,0.016759356731773024
F3,MERF,biomarker_01,15,300,0.7665192334317493,0.17246808184570572,0.08456571545414823,0.3972032748824096,0.01535652853232534
F3,MERF,biomarker_01,16,300,0.931004157404444,0.18350258633703917,0.08956179145323677,0.4468417159441694,0.01447961398796859
F3,MERF,biomarker_01,17,300,1.1287045210263746,0.19033025165362316,0.09212520132677493,0.4711001875429729,0.01627974608304426
F3,MERF,biomarker_01,18,300,1.3939522350787033,0.19341298419317626,0.09211672895847527,0.4428610127210184,0.022912618424724578
F3,MERF,biomarker_01,19,300,2.234975484354321,0.19280783554709213,0.09073405619836863,0.45774470004065887,0.2265939403996598
F3,MERF,biomarker_02,0,300,-2.0238863634439666,-0.07201429728604036,0.05419423352376722,-0.12410082687029032,0.022452803389653872
F3,MERF,biomarker_02,1,300,-1.21420206258598,-0.07391008648649912,0.05272327653166189,-0.19881361836546474,0.011728808052351289
F3,MERF,biomarker_02,2,300,-0.9611679185714043,-0.07343749255693165,0.051070661140355314,-0.21659645149526408,0.007265478806803719
F3,MERF,biomarker_02,3,300,-0.7763907387788758,-0.0697788957966316,0.04890763513185373,-0.21128335654460478,0.005846571289343737
F3,MERF,biomarker_02,4,300,-0.6255644513048918,-0.06451761462637826,0.046773221742215376,-0.19423918393443487,0.005934589822707517
F3,MERF,biomarker_02,5,300,-0.49370423705014777,-0.057118706667352095,0.043136885307817306,-0.17011770794386674,0.0064008935529402495
F3,MERF,biomarker_02,6,300,-0.3726924002590823,-0.04830291202533914,0.04107839395692663,-0.14105220614663463,0.0072562139600575925
F3,MERF,biomarker_02,7,300,-0.259240086046096,-0.03733075534398398,0.0381424633065035,-0.10914525959022127,0.00787846130567839
F3,MERF,biomarker_02,8,300,-0.14982226227142015,-0.023893656968649098,0.03674760345470718,-0.0741125883418929,0.008008684233713015
F3,MERF,biomarker_02,9,300,-0.04167740666846811,-0.009744535875503104,0.034196220866815306,-0.03736657980769575,0.008622378370669028
F3,MERF,biomarker_02,10,300,0.06497387283192622,0.005593610279358722,0.03764537872811249,6.367519950122949e-05,0.009523972951933232
F3,MERF,biomarker_02,11,300,0.17204532036628092,0.019245760137155885,0.03702471053153808,0.03836534201892347,0.009596107581290772
F3,MERF,biomarker_02,12,300,0.2821113890499894,0.03040037547915903,0.03749704996547167,0.07703209688800862,0.009422189075120954
F3,MERF,biomarker_02,13,300,0.3976463820023863,0.042090230131768075,0.03904090822953679,0.1158522810043897,0.009087202906242826
F3,MERF,biomarker_02,14,300,0.5199706681554936,0.052767995090723024,0.043130928752187235,0.15296772108488785,0.00786507885650816
F3,MERF,biomarker_02,15,300,0.6533585519384887,0.06387454437442158,0.04735779139731516,0.1885955102015171,0.00722613565300683
F3,MERF,biomarker_02,16,300,0.8058835333305973,0.07206263215882434,0.051726345229047524,0.2202967359718222,0.00656000916883326
F3,MERF,biomarker_02,17,300,0.9908201533560494,0.07784165863486121,0.05528083276146761,0.24394274136857813,0.00607517707259655
F3,MERF,biomarker_02,18,300,1.2475469716475742,0.08241461263739949,0.05799331997661737,0.24619481739235208,0.008395736118907256
F3,MERF,biomarker_02,19,300,2.0625445125012143,0.08375753470963708,0.058575138783827085,0.19351685791038975,0.07291506864631456
F3,Mean,biomarker_01,0,300,-2.0433783290448857,0.0,0.0,-0.2507683841940627,0.04855899667770343
F3,Mean,biomarker_01,1,300,-1.2487053068353549,0.0,0.0,-0.4150620159065588,0.027208487790304076
F3,Mean,biomarker_01,2,300,-0.9911787315976093,0.0,0.0,-0.4598774242750447,0.01836777732689209
F3,Mean,biomarker_01,3,300,-0.7995956016615833,0.0,0.0,-0.4536760608947255,0.015440326089659402
F3,Mean,biomarker_01,4,300,-0.6378207937791417,0.0,0.0,-0.4183389011413166,0.015547686750895125
F3,Mean,biomarker_01,5,300,-0.4932499294404325,0.0,0.0,-0.3652626548102478,0.017877217724227713
F3,Mean,biomarker_01,6,300,-0.3607695543459679,0.0,0.0,-0.300603614705224,0.020114708002038267
F3,Mean,biomarker_01,7,300,-0.23607194060760417,0.0,0.0,-0.22820518177445862,0.022022875439218204
F3,Mean,biomarker_01,8,300,-0.11532213508799972,0.0,0.0,-0.14935391640702464,0.02254934251632578
F3,Mean,biomarker_01,9,300,0.004071059434521611,0.0,0.0,-0.06663762110720241,0.02280015020555291
F3,Mean,biomarker_01,10,300,0.12204648695771243,0.0,0.0,0.01639082153002015,0.02224117565265476
F3,Mean,biomarker_01,11,300,0.24031871966991716,0.0,0.0,0.09995954908467597,0.021371109100515023
F3,Mean,biomarker_01,12,300,0.361536017050179,0.0,0.0,0.1818384665769921,0.02054820233717514
F3,Mean,biomarker_01,13,300,0.48769754111491154,0.0,0.0,0.26061226637507495,0.019112782057156066
F3,Mean,biomarker_01,14,300,0.6212640302031648,0.0,0.0,0.33323378051787383,0.016759356731773024
F3,Mean,biomarker_01,15,300,0.7665192334317493,0.0,0.0,0.3972032748824096,0.01535652853232534
F3,Mean,biomarker_01,16,300,0.931004157404444,0.0,0.0,0.4468417159441694,0.01447961398796859
F3,Mean,biomarker_01,17,300,1.1287045210263746,0.0,0.0,0.4711001875429729,0.01627974608304426
F3,Mean,biomarker_01,18,300,1.3939522350787033,0.0,0.0,0.4428610127210184,0.022912618424724578
F3,Mean,biomarker_01,19,300,2.234975484354321,0.0,0.0,0.45774470004065887,0.2265939403996598
F3,Mean,biomarker_02,0,300,-2.0238863634439666,0.0,0.0,-0.12410082687029032,0.022452803389653872
F3,Mean,biomarker_02,1,300,-1.21420206258598,0.0,0.0,-0.19881361836546474,0.011728808052351289
F3,Mean,biomarker_02,2,300,-0.9611679185714043,0.0,0.0,-0.21659645149526408,0.007265478806803719
F3,Mean,biomarker_02,3,300,-0.7763907387788758,0.0,0.0,-0.21128335654460478,0.005846571289343737
F3,Mean,biomarker_02,4,300,-0.6255644513048918,0.0,0.0,-0.19423918393443487,0.005934589822707517
F3,Mean,biomarker_02,5,300,-0.49370423705014777,0.0,0.0,-0.17011770794386674,0.0064008935529402495
F3,Mean,biomarker_02,6,300,-0.3726924002590823,0.0,0.0,-0.14105220614663463,0.0072562139600575925
F3,Mean,biomarker_02,7,300,-0.259240086046096,0.0,0.0,-0.10914525959022127,0.00787846130567839
F3,Mean,biomarker_02,8,300,-0.14982226227142015,0.0,0.0,-0.0741125883418929,0.008008684233713015
F3,Mean,biomarker_02,9,300,-0.04167740666846811,0.0,0.0,-0.03736657980769575,0.008622378370669028
F3,Mean,biomarker_02,10,300,0.06497387283192622,0.0,0.0,6.367519950122949e-05,0.009523972951933232
F3,Mean,biomarker_02,11,300,0.17204532036628092,0.0,0.0,0.03836534201892347,0.009596107581290772
F3,Mean,biomarker_02,12,300,0.2821113890499894,0.0,0.0,0.07703209688800862,0.009422189075120954
F3,Mean,biomarker_02,13,300,0.3976463820023863,0.0,0.0,0.1158522810043897,0.009087202906242826
F3,Mean,biomarker_02,14,300,0.5199706681554936,0.0,0.0,0.15296772108488785,0.00786507885650816
F3,Mean,biomarker_02,15,300,0.6533585519384887,0.0,0.0,0.1885955102015171,0.00722613565300683
F3,Mean,biomarker_02,16,300,0.8058835333305973,0.0,0.0,0.2202967359718222,0.00656000916883326
F3,Mean,biomarker_02,17,300,0.9908201533560494,0.0,0.0,0.24394274136857813,0.00607517707259655
F3,Mean,biomarker_02,18,300,1.2475469716475742,0.0,0.0,0.24619481739235208,0.008395736118907256
F3,Mean,biomarker_02,19,300,2.0625445125012143,0.0,0.0,0.19351685791038975,0.07291506864631456
F3,RF,biomarker_01,0,300,-2.0433783290448857,-0.15964925277970848,0.08118998083992209,-0.2507683841940627,0.04855899667770343
F3,RF,biomarker_01,1,300,-1.2487053068353549,-0.16964759148186823,0.07829051472955705,-0.4150620159065588,0.027208487790304076
F3,RF,biomarker_01,2,300,-0.9911787315976093,-0.1725637472478994,0.07893316519465751,-0.4598774242750447,0.01836777732689209
F3,RF,biomarker_01,3,300,-0.7995956016615833,-0.17198398560458558,0.07841955994502492,-0.4536760608947255,0.015440326089659402
F3,RF,biomarker_01,4,300,-0.6378207937791417,-0.16640821836231368,0.07776527225613865,-0.4183389011413166,0.015547686750895125
F3,RF,biomarker_01,5,300,-0.4932499294404325,-0.15272253967376334,0.07479796084376919,-0.3652626548102478,0.017877217724227713
F3,RF,biomarker_01,6,300,-0.3607695543459679,-0.13054392730734563,0.07176361627951137,-0.300603614705224,0.020114708002038267
F3,RF,biomarker_01,7,300,-0.23607194060760417,-0.09845380084213104,0.07208492102512044,-0.22820518177445862,0.022022875439218204
F3,RF,biomarker_01,8,300,-0.11532213508799972,-0.05315494875730049,0.0755530969505921,-0.14935391640702464,0.02254934251632578
F3,RF,biomarker_01,9,300,0.004071059434521611,-0.011011544861216685,0.0725935675748721,-0.06663762110720241,0.02280015020555291
F3,RF,biomarker_01,10,300,0.12204648695771243,0.025180226313191556,0.06663472532829492,0.01639082153002015,0.02224117565265476
F3,RF,biomarker_01,11,300,0.24031871966991716,0.05325448971901857,0.06375604256562424,0.09995954908467597,0.021371109100515023
F3,RF,biomarker_01,12,300,0.361536017050179,0.08391835639381667,0.06375134759261665,0.1818384665769921,0.02054820233717514
F3,RF,biomarker_01,13,300,0.48769754111491154,0.11074705341285582,0.06499233533910999,0.26061226637507495,0.019112782057156066
F3,RF,biomarker_01,14,300,0.6212640302031648,0.1383985368832177,0.07498065855473643,0.33323378051787383,0.016759356731773024
F3,RF,biomarker_01,15,300,0.7665192334317493,0.15960838905467242,0.08211645367703223,0.3972032748824096,0.01535652853232534
F3,RF,biomarker_01,16,300,0.931004157404444,0.1708620496988923,0.08413559162774215,0.4468417159441694,0.01447961398796859
F3,RF,biomarker_01,17,300,1.1287045210263746,0.17883739985614372,0.08678857993422644,0.4711001875429729,0.01627974608304426
F3,RF,biomarker_01,18,300,1.3939522350787033,0.18286271714193372,0.08903470569862183,0.4428610127210184,0.022912618424724578
F3,RF,biomarker_01,19,300,2.234975484354321,0.18247033844439006,0.08908230435364968,0.45774470004065887,0.2265939403996598
F3,RF,biomarker_02,0,300,-2.0238863634439666,-0.08128958762018364,0.060966357410607096,-0.12410082687029032,0.022452803389653872
F3,RF,biomarker_02,1,300,-1.21420206258598,-0.08158443936320717,0.060061840020013614,-0.19881361836546474,0.011728808052351289
F3,RF,biomarker_02,2,300,-0.9611679185714043,-0.08067405027129784,0.05786171356256123,-0.21659645149526408,0.007265478806803719
F3,RF,biomarker_02,3,300,-0.7763907387788758,-0.07546040096456441,0.0530886847019791,-0.21128335654460478,0.005846571289343737
F3,RF,biomarker_02,4,300,-0.6255644513048918,-0.06888558785768459,0.04944504178907914,-0.19423918393443487,0.005934589822707517
F3,RF,biomarker_02,5,300,-0.49370423705014777,-0.0611535807823597,0.04684605541481376,-0.17011770794386674,0.0064008935529402495
F3,RF,biomarker_02,6,300,-0.3726924002590823,-0.05241791506073645,0.04479469847171755,-0.14105220614663463,0.0072562139600575925
F3,RF,biomarker_02,7,300,-0.259240086046096,-0.03976436962952047,0.04000718142720399,-0.10914525959022127,0.00787846130567839
F3,RF,biomarker_02,8,300,-0.14982226227142015,-0.022737531512194403,0.036412089881804555,-0.0741125883418929,0.008008684233713015
F3,RF,biomarker_02,9,300,-0.04167740666846811,-0.007614990659373075,0.03501751881436517,-0.03736657980769575,0.008622378370669028
F3,RF,biomarker_02,10,300,0.06497387283192622,0.008042940556559755,0.03596230721622364,6.367519950122949e-05,0.009523972951933232
F3,RF,biomarker_02,11,300,0.17204532036628092,0.022424402710615594,0.03716639990055581,0.03836534201892347,0.009596107581290772
F3,RF,biomarker_02,12,300,0.2821113890499894,0.03303867682480586,0.03837736295498283,0.07703209688800862,0.009422189075120954
F3,RF,biomarker_02,13,300,0.3976463820023863,0.04526644695779964,0.04097210856279836,0.1158522810043897,0.009087202906242826
F3,RF,biomarker_02,14,300,0.5199706681554936,0.05629986277695525,0.04612462223972751,0.15296772108488785,0.00786507885650816
F3,RF,biomarker_02,15,300,0.6533585519384887,0.06735449979460625,0.05013240436648122,0.1885955102015171,0.00722613565300683
F3,RF,biomarker_02,16,300,0.8058835333305973,0.0772252458291579,0.05537704087296103,0.2202967359718222,0.00656000916883326
F3,RF,biomarker_02,17,300,0.9908201533560494,0.08375638733893948,0.05875740474650141,0.24394274136857813,0.00607517707259655
F3,RF,biomarker_02,18,300,1.2475469716475742,0.08827191674399266,0.06099252731845684,0.24619481739235208,0.008395736118907256
F3,RF,biomarker_02,19,300,2.0625445125012143,0.08990207418768935,0.061742809567732426,0.19351685791038975,0.07291506864631456
S1,GAM,biomarker_01,0,200,-2.0239606972458257,-0.5459096985663408,0.22022376472065186,-0.9619403885792457,0.03229526109705995
S1,GAM,biomarker_01,1,200,-1.2489410027492545,-0.4708777061561251,0.17933900638173306,-0.7794633104605405,0.023769540478893274
S1,GAM,biomarker_01,2,200,-0.9917828009139227,-0.406489598486386,0.1506817818644897,-0.6533505463768475,0.02056274385482087
S1,GAM,biomarker_01,3,200,-0.8024040846497908,-0.34826897128389944,0.1280262956510087,-0.5522088509435823,0.018321249607251216
S1,GAM,biomarker_01,4,200,-0.642334188859192,-0.29150243574501145,0.1076722490470239,-0.461266671428129,0.018569019838329662
S1,GAM,biomarker_01,5,200,-0.49887134452530224,-0.23770660780550557,0.08915310802567167,-0.38005343774291445,0.017221167979268592
S1,GAM,biomarker_01,6,200,-0.36695696629438834,-0.185269927321636,0.07439268867175931,-0.30296941755103235,0.018318907405045624
S1,GAM,biomarker_01,7,200,-0.2414497250504866,-0.13364049769567213,0.06067409995569634,-0.22944474825023234,0.017978921625211766
S1,GAM,biomarker_01,8,200,-0.12165047932128005,-0.08305182349847971,0.047688116981152634,-0.15921032267598448,0.017900144105789544
S1,GAM,biomarker_01,9,200,-0.0037453401560718063,-0.03149279276080915,0.03871565643084328,-0.08795858125198239,0.017559742119544388
S1,GAM,biomarker_01,10,200,0.11488186048512114,0.02010596710809833,0.03679271163566619,-0.01685768190655285,0.016696428292556388
S1,GAM,biomarker_01,11,200,0.2340253966932207,0.07168174777382431,0.04259791076165534,0.055013662197737026,0.017219847730898713
S1,GAM,biomarker_01,12,200,0.35601833186405085,0.12478429664114675,0.055125585828760704,0.12953384029844334,0.01848159074056616
S1,GAM,biomarker_01,13,200,0.48388810689168127,0.1790257204479291,0.07034530291962114,0.20845739223089346,0.018730704866932332
S1,GAM,biomarker_01,14,200,0.6182510199049709,0.2334213992711902,0.08700350688160952,0.29076933591439097,0.0179811502416776
S1,GAM,biomarker_01,15,200,0.7631297179738161,0.29081044584425914,0.10633731079924297,0.38231182991350765,0.02002989031364483
S1,GAM,biomarker_01,16,200,0.9284417607489419,0.352754782329018,0.12972323471282385,0.48914378724454194,0.02160372563550921
S1,GAM,biomarker_01,17,200,1.1258361368901055,0.41876882217449585,0.15653892052440063,0.6191850812829042,0.02562456504763511
S1,GAM,biomarker_01,18,200,1.3874142840135193,0.4919506159712582,0.19445788301536684,0.8030375637926384,0.0331471438401029
S1,GAM,biomarker_01,19,200,2.210819603187755,0.5509062617586454,0.3104161857638079,1.6072714642919874,0.167997527464197
S1,GPR,biomarker_01,0,200,-2.0239606972458257,-0.8233755616264931,0.15446122248532687,-0.9619403885792457,0.03229526109705995
S1,GPR,biomarker_01,1,200,-1.2489410027492545,-0.6925568214916911,0.1229963003384933,-0.7794633104605405,0.023769540478893274
S1,GPR,biomarker_01,2,200,-0.9917828009139227,-0.5897750116486552,0.10476821536354503,-0.6533505463768475,0.02056274385482087
S1,GPR,biomarker_01,3,200,-0.8024040846497908,-0.49986725749285454,0.09154501161540983,-0.5522088509435823,0.018321249607251216
S1,GPR,biomarker_01,4,200,-0.642334188859192,-0.4145415790695119,0.08555557639715285,-0.461266671428129,0.018569019838329662
S1,GPR,biomarker_01,5,200,-0.49887134452530224,-0.3380504100264287,0.07507603464133189,-0.38005343774291445,0.017221167979268592
S1,GPR,biomarker_01,6,200,-0.36695696629438834,-0.26456106506932187,0.06604821941518002,-0.30296941755103235,0.018318907405045624
S1,GPR,biomarker_01,7,200,-0.2414497250504866,-0.1920970299661916,0.06017568384135272,-0.22944474825023234,0.017978921625211766
S1,GPR,biomarker_01,8,200,-0.12165047932128005,-0.12112742948139928,0.055203404018701295,-0.15921032267598448,0.017900144105789544
S1,GPR,biomarker_01,9,200,-0.0037453401560718063,-0.04891834371672154,0.05187901805868254,-0.08795858125198239,0.017559742119544388
S1,GPR,biomarker_01,10,200,0.11488186048512114,0.024277820020456323,0.055562353439422243,-0.01685768190655285,0.016696428292556388
S1,GPR,biomarker_01,11,200,0.2340253966932207,0.09620130164007575,0.05937596844380168,0.055013662197737026,0.017219847730898713
S1,GPR,biomarker_01,12,200,0.35601833186405085,0.16835115867373027,0.05748777706969249,0.12953384029844334,0.01848159074056616
S1,GPR,biomarker_01,13,200,0.48388810689168127,0.24452291793548916,0.06326051042539974,0.20845739223089346,0.018730704866932332
S1,GPR,biomarker_01,14,200,0.6182510199049709,0.32200128952110324,0.07030110993312697,0.29076933591439097,0.0179811502416776
S1,GPR,biomarker_01,15,200,0.7631297179738161,0.40876634709835047,0.08313719167005025,0.38231182991350765,0.02002989031364483
S1,GPR,biomarker_01,16,200,0.9284417607489419,0.5008054021218101,0.09629375769118972,0.48914378724454194,0.02160372563550921
S1,GPR,biomarker_01,17,200,1.1258361368901055,0.6044134762008456,0.1159619610863429,0.6191850812829042,0.02562456504763511
S1,GPR,biomarker_01,18,200,1.3874142840135193,0.7284607391048158,0.1466707177906597,0.8030375637926384,0.0331471438401029
S1,GPR,biomarker_01,19,200,2.210819603187755,0.8870700572725919,0.37651347777591393,1.6072714642919874,0.167997527464197
S1,LMM,biomarker_01,0,200,-2.0239606972458257,-0.9487046329659929,0.11246067392938462,-0.9619403885792457,0.03229526109705995
S1,LMM,biomarker_01,1,200,-1.2489410027492545,-0.7690049348970848,0.09281243198361529,-0.7794633104605405,0.023769540478893274
S1,LMM,biomarker_01,2,200,-0.9917828009139227,-0.6445409224108125,0.0773808454908837,-0.6533505463768475,0.02056274385482087
S1,LMM,biomarker_01,3,200,-0.8024040846497908,-0.5447347402775194,0.06529054664610316,-0.5522088509435823,0.018321249607251216
S1,LMM,biomarker_01,4,200,-0.642334188859192,-0.45507654475408027,0.05590029417709617,-0.461266671428129,0.018569019838329662
S1,LMM,biomarker_01,5,200,-0.49887134452530224,-0.37487937374237956,0.046184624683854696,-0.38005343774291445,0.017221167979268592
S1,LMM,biomarker_01,6,200,-0.36695696629438834,-0.2989284545739703,0.039594295057593154,-0.30296941755103235,0.018318907405045624
S1,LMM,biomarker_01,7,200,-0.2414497250504866,-0.22639939478761953,0.03213594182359811,-0.22944474825023234,0.017978921625211766
S1,LMM,biomarker_01,8,200,-0.12165047932128005,-0.15707533037567292,0.025438781409073904,-0.15921032267598448,0.017900144105789544
S1,LMM,biomarker_01,9,200,-0.0037453401560718063,-0.08679036925184487,0.0201712401883768,-0.08795858125198239,0.017559742119544388
S1,LMM,biomarker_01,10,200,0.11488186048512114,-0.016537581794218242,0.01665554999489123,-0.01685768190655285,0.016696428292556388
S1,LMM,biomarker_01,11,200,0.2340253966932207,0.05435032079186836,0.01855695219615625,0.055013662197737026,0.017219847730898713
S1,LMM,biomarker_01,12,200,0.35601833186405085,0.12789895427836506,0.02419601488074441,0.12953384029844334,0.01848159074056616
S1,LMM,biomarker_01,13,200,0.48388810689168127,0.20578264037285954,0.030992172291864753,0.20845739223089346,0.018730704866932332
S1,LMM,biomarker_01,14,200,0.6182510199049709,0.28699553397770416,0.03872876128097205,0.29076933591439097,0.0179811502416776
S1,LMM,biomarker_01,15,200,0.7631297179738161,0.37711157524915495,0.04757045992453884,0.38231182991350765,0.02002989031364483
S1,LMM,biomarker_01,16,200,0.9284417607489419,0.48258150452401666,0.06016992248965311,0.48914378724454194,0.02160372563550921
S1,LMM,biomarker_01,17,200,1.1258361368901055,0.6108832792325809,0.07535879899767407,0.6191850812829042,0.02562456504763511
S1,LMM,biomarker_01,18,200,1.3874142840135193,0.7925614429118208,0.09963493068259527,0.8030375637926384,0.0331471438401029
S1,LMM,biomarker_01,19,200,2.210819603187755,1.5845070284928253,0.24246105296503656,1.6072714642919874,0.167997527464197
S1,MERF,biomarker_01,0,200,-2.0239606972458257,-0.6765630177064526,0.14374063187393835,-0.9619403885792457,0.03229526109705995
S1,MERF,biomarker_01,1,200,-1.2489410027492545,-0.5965315269671488,0.12064166571749066,-0.7794633104605405,0.023769540478893274
S1,MERF,biomarker_01,2,200,-0.9917828009139227,-0.5122049830359995,0.11477210760084065,-0.6533505463768475,0.02056274385482087
S1,MERF,biomarker_01,3,200,-0.8024040846497908,-0.44459906623144035,0.10896082707998346,-0.5522088509435823,0.018321249607251216
S1,MERF,biomarker_01,4,200,-0.642334188859192,-0.38018539727682643,0.10714010155330249,-0.461266671428129,0.018569019838329662
S1,MERF,biomarker_01,5,200,-0.49887134452530224,-0.3202815947537852,0.09794141318715643,-0.38005343774291445,0.017221167979268592
S1,MERF,biomarker_01,6,200,-0.36695696629438834,-0.2562017409686726,0.10034064194854284,-0.30296941755103235,0.018318907405045624
S1,MERF,biomarker_01,7,200,-0.2414497250504866,-0.18307931811819145,0.11655036908385297,-0.22944474825023234,0.017978921625211766
S1,MERF,biomarker_01,8,200,-0.12165047932128005,-0.10515932072648465,0.12396668700514926,-0.15921032267598448,0.017900144105789544
S1,MERF,biomarker_01,9,200,-0.0037453401560718063,-0.02884827722111754,0.12463808742325361,-0.08795858125198239,0.017559742119544388
S1,MERF,biomarker_01,10,200,0.11488186048512114,0.04689865420476097,0.12783408182106262,-0.01685768190655285,0.016696428292556388
S1,MERF,biomarker_01,11,200,0.2340253966932207,0.10908707107593418,0.12135599059317058,0.055013662197737026,0.017219847730898713
S1,MERF,biomarker_01,12,200,0.35601833186405085,0.18565443512683458,0.1111292464033007,0.12953384029844334,0.01848159074056616
S1,MERF,biomarker_01,13,200,0.48388810689168127,0.25647508924073575,0.10442597661579778,0.20845739223089346,0.018730704866932332
S1,MERF,biomarker_01,14,200,0.6182510199049709,0.31903908946582304,0.09976865657743926,0.29076933591439097,0.0179811502416776
S1,MERF,biomarker_01,15,200,0.7631297179738161,0.3912728579268539,0.09692728287936883,0.38231182991350765,0.02002989031364483
S1,MERF,biomarker_01,16,200,0.9284417607489419,0.4520567811771018,0.10515443438103847,0.48914378724454194,0.02160372563550921
S1,MERF,biomarker_01,17,200,1.1258361368901055,0.5204007733140896,0.1172090299275404,0.6191850812829042,0.02562456504763511
S1,MERF,biomarker_01,18,200,1.3874142840135193,0.59055405776581,0.13994116796361125,0.8030375637926384,0.0331471438401029
S1,MERF,biomarker_01,19,200,2.210819603187755,0.6322154337081755,0.15456891728227523,1.6072714642919874,0.167997527464197
S1,Mean,biomarker_01,0,200,-2.0239606972458257,0.0,0.0,-0.9619403885792457,0.03229526109705995
S1,Mean,biomarker_01,1,200,-1.2489410027492545,0.0,0.0,-0.7794633104605405,0.023769540478893274
S1,Mean,biomarker_01,2,200,-0.9917828009139227,0.0,0.0,-0.6533505463768475,0.02056274385482087
S1,Mean,biomarker_01,3,200,-0.8024040846497908,0.0,0.0,-0.5522088509435823,0.018321249607251216
S1,Mean,biomarker_01,4,200,-0.642334188859192,0.0,0.0,-0.461266671428129,0.018569019838329662
S1,Mean,biomarker_01,5,200,-0.49887134452530224,0.0,0.0,-0.38005343774291445,0.017221167979268592
S1,Mean,biomarker_01,6,200,-0.36695696629438834,0.0,0.0,-0.30296941755103235,0.018318907405045624
S1,Mean,biomarker_01,7,200,-0.2414497250504866,0.0,0.0,-0.22944474825023234,0.017978921625211766
S1,Mean,biomarker_01,8,200,-0.12165047932128005,0.0,0.0,-0.15921032267598448,0.017900144105789544
S1,Mean,biomarker_01,9,200,-0.0037453401560718063,0.0,0.0,-0.08795858125198239,0.017559742119544388
S1,Mean,biomarker_01,10,200,0.11488186048512114,0.0,0.0,-0.01685768190655285,0.016696428292556388
S1,Mean,biomarker_01,11,200,0.2340253966932207,0.0,0.0,0.055013662197737026,0.017219847730898713
S1,Mean,biomarker_01,12,200,0.35601833186405085,0.0,0.0,0.12953384029844334,0.01848159074056616
S1,Mean,biomarker_01,13,200,0.48388810689168127,0.0,0.0,0.20845739223089346,0.018730704866932332
S1,Mean,biomarker_01,14,200,0.6182510199049709,0.0,0.0,0.29076933591439097,0.0179811502416776
S1,Mean,biomarker_01,15,200,0.7631297179738161,0.0,0.0,0.38231182991350765,0.02002989031364483
S1,Mean,biomarker_01,16,200,0.9284417607489419,0.0,0.0,0.48914378724454194,0.02160372563550921
S1,Mean,biomarker_01,17,200,1.1258361368901055,0.0,0.0,0.6191850812829042,0.02562456504763511
S1,Mean,biomarker_01,18,200,1.3874142840135193,0.0,0.0,0.8030375637926384,0.0331471438401029
S1,Mean,biomarker_01,19,200,2.210819603187755,0.0,0.0,1.6072714642919874,0.167997527464197
S1,RF,biomarker_01,0,200,-2.0239606972458257,-0.6688607096328455,0.1596332174219045,-0.9619403885792457,0.03229526109705995
S1,RF,biomarker_01,1,200,-1.2489410027492545,-0.5970582461744829,0.13520689395770014,-0.7794633104605405,0.023769540478893274
S1,RF,biomarker_01,2,200,-0.9917828009139227,-0.520421922380839,0.1245643387371246,-0.6533505463768475,0.02056274385482087
S1,RF,biomarker_01,3,200,-0.8024040846497908,-0.4491697380568226,0.11775963146937829,-0.5522088509435823,0.018321249607251216
S1,RF,biomarker_01,4,200,-0.642334188859192,-0.38168409736229103,0.11332901641685113,-0.461266671428129,0.018569019838329662
S1,RF,biomarker_01,5,200,-0.49887134452530224,-0.31819205194756484,0.10533944211597854,-0.38005343774291445,0.017221167979268592
S1,RF,biomarker_01,6,200,-0.36695696629438834,-0.2507418703679981,0.10676387194494133,-0.30296941755103235,0.018318907405045624
S1,RF,biomarker_01,7,200,-0.2414497250504866,-0.17559168300349925,0.12121264078147446,-0.22944474825023234,0.017978921625211766
S1,RF,biomarker_01,8,200,-0.12165047932128005,-0.1035136193843118,0.1224648306279739,-0.15921032267598448,0.017900144105789544
S1,RF,biomarker_01,9,200,-0.0037453401560718063,-0.03332396331100575,0.12721672148407775,-0.08795858125198239,0.017559742119544388
S1,RF,biomarker_01,10,200,0.11488186048512114,0.04328696738308728,0.12749855828366333,-0.01685768190655285,0.016696428292556388
S1,RF,biomarker_01,11,200,0.2340253966932207,0.10832042392469153,0.1217171138880541,0.055013662197737026,0.017219847730898713
S1,RF,biomarker_01,12,200,0.35601833186405085,0.17951541917661729,0.11154634456800815,0.12953384029844334,0.01848159074056616
S1,RF,biomarker_01,13,200,0.48388810689168127,0.25376343350171915,0.10434130365467142,0.20845739223089346,0.018730704866932332
S1,RF,biomarker_01,14,200,0.6182510199049709,0.3209430489832337,0.10979563046970789,0.29076933591439097,0.0179811502416776
S1,RF,biomarker_01,15,200,0.7631297179738161,0.3908602352812728,0.10523684520954618,0.38231182991350765,0.02002989031364483
S1,RF,biomarker_01,16,200,0.9284417607489419,0.45097926728266186,0.11172364598629199,0.48914378724454194,0.02160372563550921
S1,RF,biomarker_01,17,200,1.1258361368901055,0.5217347094962066,0.13045949723927536,0.6191850812829042,0.02562456504763511
S1,RF,biomarker_01,18,200,1.3874142840135193,0.5944884766239731,0.16112214038774414,0.8030375637926384,0.0331471438401029
S1,RF,biomarker_01,19,200,2.210819603187755,0.6346659199681973,0.17950077339347123,1.6072714642919874,0.167997527464197
S2,GAM,biomarker_01,0,200,-2.0326314682090554,-0.34526325935424124,0.12688902790467793,-0.41264328309026976,0.08501287438563004
S2,GAM,biomarker_01,1,200,-1.2572539212537297,-0.4198943752911819,0.10620851625047645,-0.7015535152916081,0.04755118536931707
S2,GAM,biomarker_01,2,200,-0.9985596976265828,-0.4299702859467927,0.10283526519253529,-0.7819089996594849,0.03354835796128074
S2,GAM,biomarker_01,3,200,-0.8067730520658877,-0.40994383174162125,0.09743907632691043,-0.7734645200422016,0.02745160046415231
S2,GAM,biomarker_01,4,200,-0.6464832516622792,-0.3734129289111386,0.09045964323047405,-0.7166227278052949,0.027068232116923472
S2,GAM,biomarker_01,5,200,-0.5031356626438703,-0.32552289054581124,0.080437266715987,-0.6278679019454121,0.028959717076453336
S2,GAM,biomarker_01,6,200,-0.3695891927067405,-0.26918148075923765,0.06856008710610159,-0.5169549429300795,0.03302080012244085
S2,GAM,biomarker_01,7,200,-0.2433894062663167,-0.20693625387797504,0.0571468771311921,-0.3927081408280888,0.037119361450655024
S2,GAM,biomarker_01,8,200,-0.12168895451271737,-0.13882147342340892,0.047925710728424026,-0.25721552435168765,0.039447900309422974
S2,GAM,biomarker_01,9,200,-0.0024858946945101553,-0.06754508198050231,0.04360107462397097,-0.11713919811070587,0.041170213255003356
S2,GAM,biomarker_01,10,200,0.11529303763637853,0.00715825475949365,0.04504105029241122,0.026026766619507508,0.04173947452015703
S2,GAM,biomarker_01,11,200,0.23384793999705863,0.08412717389619964,0.05079446695451806,0.16917446899506391,0.04045874451838972
S2,GAM,biomarker_01,12,200,0.3552916699026987,0.16321736184898644,0.06021739428231371,0.31078277063648235,0.03667000841397411
S2,GAM,biomarker_01,13,200,0.4819225946529733,0.2428093815761312,0.07216396201942679,0.446706527540394,0.033382861836528
S2,GAM,biomarker_01,14,200,0.6160429066916582,0.32155964108833873,0.08306445899787919,0.5727445239134829,0.030280159899099938
S2,GAM,biomarker_01,15,200,0.7621030803035643,0.3980986477135351,0.09382589154424997,0.6838603958762576,0.027027133957879545
S2,GAM,biomarker_01,16,200,0.9267471975091623,0.4680295332420916,0.10276021051223057,0.7697147219384128,0.02575721540134493
S2,GAM,biomarker_01,17,200,1.12293271207553,0.5228526044145142,0.10929722356837826,0.8129782738650075,0.03020627929837475
S2,GAM,biomarker_01,18,200,1.3873963945947232,0.537953521451157,0.11857312321814051,0.7668846273814219,0.040797866673258985
S2,GAM,biomarker_01,19,200,2.208742001997648,0.2406857418414632,0.24817552619298242,0.7392056772888032,0.3779569735958496
S2,GPR,biomarker_01,0,200,-2.0326314682090554,-0.4000118584472539,0.19693401621247536,-0.41264328309026976,0.08501287438563004
S2,GPR,biomarker_01,1,200,-1.2572539212537297,-0.6105038757040353,0.1617668520040681,-0.7015535152916081,0.04755118536931707
S2,GPR,biomarker_01,2,200,-0.9985596976265828,-0.6749388647433139,0.14439742360581784,-0.7819089996594849,0.03354835796128074
S2,GPR,biomarker_01,3,200,-0.8067730520658877,-0.6698892855730938,0.12865648911928107,-0.7734645200422016,0.02745160046415231
S2,GPR,biomarker_01,4,200,-0.6464832516622792,-0.6242060054324733,0.11967716001589182,-0.7166227278052949,0.027068232116923472
S2,GPR,biomarker_01,5,200,-0.5031356626438703,-0.5492037751569928,0.11279045072600204,-0.6278679019454121,0.028959717076453336
S2,GPR,biomarker_01,6,200,-0.3695891927067405,-0.4522414284264707,0.10943985258896356,-0.5169549429300795,0.03302080012244085
S2,GPR,biomarker_01,7,200,-0.2433894062663167,-0.3420581144905082,0.10057138799102312,-0.3927081408280888,0.037119361450655024
S2,GPR,biomarker_01,8,200,-0.12168895451271737,-0.21946578436328956,0.09260325020976083,-0.25721552435168765,0.039447900309422974
S2,GPR,biomarker_01,9,200,-0.0024858946945101553,-0.09058389271192739,0.08697023663483514,-0.11713919811070587,0.041170213255003356
S2,GPR,biomarker_01,10,200,0.11529303763637853,0.04390572612799099,0.08741245951183742,0.026026766619507508,0.04173947452015703
S2,GPR,biomarker_01,11,200,0.23384793999705863,0.17414830414403037,0.0950386686864209,0.16917446899506391,0.04045874451838972
S2,GPR,biomarker_01,12,200,0.3552916699026987,0.3002013748846982,0.09992352356179181,0.31078277063648235,0.03667000841397411
S2,GPR,biomarker_01,13,200,0.4819225946529733,0.42121324853586123,0.11011843935239099,0.446706527540394,0.033382861836528
S2,GPR,biomarker_01,14,200,0.6160429066916582,0.5347609492591152,0.12507715998188187,0.5727445239134829,0.030280159899099938
S2,GPR,biomarker_01,15,200,0.7621030803035643,0.6330254697443872,0.13309511930088236,0.6838603958762576,0.027027133957879545
S2,GPR,biomarker_01,16,200,0.9267471975091623,0.7182801326719942,0.13933065958727162,0.7697147219384128,0.02575721540134493
S2,GPR,biomarker_01,17,200,1.12293271207553,0.7718826514774844,0.15969354375238914,0.8129782738650075,0.03020627929837475
S2,GPR,biomarker_01,18,200,1.3873963945947232,0.7479630636478273,0.19654587467037196,0.7668846273814219,0.040797866673258985
S2,GPR,biomarker_01,19,200,2.208742001997648,0.2877219645559697,0.3094626981059584,0.7392056772888032,0.3779569735958496
S2,LMM,biomarker_01,0,200,-2.0326314682090554,-0.7487900503665226,0.16160771729661957,-0.41264328309026976,0.08501287438563004
S2,LMM,biomarker_01,1,200,-1.2572539212537297,-0.6068300412658564,0.13024359459561574,-0.7015535152916081,0.04755118536931707
S2,LMM,biomarker_01,2,200,-0.9985596976265828,-0.508103468568192,0.10877439158299536,-0.7819089996594849,0.03354835796128074
S2,LMM,biomarker_01,3,200,-0.8067730520658877,-0.4283732788898302,0.09192403874388294,-0.7734645200422016,0.02745160046415231
S2,LMM,biomarker_01,4,200,-0.6464832516622792,-0.3590262684816284,0.07716644743797565,-0.7166227278052949,0.027068232116923472
S2,LMM,biomarker_01,5,200,-0.5031356626438703,-0.2950490955876373,0.06358934658622493,-0.6278679019454121,0.028959717076453336
S2,LMM,biomarker_01,6,200,-0.3695891927067405,-0.23490353709729203,0.05227937549431836,-0.5169549429300795,0.03302080012244085
S2,LMM,biomarker_01,7,200,-0.2433894062663167,-0.17759343021509402,0.03972997839377179,-0.3927081408280888,0.037119361450655024
S2,LMM,biomarker_01,8,200,-0.12168895451271737,-0.1212586181739662,0.027918176824539183,-0.25721552435168765,0.039447900309422974
S2,LMM,biomarker_01,9,200,-0.0024858946945101553,-0.06657776049049019,0.018826543316113747,-0.11713919811070587,0.041170213255003356
S2,LMM,biomarker_01,10,200,0.11529303763637853,-0.011688353368407406,0.0128515233925614,0.026026766619507508,0.04173947452015703
S2,LMM,biomarker_01,11,200,0.23384793999705863,0.04377636381414418,0.016066650075593363,0.16917446899506391,0.04045874451838972
S2,LMM,biomarker_01,12,200,0.3552916699026987,0.10129031796394468,0.025365301146771213,0.31078277063648235,0.03667000841397411
S2,LMM,biomarker_01,13,200,0.4819225946529733,0.16170332056221537,0.037884220847408716,0.446706527540394,0.033382861836528
S2,LMM,biomarker_01,14,200,0.6160429066916582,0.22633341500378473,0.051891478516604424,0.5727445239134829,0.030280159899099938
S2,LMM,biomarker_01,15,200,0.7621030803035643,0.2974033354809121,0.06556868098241038,0.6838603958762576,0.027027133957879545
S2,LMM,biomarker_01,16,200,0.9267471975091623,0.37927095135755307,0.08340967500696304,0.7697147219384128,0.02575721540134493
S2,LMM,biomarker_01,17,200,1.12293271207553,0.48038038162248564,0.10692918507642508,0.8129782738650075,0.03020627929837475
S2,LMM,biomarker_01,18,200,1.3873963945947232,0.6255192546744491,0.13736231497413515,0.7668846273814219,0.040797866673258985
S2,LMM,biomarker_01,19,200,2.208742001997648,1.2425165620254277,0.28349802608902924,0.7392056772888032,0.3779569735958496
S2,MERF,biomarker_01,0,200,-2.0326314682090554,-0.44107732514817755,0.10889558733241542,-0.41264328309026976,0.08501287438563004
S2,MERF,biomarker_01,1,200,-1.2572539212537297,-0.5055356165144166,0.08001742452187473,-0.7015535152916081,0.04755118536931707
S2,MERF,biomarker_01,2,200,-0.9985596976265828,-0.5202301611387279,0.07654709939965607,-0.7819089996594849,0.03354835796128074
S2,MERF,biomarker_01,3,200,-0.8067730520658877,-0.5202385200119054,0.0755404728459906,-0.7734645200422016,0.02745160046415231
S2,MERF,biomarker_01,4,200,-0.6464832516622792,-0.5117334796205197,0.0744962416878956,-0.7166227278052949,0.027068232116923472
S2,MERF,biomarker_01,5,200,-0.5031356626438703,-0.48895834849383685,0.07559108088426186,-0.6278679019454121,0.028959717076453336
S2,MERF,biomarker_01,6,200,-0.3695891927067405,-0.4550378276899212,0.0774205458682427,-0.5169549429300795,0.03302080012244085
S2,MERF,biomarker_01,7,200,-0.2433894062663167,-0.39947931117838387,0.0905249352320469,-0.3927081408280888,0.037119361450655024
S2,MERF,biomarker_01,8,200,-0.12168895451271737,-0.3045534284373673,0.12121050835705001,-0.25721552435168765,0.039447900309422974
S2,MERF,biomarker_01,9,200,-0.0024858946945101553,-0.16808109454851372,0.15846689822693988,-0.11713919811070587,0.041170213255003356
S2,MERF,biomarker_01,10,200,0.11529303763637853,0.01754697028106873,0.1892054596662151,0.026026766619507508,0.04173947452015703
S2,MERF,biomarker_01,11,200,0.23384793999705863,0.17787928319611826,0.18536903768583182,0.16917446899506391,0.04045874451838972
S2,MERF,biomarker_01,12,200,0.3552916699026987,0.32092739534709014,0.1511958473945403,0.31078277063648235,0.03667000841397411
S2,MERF,biomarker_01,13,200,0.4819225946529733,0.4218743737934588,0.11241472209508752,0.446706527540394,0.033382861836528
S2,MERF,biomarker_01,14,200,0.6160429066916582,0.49823620060435664,0.08733242113136548,0.5727445239134829,0.030280159899099938
S2,MERF,biomarker_01,15,200,0.7621030803035643,0.5444779093847705,0.08860391935562356,0.6838603958762576,0.027027133957879545
S2,MERF,biomarker_01,16,200,0.9267471975091623,0.5722217603886844,0.09265414834690963,0.7697147219384128,0.02575721540134493
S2,MERF,biomarker_01,17,200,1.12293271207553,0.5873065213722345,0.09739396021294022,0.8129782738650075,0.03020627929837475
S2,MERF,biomarker_01,18,200,1.3873963945947232,0.5884695589321661,0.09878923393026359,0.7668846273814219,0.040797866673258985
S2,MERF,biomarker_01,19,200,2.208742001997648,0.5859851394818221,0.10027160024352819,0.7392056772888032,0.3779569735958496
S2,Mean,biomarker_01,0,200,-2.0326314682090554,0.0,0.0,-0.41264328309026976,0.08501287438563004
S2,Mean,biomarker_01,1,200,-1.2572539212537297,0.0,0.0,-0.7015535152916081,0.04755118536931707
S2,Mean,biomarker_01,2,200,-0.9985596976265828,0.0,0.0,-0.7819089996594849,0.03354835796128074
S2,Mean,biomarker_01,3,200,-0.8067730520658877,0.0,0.0,-0.7734645200422016,0.02745160046415231
S2,Mean,biomarker_01,4,200,-0.6464832516622792,0.0,0.0,-0.7166227278052949,0.027068232116923472
S2,Mean,biomarker_01,5,200,-0.5031356626438703,0.0,0.0,-0.6278679019454121,0.028959717076453336
S2,Mean,biomarker_01,6,200,-0.3695891927067405,0.0,0.0,-0.5169549429300795,0.03302080012244085
S2,Mean,biomarker_01,7,200,-0.2433894062663167,0.0,0.0,-0.3927081408280888,0.037119361450655024
S2,Mean,biomarker_01,8,200,-0.12168895451271737,0.0,0.0,-0.25721552435168765,0.039447900309422974
S2,Mean,biomarker_01,9,200,-0.0024858946945101553,0.0,0.0,-0.11713919811070587,0.041170213255003356
S2,Mean,biomarker_01,10,200,0.11529303763637853,0.0,0.0,0.026026766619507508,0.04173947452015703
S2,Mean,biomarker_01,11,200,0.23384793999705863,0.0,0.0,0.16917446899506391,0.04045874451838972
S2,Mean,biomarker_01,12,200,0.3552916699026987,0.0,0.0,0.31078277063648235,0.03667000841397411
S2,Mean,biomarker_01,13,200,0.4819225946529733,0.0,0.0,0.446706527540394,0.033382861836528
S2,Mean,biomarker_01,14,200,0.6160429066916582,0.0,0.0,0.5727445239134829,0.030280159899099938
S2,Mean,biomarker_01,15,200,0.7621030803035643,0.0,0.0,0.6838603958762576,0.027027133957879545
S2,Mean,biomarker_01,16,200,0.9267471975091623,0.0,0.0,0.7697147219384128,0.02575721540134493
S2,Mean,biomarker_01,17,200,1.12293271207553,0.0,0.0,0.8129782738650075,0.03020627929837475
S2,Mean,biomarker_01,18,200,1.3873963945947232,0.0,0.0,0.7668846273814219,0.040797866673258985
S2,Mean,biomarker_01,19,200,2.208742001997648,0.0,0.0,0.7392056772888032,0.3779569735958496
S2,RF,biomarker_01,0,200,-2.0326314682090554,-0.45473020603147085,0.10377141533592098,-0.41264328309026976,0.08501287438563004
S2,RF,biomarker_01,1,200,-1.2572539212537297,-0.5061559361885165,0.08764439048687567,-0.7015535152916081,0.04755118536931707
S2,RF,biomarker_01,2,200,-0.9985596976265828,-0.5228445613301888,0.08134409938503123,-0.7819089996594849,0.03354835796128074
S2,RF,biomarker_01,3,200,-0.8067730520658877,-0.5224759961091273,0.0801541504315471,-0.7734645200422016,0.02745160046415231
S2,RF,biomarker_01,4,200,-0.6464832516622792,-0.5120313409614538,0.078930197612587,-0.7166227278052949,0.027068232116923472
S2,RF,biomarker_01,5,200,-0.5031356626438703,-0.48651620640219556,0.08235640048476973,-0.6278679019454121,0.028959717076453336
S2,RF,biomarker_01,6,200,-0.3695891927067405,-0.4525259842588676,0.0855539991631113,-0.5169549429300795,0.03302080012244085
S2,RF,biomarker_01,7,200,-0.2433894062663167,-0.3962351265816636,0.09472840713696275,-0.3927081408280888,0.037119361450655024
S2,RF,biomarker_01,8,200,-0.12168895451271737,-0.2929643832289438,0.12984777528927147,-0.25721552435168765,0.039447900309422974
S2,RF,biomarker_01,9,200,-0.0024858946945101553,-0.162519598651788,0.1570931231236036,-0.11713919811070587,0.041170213255003356
S2,RF,biomarker_01,10,200,0.11529303763637853,0.013548634131284923,0.1733346994927301,0.026026766619507508,0.04173947452015703
S2,RF,biomarker_01,11,200,0.23384793999705863,0.16905060658008111,0.1792785015415015,0.16917446899506391,0.04045874451838972
S2,RF,biomarker_01,12,200,0.3552916699026987,0.30984730214404294,0.15296769236737215,0.31078277063648235,0.03667000841397411
S2,RF,biomarker_01,13,200,0.4819225946529733,0.41798453723916834,0.11681495861280031,0.446706527540394,0.033382861836528
S2,RF,biomarker_01,14,200,0.6160429066916582,0.4959837729402819,0.09201821234313118,0.5727445239134829,0.030280159899099938
S2,RF,biomarker_01,15,200,0.7621030803035643,0.5455008428677166,0.09807430243152859,0.6838603958762576,0.027027133957879545
S2,RF,biomarker_01,16,200,0.9267471975091623,0.5783856360947975,0.10461326472812452,0.7697147219384128,0.02575721540134493
S2,RF,biomarker_01,17,200,1.12293271207553,0.5914578983139475,0.10586834782678325,0.8129782738650075,0.03020627929837475
S2,RF,biomarker_01,18,200,1.3873963945947232,0.5937948727130032,0.10865093419837092,0.7668846273814219,0.040797866673258985
S2,RF,biomarker_01,19,200,2.208742001997648,0.5934452367198917,0.11351775478469796,0.7392056772888032,0.3779569735958496
S2_N100_V2,GAM,biomarker_01,0,200,-1.9987801255599016,-0.3135714591719568,0.1057406785602741,-0.3865960307410619,0.11868578620215416
S2_N100_V2,GAM,biomarker_01,1,200,-1.2747746794566506,-0.40229834763160277,0.0896438735226425,-0.6920558774894248,0.06324734046298491
S2_N100_V2,GAM,biomarker_01,2,200,-1.0148334634990555,-0.42230843805148477,0.08989929311644172,-0.7804732962459309,0.04111973499490544
S2_N100_V2,GAM,biomarker_01,3,200,-0.819825275829684,-0.4092074675327769,0.08671454487878243,-0.7774886723381446,0.03491234350855553
S2_N100_V2,GAM,biomarker_01,4,200,-0.653876226846458,-0.37730066089014463,0.08052142202289571,-0.7220725277675157,0.03244435959136387
S2_N100_V2,GAM,biomarker_01,5,200,-0.509039354105154,-0.3330622347181289,0.072736439975417,-0.6343140322476438,0.03582217103546431
S2_N100_V2,GAM,biomarker_01,6,200,-0.3740480499046956,-0.27885777060627187,0.06614374512470096,-0.5226786323391823,0.03921153873734907
S2_N100_V2,GAM,biomarker_01,7,200,-0.24550976842017888,-0.21773993448112325,0.05911695192642414,-0.3961829053380174,0.044695784332913546
S2_N100_V2,GAM,biomarker_01,8,200,-0.12123364709674954,-0.15011571857318934,0.052781220601104156,-0.25797008773751917,0.04692908630009879
S2_N100_V2,GAM,biomarker_01,9,200,0.00037161926632711044,-0.0781712720903158,0.050673464866433655,-0.11526178148187678,0.049997406559167186
S2_N100_V2,GAM,biomarker_01,10,200,0.12066151137936065,-0.0023440471825316106,0.050520477347769814,0.031150045818989315,0.048834218338087966
S2_N100_V2,GAM,biomarker_01,11,200,0.24326844835560568,0.07796032819279813,0.053077627451868344,0.18015729647744674,0.047211022081465895
S2_N100_V2,GAM,biomarker_01,12,200,0.36823204641737556,0.1577389986398314,0.05808592036373276,0.3222504496569157,0.051004628065255776
S2_N100_V2,GAM,biomarker_01,13,200,0.4983269919413588,0.24078464854940557,0.06522342746737674,0.4615580688719793,0.04468521650782221
S2_N100_V2,GAM,biomarker_01,14,200,0.6375056572621329,0.3223677090221144,0.07555124303754346,0.5881301859968875,0.04073350539564269
S2_N100_V2,GAM,biomarker_01,15,200,0.7863591256530355,0.39986131763085664,0.08741964746568953,0.6944307906498166,0.03675225331414433
S2_N100_V2,GAM,biomarker_01,16,200,0.9542624622923462,0.4716652339959949,0.09785751926621292,0.7758725457086674,0.03435637972326857
S2_N100_V2,GAM,biomarker_01,17,200,1.156050526602014,0.5241506725776052,0.10590656165426172,0.8096219959238965,0.037131833534104576
S2_N100_V2,GAM,biomarker_01,18,200,1.4242068938031966,0.5328113777746993,0.12156221169568977,0.75001978316625,0.054395031470793796
S2_N100_V2,GAM,biomarker_01,19,200,2.1714193098360575,0.25763706454622126,0.25622945183661405,0.671902681455468,0.45449346502112187
S2_N100_V2,GPR,biomarker_01,0,200,-1.9987801255599016,-0.36238551486497445,0.19522307623243326,-0.3865960307410619,0.11868578620215416
S2_N100_V2,GPR,biomarker_01,1,200,-1.2747746794566506,-0.5937323131231664,0.15141016929769707,-0.6920558774894248,0.06324734046298491
S2_N100_V2,GPR,biomarker_01,2,200,-1.0148334634990555,-0.6707418716025094,0.14001194896587546,-0.7804732962459309,0.04111973499490544
S2_N100_V2,GPR,biomarker_01,3,200,-0.819825275829684,-0.6784839644799243,0.12868410316988085,-0.7774886723381446,0.03491234350855553
S2_N100_V2,GPR,biomarker_01,4,200,-0.653876226846458,-0.6361534631938552,0.1185238190191067,-0.7220725277675157,0.03244435959136387
S2_N100_V2,GPR,biomarker_01,5,200,-0.509039354105154,-0.5633523676304978,0.11285650388690972,-0.6343140322476438,0.03582217103546431
S2_N100_V2,GPR,biomarker_01,6,200,-0.3740480499046956,-0.4674208634561039,0.10715030056875519,-0.5226786323391823,0.03921153873734907
S2_N100_V2,GPR,biomarker_01,7,200,-0.24550976842017888,-0.35372729147752563,0.09928978851973484,-0.3961829053380174,0.044695784332913546
S2_N100_V2,GPR,biomarker_01,8,200,-0.12123364709674954,-0.22910181079905484,0.09341606524586991,-0.25797008773751917,0.04692908630009879
S2_N100_V2,GPR,biomarker_01,9,200,0.00037161926632711044,-0.10280218378091913,0.0914005627284786,-0.11526178148187678,0.049997406559167186
S2_N100_V2,GPR,biomarker_01,10,200,0.12066151137936065,0.03223419309307256,0.09395099721271849,0.031150045818989315,0.048834218338087966
S2_N100_V2,GPR,biomarker_01,11,200,0.24326844835560568,0.17026555166925572,0.1017903383219751,0.18015729647744674,0.047211022081465895
S2_N100_V2,GPR,biomarker_01,12,200,0.36823204641737556,0.3061891142442184,0.10814921412239414,0.3222504496569157,0.051004628065255776
S2_N100_V2,GPR,biomarker_01,13,200,0.4983269919413588,0.4359338752611577,0.11693363704494937,0.4615580688719793,0.04468521650782221
S2_N100_V2,GPR,biomarker_01,14,200,0.6375056572621329,0.549617822479051,0.12287483291052431,0.5881301859968875,0.04073350539564269
S2_N100_V2,GPR,biomarker_01,15,200,0.7863591256530355,0.6422886242372289,0.13328516029297108,0.6944307906498166,0.03675225331414433
S2_N100_V2,GPR,biomarker_01,16,200,0.9542624622923462,0.7196343282658411,0.1309595745630172,0.7758725457086674,0.03435637972326857
S2_N100_V2,GPR,biomarker_01,17,200,1.156050526602014,0.7579072276834156,0.1532326576252271,0.8096219959238965,0.037131833534104576
S2_N100_V2,GPR,biomarker_01,18,200,1.4242068938031966,0.724048950070073,0.17999343688756353,0.75001978316625,0.054395031470793796
S2_N100_V2,GPR,biomarker_01,19,200,2.1714193098360575,0.31978195740521725,0.3157629771334561,0.671902681455468,0.45449346502112187
S2_N100_V2,LMM,biomarker_01,0,200,-1.9987801255599016,-0.7200692515261935,0.17148898791205203,-0.3865960307410619,0.11868578620215416
S2_N100_V2,LMM,biomarker_01,1,200,-1.2747746794566506,-0.5836636971452741,0.141506975549114,-0.6920558774894248,0.06324734046298491
S2_N100_V2,LMM,biomarker_01,2,200,-1.0148334634990555,-0.49126122660698107,0.12006566598376614,-0.7804732962459309,0.04111973499490544
S2_N100_V2,LMM,biomarker_01,3,200,-0.819825275829684,-0.4113846537357259,0.10060701744757028,-0.7774886723381446,0.03491234350855553
S2_N100_V2,LMM,biomarker_01,4,200,-0.653876226846458,-0.34474267932061325,0.08572537780077288,-0.7220725277675157,0.03244435959136387
S2_N100_V2,LMM,biomarker_01,5,200,-0.509039354105154,-0.28321360379188265,0.06974937971273422,-0.6343140322476438,0.03582217103546431
S2_N100_V2,LMM,biomarker_01,6,200,-0.3740480499046956,-0.22487612887803196,0.056298679042031244,-0.5226786323391823,0.03921153873734907
S2_N100_V2,LMM,biomarker_01,7,200,-0.24550976842017888,-0.16957948875966394,0.04391947419560604,-0.3961829053380174,0.044695784332913546
S2_N100_V2,LMM,biomarker_01,8,200,-0.12123364709674954,-0.11532043330590729,0.03209182879448321,-0.25797008773751917,0.04692908630009879
S2_N100_V2,LMM,biomarker_01,9,200,0.00037161926632711044,-0.06210633819844222,0.021664883113021338,-0.11526178148187678,0.049997406559167186
S2_N100_V2,LMM,biomarker_01,10,200,0.12066151137936065,-0.008736795215185694,0.015523122854454447,0.031150045818989315,0.048834218338087966
S2_N100_V2,LMM,biomarker_01,11,200,0.24326844835560568,0.046244349951676,0.01949105660494781,0.18015729647744674,0.047211022081465895
S2_N100_V2,LMM,biomarker_01,12,200,0.36823204641737556,0.10211981978050325,0.0319754025568534,0.3222504496569157,0.051004628065255776
S2_N100_V2,LMM,biomarker_01,13,200,0.4983269919413588,0.1612327876967705,0.04237386740067016,0.4615580688719793,0.04468521650782221
S2_N100_V2,LMM,biomarker_01,14,200,0.6375056572621329,0.22488927406876902,0.0575728244229493,0.5881301859968875,0.04073350539564269
S2_N100_V2,LMM,biomarker_01,15,200,0.7863591256530355,0.29306925773728537,0.07291817694940762,0.6944307906498166,0.03675225331414433
S2_N100_V2,LMM,biomarker_01,16,200,0.9542624622923462,0.37334138575479014,0.09193015681168741,0.7758725457086674,0.03435637972326857
S2_N100_V2,LMM,biomarker_01,17,200,1.156050526602014,0.4712889834514641,0.11447771128744316,0.8096219959238965,0.037131833534104576
S2_N100_V2,LMM,biomarker_01,18,200,1.4242068938031966,0.6099135971408948,0.1467988075186515,0.75001978316625,0.054395031470793796
S2_N100_V2,LMM,biomarker_01,19,200,2.1714193098360575,1.1328548409017485,0.3120927308468257,0.671902681455468,0.45449346502112187
S2_N100_V2,MERF,biomarker_01,0,200,-1.9987801255599016,-0.45484159744534075,0.10707484841156173,-0.3865960307410619,0.11868578620215416
S2_N100_V2,MERF,biomarker_01,1,200,-1.2747746794566506,-0.5047179525376125,0.0859359704029292,-0.6920558774894248,0.06324734046298491
S2_N100_V2,MERF,biomarker_01,2,200,-1.0148334634990555,-0.516567479182087,0.08569213675974426,-0.7804732962459309,0.04111973499490544
S2_N100_V2,MERF,biomarker_01,3,200,-0.819825275829684,-0.5169438593861245,0.08292572925261578,-0.7774886723381446,0.03491234350855553
S2_N100_V2,MERF,biomarker_01,4,200,-0.653876226846458,-0.5064589932771117,0.08161549041427071,-0.7220725277675157,0.03244435959136387
S2_N100_V2,MERF,biomarker_01,5,200,-0.509039354105154,-0.4869805748583213,0.08518497929573886,-0.6343140322476438,0.03582217103546431
S2_N100_V2,MERF,biomarker_01,6,200,-0.3740480499046956,-0.45415204396557135,0.0936274322599033,-0.5226786323391823,0.03921153873734907
S2_N100_V2,MERF,biomarker_01,7,200,-0.24550976842017888,-0.41280342889521565,0.09744225969108779,-0.3961829053380174,0.044695784332913546
S2_N100_V2,MERF,biomarker_01,8,200,-0.12123364709674954,-0.333719579304025,0.11194705074134868,-0.25797008773751917,0.04692908630009879
S2_N100_V2,MERF,biomarker_01,9,200,0.00037161926632711044,-0.1839984447359508,0.18112362733551945,-0.11526178148187678,0.049997406559167186
S2_N100_V2,MERF,biomarker_01,10,200,0.12066151137936065,-0.010805862895735839,0.21427989378610646,0.031150045818989315,0.048834218338087966
S2_N100_V2,MERF,biomarker_01,11,200,0.24326844835560568,0.17752819839446546,0.201135165284441,0.18015729647744674,0.047211022081465895
S2_N100_V2,MERF,biomarker_01,12,200,0.36823204641737556,0.33813571033126977,0.16259184441051364,0.3222504496569157,0.051004628065255776
S2_N100_V2,MERF,biomarker_01,13,200,0.4983269919413588,0.45125162723362444,0.11411226565818791,0.4615580688719793,0.04468521650782221
S2_N100_V2,MERF,biomarker_01,14,200,0.6375056572621329,0.519021531854454,0.09674692914606997,0.5881301859968875,0.04073350539564269
S2_N100_V2,MERF,biomarker_01,15,200,0.7863591256530355,0.5494711662599241,0.09543468051511632,0.6944307906498166,0.03675225331414433
S2_N100_V2,MERF,biomarker_01,16,200,0.9542624622923462,0.5725894956080275,0.09708755714743304,0.7758725457086674,0.03435637972326857
S2_N100_V2,MERF,biomarker_01,17,200,1.156050526602014,0.5899048572525188,0.09991137461968229,0.8096219959238965,0.037131833534104576
S2_N100_V2,MERF,biomarker_01,18,200,1.4242068938031966,0.593077420535396,0.10195254432025785,0.75001978316625,0.054395031470793796
S2_N100_V2,MERF,biomarker_01,19,200,2.1714193098360575,0.5910098090134164,0.10290340410069725,0.671902681455468,0.45449346502112187
S2_N100_V2,Mean,biomarker_01,0,200,-1.9987801255599016,0.0,0.0,-0.3865960307410619,0.11868578620215416
S2_N100_V2,Mean,biomarker_01,1,200,-1.2747746794566506,0.0,0.0,-0.6920558774894248,0.06324734046298491
S2_N100_V2,Mean,biomarker_01,2,200,-1.0148334634990555,0.0,0.0,-0.7804732962459309,0.04111973499490544
S2_N100_V2,Mean,biomarker_01,3,200,-0.819825275829684,0.0,0.0,-0.7774886723381446,0.03491234350855553
S2_N100_V2,Mean,biomarker_01,4,200,-0.653876226846458,0.0,0.0,-0.7220725277675157,0.03244435959136387
S2_N100_V2,Mean,biomarker_01,5,200,-0.509039354105154,0.0,0.0,-0.6343140322476438,0.03582217103546431
S2_N100_V2,Mean,biomarker_01,6,200,-0.3740480499046956,0.0,0.0,-0.5226786323391823,0.03921153873734907
S2_N100_V2,Mean,biomarker_01,7,200,-0.24550976842017888,0.0,0.0,-0.3961829053380174,0.044695784332913546
S2_N100_V2,Mean,biomarker_01,8,200,-0.12123364709674954,0.0,0.0,-0.25797008773751917,0.04692908630009879
S2_N100_V2,Mean,biomarker_01,9,200,0.00037161926632711044,0.0,0.0,-0.11526178148187678,0.049997406559167186
S2_N100_V2,Mean,biomarker_01,10,200,0.12066151137936065,0.0,0.0,0.031150045818989315,0.048834218338087966
S2_N100_V2,Mean,biomarker_01,11,200,0.24326844835560568,0.0,0.0,0.18015729647744674,0.047211022081465895
S2_N100_V2,Mean,biomarker_01,12,200,0.36823204641737556,0.0,0.0,0.3222504496569157,0.051004628065255776
S2_N100_V2,Mean,biomarker_01,13,200,0.4983269919413588,0.0,0.0,0.4615580688719793,0.04468521650782221
S2_N100_V2,Mean,biomarker_01,14,200,0.6375056572621329,0.0,0.0,0.5881301859968875,0.04073350539564269
S2_N100_V2,Mean,biomarker_01,15,200,0.7863591256530355,0.0,0.0,0.6944307906498166,0.03675225331414433
S2_N100_V2,Mean,biomarker_01,16,200,0.9542624622923462,0.0,0.0,0.7758725457086674,0.03435637972326857
S2_N100_V2,Mean,biomarker_01,17,200,1.156050526602014,0.0,0.0,0.8096219959238965,0.037131833534104576
S2_N100_V2,Mean,biomarker_01,18,200,1.4242068938031966,0.0,0.0,0.75001978316625,0.054395031470793796
S2_N100_V2,Mean,biomarker_01,19,200,2.1714193098360575,0.0,0.0,0.671902681455468,0.45449346502112187
S2_N100_V2,RF,biomarker_01,0,200,-1.9987801255599016,-0.4535793079226709,0.1044703461059259,-0.3865960307410619,0.11868578620215416
S2_N100_V2,RF,biomarker_01,1,200,-1.2747746794566506,-0.5121814673483018,0.0859668511307619,-0.6920558774894248,0.06324734046298491
S2_N100_V2,RF,biomarker_01,2,200,-1.0148334634990555,-0.527913063779787,0.0859334090810638,-0.7804732962459309,0.04111973499490544
S2_N100_V2,RF,biomarker_01,3,200,-0.819825275829684,-0.5284593325979564,0.08205300957328414,-0.7774886723381446,0.03491234350855553
S2_N100_V2,RF,biomarker_01,4,200,-0.653876226846458,-0.5171518506288293,0.07880987174531925,-0.7220725277675157,0.03244435959136387
S2_N100_V2,RF,biomarker_01,5,200,-0.509039354105154,-0.4943010631347083,0.08393490996730298,-0.6343140322476438,0.03582217103546431
S2_N100_V2,RF,biomarker_01,6,200,-0.3740480499046956,-0.4592660668244666,0.09285074860642488,-0.5226786323391823,0.03921153873734907
S2_N100_V2,RF,biomarker_01,7,200,-0.24550976842017888,-0.4066331700332298,0.09826177493925099,-0.3961829053380174,0.044695784332913546
S2_N100_V2,RF,biomarker_01,8,200,-0.12123364709674954,-0.31728019902739807,0.11600020880047161,-0.25797008773751917,0.04692908630009879
S2_N100_V2,RF,biomarker_01,9,200,0.00037161926632711044,-0.1699240285407653,0.1688228849400661,-0.11526178148187678,0.049997406559167186
S2_N100_V2,RF,biomarker_01,10,200,0.12066151137936065,-0.01757153007807304,0.19307576777502658,0.031150045818989315,0.048834218338087966
S2_N100_V2,RF,biomarker_01,11,200,0.24326844835560568,0.16882494595259992,0.18325494315932264,0.18015729647744674,0.047211022081465895
S2_N100_V2,RF,biomarker_01,12,200,0.36823204641737556,0.33162818712439246,0.15447944855969042,0.3222504496569157,0.051004628065255776
S2_N100_V2,RF,biomarker_01,13,200,0.4983269919413588,0.44603581118261937,0.1148167545366217,0.4615580688719793,0.04468521650782221
S2_N100_V2,RF,biomarker_01,14,200,0.6375056572621329,0.5202334169870193,0.0970792638901457,0.5881301859968875,0.04073350539564269
S2_N100_V2,RF,biomarker_01,15,200,0.7863591256530355,0.555580830031856,0.0913247694132206,0.6944307906498166,0.03675225331414433
S2_N100_V2,RF,biomarker_01,16,200,0.9542624622923462,0.5821502791246346,0.09374105821433482,0.7758725457086674,0.03435637972326857
S2_N100_V2,RF,biomarker_01,17,200,1.156050526602014,0.5980207205420406,0.09768131241234251,0.8096219959238965,0.037131833534104576
S2_N100_V2,RF,biomarker_01,18,200,1.4242068938031966,0.6020132731618739,0.0994736450471748,0.75001978316625,0.054395031470793796
S2_N100_V2,RF,biomarker_01,19,200,2.1714193098360575,0.5997736158091507,0.10350667053412549,0.671902681455468,0.45449346502112187
S2_N100_V4,GAM,biomarker_01,0,200,-2.0348339717158326,-0.39592363337830394,0.08924055628601886,-0.42628780019140855,0.0801479350302145
S2_N100_V4,GAM,biomarker_01,1,200,-1.2482804950213828,-0.49684325799723505,0.07612395862687196,-0.7073999260500621,0.048137871728280046
S2_N100_V4,GAM,biomarker_01,2,200,-0.9913176189652178,-0.5120183872245527,0.07355002205747178,-0.7837580886865176,0.034165068621355196
S2_N100_V4,GAM,biomarker_01,3,200,-0.8000416764227641,-0.4891235197858916,0.06968370234808316,-0.773233479664355,0.030333959513929865
S2_N100_V4,GAM,biomarker_01,4,200,-0.6403960531789029,-0.44651222040733207,0.06442138626673782,-0.7153298137559403,0.030506644708136306
S2_N100_V4,GAM,biomarker_01,5,200,-0.49827590908636027,-0.3899025797989467,0.05895728590105941,-0.6256299871354478,0.031160607694995148
S2_N100_V4,GAM,biomarker_01,6,200,-0.36638909487028415,-0.3245311531789937,0.05295664224798668,-0.5167035415858177,0.03331991307483433
S2_N100_V4,GAM,biomarker_01,7,200,-0.2419642808764194,-0.25151410346570474,0.047675426201250565,-0.39280188404783983,0.03547481477748938
S2_N100_V4,GAM,biomarker_01,8,200,-0.12183537528820969,-0.17320490930433446,0.04572937771363922,-0.26015274731138305,0.03781002015055202
S2_N100_V4,GAM,biomarker_01,9,200,-0.0038349042595204226,-0.08860741146641325,0.04556553618190955,-0.11988921984108561,0.03917049862247526
S2_N100_V4,GAM,biomarker_01,10,200,0.11321722548516255,-0.001203526026701295,0.045215038891232906,0.021333345724702787,0.039678761161296726
S2_N100_V4,GAM,biomarker_01,11,200,0.23174839372518022,0.09190932741926221,0.04593930066438256,0.16647220416071332,0.04016017897151454
S2_N100_V4,GAM,biomarker_01,12,200,0.3543251267178148,0.1869735302592062,0.04854974872900718,0.30894924140271823,0.037109027687843466
S2_N100_V4,GAM,biomarker_01,13,200,0.48150215146667125,0.28327987104679037,0.05235600285828407,0.44545144200701864,0.03429805728099824
S2_N100_V4,GAM,biomarker_01,14,200,0.6160194996197338,0.38016973924643055,0.059813103702341004,0.5718329251704405,0.032713668476814554
S2_N100_V4,GAM,biomarker_01,15,200,0.7615644275547112,0.4749521695113112,0.06789428090987755,0.6821648853522917,0.032016219046578955
S2_N100_V4,GAM,biomarker_01,16,200,0.9247689587052893,0.5646256393966821,0.07473238711890892,0.7677392830310606,0.03036581648414522
S2_N100_V4,GAM,biomarker_01,17,200,1.1214324916387717,0.6408964835985674,0.07924617378636964,0.811589680826861,0.03220249501397835
S2_N100_V4,GAM,biomarker_01,18,200,1.386777234707123,0.6701499662406206,0.08237770840337222,0.7657180668306863,0.04158398659014904
S2_N100_V4,GAM,biomarker_01,19,200,2.2238066255722306,0.2764279753155393,0.16525390248283706,0.779935413763364,0.43291898325500816
S2_N100_V4,GPR,biomarker_01,0,200,-2.0348339717158326,-0.3973522578244787,0.14817497294897247,-0.42628780019140855,0.0801479350302145
S2_N100_V4,GPR,biomarker_01,1,200,-1.2482804950213828,-0.6377748405365125,0.10734777768518104,-0.7073999260500621,0.048137871728280046
S2_N100_V4,GPR,biomarker_01,2,200,-0.9913176189652178,-0.710489522655661,0.08962699642711099,-0.7837580886865176,0.034165068621355196
S2_N100_V4,GPR,biomarker_01,3,200,-0.8000416764227641,-0.7030505685640068,0.08189252124231096,-0.773233479664355,0.030333959513929865
S2_N100_V4,GPR,biomarker_01,4,200,-0.6403960531789029,-0.6491881537156875,0.08260421745762413,-0.7153298137559403,0.030506644708136306
S2_N100_V4,GPR,biomarker_01,5,200,-0.49827590908636027,-0.5681659292582072,0.07423063818692226,-0.6256299871354478,0.031160607694995148
S2_N100_V4,GPR,biomarker_01,6,200,-0.36638909487028415,-0.46939099366125,0.06723595402498765,-0.5167035415858177,0.03331991307483433
S2_N100_V4,GPR,biomarker_01,7,200,-0.2419642808764194,-0.355390847605549,0.06477873358366142,-0.39280188404783983,0.03547481477748938
S2_N100_V4,GPR,biomarker_01,8,200,-0.12183537528820969,-0.2328954790015316,0.06341616268273456,-0.26015274731138305,0.03781002015055202
S2_N100_V4,GPR,biomarker_01,9,200,-0.0038349042595204226,-0.10178575465378223,0.06802683413592812,-0.11988921984108561,0.03917049862247526
S2_N100_V4,GPR,biomarker_01,10,200,0.11321722548516255,0.032270084687755024,0.06821833417737422,0.021333345724702787,0.039678761161296726
S2_N100_V4,GPR,biomarker_01,11,200,0.23174839372518022,0.17018495907154466,0.06582318621020461,0.16647220416071332,0.04016017897151454
S2_N100_V4,GPR,biomarker_01,12,200,0.3543251267178148,0.30541573060568955,0.06964882424605297,0.30894924140271823,0.037109027687843466
S2_N100_V4,GPR,biomarker_01,13,200,0.48150215146667125,0.43604255099289246,0.07442253878290508,0.44545144200701864,0.03429805728099824
S2_N100_V4,GPR,biomarker_01,14,200,0.6160194996197338,0.5604096606556402,0.07752619826520722,0.5718329251704405,0.032713668476814554
S2_N100_V4,GPR,biomarker_01,15,200,0.7615644275547112,0.6702280068093189,0.08042651596569339,0.6821648853522917,0.032016219046578955
S2_N100_V4,GPR,biomarker_01,16,200,0.9247689587052893,0.7617203472844062,0.08597072998448564,0.7677392830310606,0.03036581648414522
S2_N100_V4,GPR,biomarker_01,17,200,1.1214324916387717,0.8160136694513517,0.09864218409337724,0.811589680826861,0.03220249501397835
S2_N100_V4,GPR,biomarker_01,18,200,1.386777234707123,0.7932332116211139,0.12970165791177668,0.7657180668306863,0.04158398659014904
S2_N100_V4,GPR,biomarker_01,19,200,2.2238066255722306,0.2799661262969535,0.28141450094712595,0.779935413763364,0.43291898325500816
S2_N100_V4,LMM,biomarker_01,0,200,-2.0348339717158326,-0.7348036161086364,0.1070725056140023,-0.42628780019140855,0.0801479350302145
S2_N100_V4,LMM,biomarker_01,1,200,-1.2482804950213828,-0.5954154886796428,0.08547472383361454,-0.7073999260500621,0.048137871728280046
S2_N100_V4,LMM,biomarker_01,2,200,-0.9913176189652178,-0.49932799687396434,0.07401163177934814,-0.7837580886865176,0.034165068621355196
S2_N100_V4,LMM,biomarker_01,3,200,-0.8000416764227641,-0.4203364538804146,0.06202081510656082,-0.773233479664355,0.030333959513929865
S2_N100_V4,LMM,biomarker_01,4,200,-0.6403960531789029,-0.35282019874045195,0.05220470051133101,-0.7153298137559403,0.030506644708136306
S2_N100_V4,LMM,biomarker_01,5,200,-0.49827590908636027,-0.28990058554014375,0.0427373197084626,-0.6256299871354478,0.031160607694995148
S2_N100_V4,LMM,biomarker_01,6,200,-0.36638909487028415,-0.23183395010489263,0.03451552690543461,-0.5167035415858177,0.03331991307483433
S2_N100_V4,LMM,biomarker_01,7,200,-0.2419642808764194,-0.17580583299483823,0.02679747600508773,-0.39280188404783983,0.03547481477748938
S2_N100_V4,LMM,biomarker_01,8,200,-0.12183537528820969,-0.12183215993335157,0.02131878210797114,-0.26015274731138305,0.03781002015055202
S2_N100_V4,LMM,biomarker_01,9,200,-0.0038349042595204226,-0.06785201572893859,0.015763111565786362,-0.11988921984108561,0.03917049862247526
S2_N100_V4,LMM,biomarker_01,10,200,0.11321722548516255,-0.01463641854858771,0.012805453229973672,0.021333345724702787,0.039678761161296726
S2_N100_V4,LMM,biomarker_01,11,200,0.23174839372518022,0.04081947542778445,0.014084703019849956,0.16647220416071332,0.04016017897151454
S2_N100_V4,LMM,biomarker_01,12,200,0.3543251267178148,0.09788651075876559,0.01930405039157169,0.30894924140271823,0.037109027687843466
S2_N100_V4,LMM,biomarker_01,13,200,0.48150215146667125,0.15772181532000643,0.027484037119487395,0.44545144200701864,0.03429805728099824
S2_N100_V4,LMM,biomarker_01,14,200,0.6160194996197338,0.22137071960530633,0.035483059160259005,0.5718329251704405,0.032713668476814554
S2_N100_V4,LMM,biomarker_01,15,200,0.7615644275547112,0.29093560070135505,0.0440563087627672,0.6821648853522917,0.032016219046578955
S2_N100_V4,LMM,biomarker_01,16,200,0.9247689587052893,0.37074083374666345,0.05440723303864825,0.7677392830310606,0.03036581648414522
S2_N100_V4,LMM,biomarker_01,17,200,1.1214324916387717,0.4711970275359172,0.06940582361616644,0.811589680826861,0.03220249501397835
S2_N100_V4,LMM,biomarker_01,18,200,1.386777234707123,0.6143102769929916,0.09158602542348321,0.7657180668306863,0.04158398659014904
S2_N100_V4,LMM,biomarker_01,19,200,2.2238066255722306,1.2395824570450724,0.23158805900890156,0.779935413763364,0.43291898325500816
S2_N100_V4,MERF,biomarker_01,0,200,-2.0348339717158326,-0.4696854373396338,0.10529174835708793,-0.42628780019140855,0.0801479350302145
S2_N100_V4,MERF,biomarker_01,1,200,-1.2482804950213828,-0.55388011363131,0.06824667316854949,-0.7073999260500621,0.048137871728280046
S2_N100_V4,MERF,biomarker_01,2,200,-0.9913176189652178,-0.567797508358316,0.06549102686335032,-0.7837580886865176,0.034165068621355196
S2_N100_V4,MERF,biomarker_01,3,200,-0.8000416764227641,-0.5660484957359533,0.06433721697585372,-0.773233479664355,0.030333959513929865
S2_N100_V4,MERF,biomarker_01,4,200,-0.6403960531789029,-0.552050932859747,0.06427268343112333,-0.7153298137559403,0.030506644708136306
S2_N100_V4,MERF,biomarker_01,5,200,-0.49827590908636027,-0.5227583658530159,0.06638625362370582,-0.6256299871354478,0.031160607694995148
S2_N100_V4,MERF,biomarker_01,6,200,-0.36638909487028415,-0.47703612569574316,0.07408650730803713,-0.5167035415858177,0.03331991307483433
S2_N100_V4,MERF,biomarker_01,7,200,-0.2419642808764194,-0.4137714551730973,0.08426421059213073,-0.39280188404783983,0.03547481477748938
S2_N100_V4,MERF,biomarker_01,8,200,-0.12183537528820969,-0.33147421349488704,0.09388306757969553,-0.26015274731138305,0.03781002015055202
S2_N100_V4,MERF,biomarker_01,9,200,-0.0038349042595204226,-0.19410712680841655,0.14665581307117687,-0.11988921984108561,0.03917049862247526
S2_N100_V4,MERF,biomarker_01,10,200,0.11321722548516255,-0.02785281470542407,0.1616348239007626,0.021333345724702787,0.039678761161296726
S2_N100_V4,MERF,biomarker_01,11,200,0.23174839372518022,0.17121877438425837,0.15605313437412807,0.16647220416071332,0.04016017897151454
S2_N100_V4,MERF,biomarker_01,12,200,0.3543251267178148,0.3482049592984107,0.1270287476336062,0.30894924140271823,0.037109027687843466
S2_N100_V4,MERF,biomarker_01,13,200,0.48150215146667125,0.45120131754032405,0.1040417353791269,0.44545144200701864,0.03429805728099824
S2_N100_V4,MERF,biomarker_01,14,200,0.6160194996197338,0.5337815731992135,0.08969330208904892,0.5718329251704405,0.032713668476814554
S2_N100_V4,MERF,biomarker_01,15,200,0.7615644275547112,0.5936722979996163,0.08038151544242127,0.6821648853522917,0.032016219046578955
S2_N100_V4,MERF,biomarker_01,16,200,0.9247689587052893,0.6312355265999768,0.0784811550654093,0.7677392830310606,0.03036581648414522
S2_N100_V4,MERF,biomarker_01,17,200,1.1214324916387717,0.6506535968899704,0.08128621046722205,0.811589680826861,0.03220249501397835
S2_N100_V4,MERF,biomarker_01,18,200,1.386777234707123,0.6526239969598623,0.08146134583878249,0.7657180668306863,0.04158398659014904
S2_N100_V4,MERF,biomarker_01,19,200,2.2238066255722306,0.6438705467839115,0.08398219143851018,0.779935413763364,0.43291898325500816
S2_N100_V4,Mean,biomarker_01,0,200,-2.0348339717158326,0.0,0.0,-0.42628780019140855,0.0801479350302145
S2_N100_V4,Mean,biomarker_01,1,200,-1.2482804950213828,0.0,0.0,-0.7073999260500621,0.048137871728280046
S2_N100_V4,Mean,biomarker_01,2,200,-0.9913176189652178,0.0,0.0,-0.7837580886865176,0.034165068621355196
S2_N100_V4,Mean,biomarker_01,3,200,-0.8000416764227641,0.0,0.0,-0.773233479664355,0.030333959513929865
S2_N100_V4,Mean,biomarker_01,4,200,-0.6403960531789029,0.0,0.0,-0.7153298137559403,0.030506644708136306
S2_N100_V4,Mean,biomarker_01,5,200,-0.49827590908636027,0.0,0.0,-0.6256299871354478,0.031160607694995148
S2_N100_V4,Mean,biomarker_01,6,200,-0.36638909487028415,0.0,0.0,-0.5167035415858177,0.03331991307483433
S2_N100_V4,Mean,biomarker_01,7,200,-0.2419642808764194,0.0,0.0,-0.39280188404783983,0.03547481477748938
S2_N100_V4,Mean,biomarker_01,8,200,-0.12183537528820969,0.0,0.0,-0.26015274731138305,0.03781002015055202
S2_N100_V4,Mean,biomarker_01,9,200,-0.0038349042595204226,0.0,0.0,-0.11988921984108561,0.03917049862247526
S2_N100_V4,Mean,biomarker_01,10,200,0.11321722548516255,0.0,0.0,0.021333345724702787,0.039678761161296726
S2_N100_V4,Mean,biomarker_01,11,200,0.23174839372518022,0.0,0.0,0.16647220416071332,0.04016017897151454
S2_N100_V4,Mean,biomarker_01,12,200,0.3543251267178148,0.0,0.0,0.30894924140271823,0.037109027687843466
S2_N100_V4,Mean,biomarker_01,13,200,0.48150215146667125,0.0,0.0,0.44545144200701864,0.03429805728099824
S2_N100_V4,Mean,biomarker_01,14,200,0.6160194996197338,0.0,0.0,0.5718329251704405,0.032713668476814554
S2_N100_V4,Mean,biomarker_01,15,200,0.7615644275547112,0.0,0.0,0.6821648853522917,0.032016219046578955
S2_N100_V4,Mean,biomarker_01,16,200,0.9247689587052893,0.0,0.0,0.7677392830310606,0.03036581648414522
S2_N100_V4,Mean,biomarker_01,17,200,1.1214324916387717,0.0,0.0,0.811589680826861,0.03220249501397835
S2_N100_V4,Mean,biomarker_01,18,200,1.386777234707123,0.0,0.0,0.7657180668306863,0.04158398659014904
S2_N100_V4,Mean,biomarker_01,19,200,2.2238066255722306,0.0,0.0,0.779935413763364,0.43291898325500816
S2_N100_V4,RF,biomarker_01,0,200,-2.0348339717158326,-0.46572926278808396,0.09931572734281618,-0.42628780019140855,0.0801479350302145
S2_N100_V4,RF,biomarker_01,1,200,-1.2482804950213828,-0.5508975831229728,0.06470615190321437,-0.7073999260500621,0.048137871728280046
S2_N100_V4,RF,biomarker_01,2,200,-0.9913176189652178,-0.5650633428743831,0.06155957837388916,-0.7837580886865176,0.034165068621355196
S2_N100_V4,RF,biomarker_01,3,200,-0.8000416764227641,-0.564247102491901,0.061938374987142324,-0.773233479664355,0.030333959513929865
S2_N100_V4,RF,biomarker_01,4,200,-0.6403960531789029,-0.5491167048318162,0.062447486399476476,-0.7153298137559403,0.030506644708136306
S2_N100_V4,RF,biomarker_01,5,200,-0.49827590908636027,-0.5208732807028792,0.0635583547244969,-0.6256299871354478,0.031160607694995148
S2_N100_V4,RF,biomarker_01,6,200,-0.36638909487028415,-0.4782584504667257,0.07483772203227486,-0.5167035415858177,0.03331991307483433
S2_N100_V4,RF,biomarker_01,7,200,-0.2419642808764194,-0.417182904726618,0.08539838863440273,-0.39280188404783983,0.03547481477748938
S2_N100_V4,RF,biomarker_01,8,200,-0.12183537528820969,-0.3359765080567522,0.09679736325893867,-0.26015274731138305,0.03781002015055202
S2_N100_V4,RF,biomarker_01,9,200,-0.0038349042595204226,-0.19092827777835988,0.1507267298731358,-0.11988921984108561,0.03917049862247526
S2_N100_V4,RF,biomarker_01,10,200,0.11321722548516255,-0.012782562138176466,0.16405173604248122,0.021333345724702787,0.039678761161296726
S2_N100_V4,RF,biomarker_01,11,200,0.23174839372518022,0.1633050761940006,0.15358650628551734,0.16647220416071332,0.04016017897151454
S2_N100_V4,RF,biomarker_01,12,200,0.3543251267178148,0.3382001012844256,0.13287727685214995,0.30894924140271823,0.037109027687843466
S2_N100_V4,RF,biomarker_01,13,200,0.48150215146667125,0.4528022542706477,0.1041538409015932,0.44545144200701864,0.03429805728099824
S2_N100_V4,RF,biomarker_01,14,200,0.6160194996197338,0.5360463095170476,0.08911574539385264,0.5718329251704405,0.032713668476814554
S2_N100_V4,RF,biomarker_01,15,200,0.7615644275547112,0.5908275045025718,0.07622457012827442,0.6821648853522917,0.032016219046578955
S2_N100_V4,RF,biomarker_01,16,200,0.9247689587052893,0.627878523715898,0.07549594241920934,0.7677392830310606,0.03036581648414522
S2_N100_V4,RF,biomarker_01,17,200,1.1214324916387717,0.6471627516234834,0.07914829073571845,0.811589680826861,0.03220249501397835
S2_N100_V4,RF,biomarker_01,18,200,1.386777234707123,0.6515621616699658,0.07925338484715912,0.7657180668306863,0.04158398659014904
S2_N100_V4,RF,biomarker_01,19,200,2.2238066255722306,0.643271297200628,0.08444046398927368,0.779935413763364,0.43291898325500816
S2_N25_V2,GAM,biomarker_01,0,200,-2.0055528512347824,-0.1781393590137071,0.16411306788837293,-0.3669522952667517,0.10653717299933912
S2_N25_V2,GAM,biomarker_01,1,200,-1.2851549501581685,-0.22600960903647796,0.1472097393700646,-0.684795980478202,0.05388080718951107
S2_N25_V2,GAM,biomarker_01,2,200,-1.018887749631135,-0.24093250465398963,0.14529312986112583,-0.7771829125124738,0.03520981381558656
S2_N25_V2,GAM,biomarker_01,3,200,-0.8233498562828305,-0.23574459844873805,0.1400442733383234,-0.7752118486206925,0.029341943504446282
S2_N25_V2,GAM,biomarker_01,4,200,-0.6607027414049425,-0.2187609107061414,0.13054117610322805,-0.7218739789600565,0.030774650934654618
S2_N25_V2,GAM,biomarker_01,5,200,-0.5163941272002567,-0.1922804763211797,0.11346669168591816,-0.6362619360891916,0.03683434495625319
S2_N25_V2,GAM,biomarker_01,6,200,-0.3818239293634321,-0.159348248705128,0.0955765812126337,-0.5264514892051408,0.0423622931413524
S2_N25_V2,GAM,biomarker_01,7,200,-0.2539454016358189,-0.12165922852452454,0.07715311272217817,-0.4021842549734783,0.046416572470858806
S2_N25_V2,GAM,biomarker_01,8,200,-0.1310471881210591,-0.08041603298718808,0.06433667662052461,-0.2668096349566833,0.047363560652411464
S2_N25_V2,GAM,biomarker_01,9,200,-0.009979012238755301,-0.03704716913566426,0.05992633095791535,-0.12379553291627915,0.04911602985504472
S2_N25_V2,GAM,biomarker_01,10,200,0.11143683501216214,0.007464727378850791,0.06333007678217695,0.024585942170903038,0.049489749205945975
S2_N25_V2,GAM,biomarker_01,11,200,0.23588609467202948,0.054416692180084915,0.07213079599747761,0.17650510745991319,0.04509560535382397
S2_N25_V2,GAM,biomarker_01,12,200,0.36224026287474814,0.09902482390034491,0.08369105860252268,0.32018471408072585,0.04200646285961613
S2_N25_V2,GAM,biomarker_01,13,200,0.4902355469908067,0.14269814543597356,0.09739351712494353,0.455340028756869,0.03887305589637675
S2_N25_V2,GAM,biomarker_01,14,200,0.6261504750611658,0.18505102044025853,0.11474258864496233,0.5823316862589709,0.03669014868794964
S2_N25_V2,GAM,biomarker_01,15,200,0.7749832737785285,0.2230230866286977,0.12759078808247298,0.6918919383963837,0.03354145995568221
S2_N25_V2,GAM,biomarker_01,16,200,0.9434127547979837,0.2560911607675311,0.14084178076961318,0.775641112093531,0.029390672825543685
S2_N25_V2,GAM,biomarker_01,17,200,1.1459132556753246,0.279158760541736,0.15296079897526724,0.8128168209654554,0.031319440161806655
S2_N25_V2,GAM,biomarker_01,18,200,1.4159737720835364,0.280855830584736,0.16791844239122752,0.756075139606726,0.04873366474626698
S2_N25_V2,GAM,biomarker_01,19,200,2.174441156807426,0.16255388967452528,0.23605418950411797,0.6861473741894716,0.384900936782724
S2_N25_V2,GPR,biomarker_01,0,200,-2.0055528512347824,-0.3065198062714486,0.32952964720073025,-0.3669522952667517,0.10653717299933912
S2_N25_V2,GPR,biomarker_01,1,200,-1.2851549501581685,-0.4178270317962907,0.31035296019715775,-0.684795980478202,0.05388080718951107
S2_N25_V2,GPR,biomarker_01,2,200,-1.018887749631135,-0.46363952224911065,0.3302172134299939,-0.7771829125124738,0.03520981381558656
S2_N25_V2,GPR,biomarker_01,3,200,-0.8233498562828305,-0.4544391329728306,0.3329622473803438,-0.7752118486206925,0.029341943504446282
S2_N25_V2,GPR,biomarker_01,4,200,-0.6607027414049425,-0.41258229474169816,0.2957979502328864,-0.7218739789600565,0.030774650934654618
S2_N25_V2,GPR,biomarker_01,5,200,-0.5163941272002567,-0.36213273512333155,0.2663737258331645,-0.6362619360891916,0.03683434495625319
S2_N25_V2,GPR,biomarker_01,6,200,-0.3818239293634321,-0.29957529917805537,0.2500352689584496,-0.5264514892051408,0.0423622931413524
S2_N25_V2,GPR,biomarker_01,7,200,-0.2539454016358189,-0.2240992905268021,0.1956676346208469,-0.4021842549734783,0.046416572470858806
S2_N25_V2,GPR,biomarker_01,8,200,-0.1310471881210591,-0.15032785287306516,0.15409674640702337,-0.2668096349566833,0.047363560652411464
S2_N25_V2,GPR,biomarker_01,9,200,-0.009979012238755301,-0.07018979594517734,0.14024680861496064,-0.12379553291627915,0.04911602985504472
S2_N25_V2,GPR,biomarker_01,10,200,0.11143683501216214,0.01938898819014752,0.13634256859376262,0.024585942170903038,0.049489749205945975
S2_N25_V2,GPR,biomarker_01,11,200,0.23588609467202948,0.11573819550488844,0.18250211921266374,0.17650510745991319,0.04509560535382397
S2_N25_V2,GPR,biomarker_01,12,200,0.36224026287474814,0.19752038032420585,0.19210612975925145,0.32018471408072585,0.04200646285961613
S2_N25_V2,GPR,biomarker_01,13,200,0.4902355469908067,0.274435836816067,0.22222759902394926,0.455340028756869,0.03887305589637675
S2_N25_V2,GPR,biomarker_01,14,200,0.6261504750611658,0.3563646103529601,0.2765420938876971,0.5823316862589709,0.03669014868794964
S2_N25_V2,GPR,biomarker_01,15,200,0.7749832737785285,0.4228078347350106,0.31607012210187413,0.6918919383963837,0.03354145995568221
S2_N25_V2,GPR,biomarker_01,16,200,0.9434127547979837,0.4859695650770569,0.3473934442483963,0.775641112093531,0.029390672825543685
S2_N25_V2,GPR,biomarker_01,17,200,1.1459132556753246,0.5104012433899432,0.39362157909157663,0.8128168209654554,0.031319440161806655
S2_N25_V2,GPR,biomarker_01,18,200,1.4159737720835364,0.5105720645617564,0.38283753289679906,0.756075139606726,0.04873366474626698
S2_N25_V2,GPR,biomarker_01,19,200,2.174441156807426,0.2681340427257742,0.36519819496758427,0.6861473741894716,0.384900936782724
S2_N25_V2,LMM,biomarker_01,0,200,-2.0055528512347824,-0.7056430548429296,0.41071867947944013,-0.3669522952667517,0.10653717299933912
S2_N25_V2,LMM,biomarker_01,1,200,-1.2851549501581685,-0.5689041158822047,0.3305794047271812,-0.684795980478202,0.05388080718951107
S2_N25_V2,LMM,biomarker_01,2,200,-1.018887749631135,-0.47669069302488637,0.27751815770074584,-0.7771829125124738,0.03520981381558656
S2_N25_V2,LMM,biomarker_01,3,200,-0.8233498562828305,-0.4009759197753172,0.2326850081085536,-0.7752118486206925,0.029341943504446282
S2_N25_V2,LMM,biomarker_01,4,200,-0.6607027414049425,-0.3356297392980187,0.19547084076501975,-0.7218739789600565,0.030774650934654618
S2_N25_V2,LMM,biomarker_01,5,200,-0.5163941272002567,-0.2765160561269956,0.16230470037929948,-0.6362619360891916,0.03683434495625319
S2_N25_V2,LMM,biomarker_01,6,200,-0.3818239293634321,-0.21961222416815324,0.12906511275876023,-0.5264514892051408,0.0423622931413524
S2_N25_V2,LMM,biomarker_01,7,200,-0.2539454016358189,-0.16562200486702103,0.09764575494413853,-0.4021842549734783,0.046416572470858806
S2_N25_V2,LMM,biomarker_01,8,200,-0.1310471881210591,-0.1132870406233372,0.06814433565038755,-0.2668096349566833,0.047363560652411464
S2_N25_V2,LMM,biomarker_01,9,200,-0.009979012238755301,-0.0606811271104143,0.03967020607074039,-0.12379553291627915,0.04911602985504472
S2_N25_V2,LMM,biomarker_01,10,200,0.11143683501216214,-0.008288919909600519,0.019972411667304242,0.024585942170903038,0.049489749205945975
S2_N25_V2,LMM,biomarker_01,11,200,0.23588609467202948,0.04631582167746123,0.030366649850259074,0.17650510745991319,0.04509560535382397
S2_N25_V2,LMM,biomarker_01,12,200,0.36224026287474814,0.10074739608573802,0.05921415631858157,0.32018471408072585,0.04200646285961613
S2_N25_V2,LMM,biomarker_01,13,200,0.4902355469908067,0.15682644945680146,0.09089617020703425,0.455340028756869,0.03887305589637675
S2_N25_V2,LMM,biomarker_01,14,200,0.6261504750611658,0.21853961764646296,0.1285642439003667,0.5823316862589709,0.03669014868794964
S2_N25_V2,LMM,biomarker_01,15,200,0.7749832737785285,0.28451885518854403,0.16449006320359688,0.6918919383963837,0.03354145995568221
S2_N25_V2,LMM,biomarker_01,16,200,0.9434127547979837,0.36209921878419143,0.20903200514824202,0.775641112093531,0.029390672825543685
S2_N25_V2,LMM,biomarker_01,17,200,1.1459132556753246,0.45761341014750456,0.2637730909760084,0.8128168209654554,0.031319440161806655
S2_N25_V2,LMM,biomarker_01,18,200,1.4159737720835364,0.5946673484899319,0.34635349589629433,0.756075139606726,0.04873366474626698
S2_N25_V2,LMM,biomarker_01,19,200,2.174441156807426,1.1105227781522427,0.6790086164201461,0.6861473741894716,0.384900936782724
S2_N25_V2,MERF,biomarker_01,0,200,-2.0055528512347824,-0.32619095890840977,0.1428473395634423,-0.3669522952667517,0.10653717299933912
S2_N25_V2,MERF,biomarker_01,1,200,-1.2851549501581685,-0.33159357395416955,0.14244659815016483,-0.684795980478202,0.05388080718951107
S2_N25_V2,MERF,biomarker_01,2,200,-1.018887749631135,-0.3328662838187511,0.14264965097498364,-0.7771829125124738,0.03520981381558656
S2_N25_V2,MERF,biomarker_01,3,200,-0.8233498562828305,-0.3307667070827427,0.1396037089860811,-0.7752118486206925,0.029341943504446282
S2_N25_V2,MERF,biomarker_01,4,200,-0.6607027414049425,-0.32172595519850405,0.13768466777941624,-0.7218739789600565,0.030774650934654618
S2_N25_V2,MERF,biomarker_01,5,200,-0.5163941272002567,-0.3108293585571794,0.134210052659175,-0.6362619360891916,0.03683434495625319
S2_N25_V2,MERF,biomarker_01,6,200,-0.3818239293634321,-0.28532653026325994,0.1266108228243274,-0.5264514892051408,0.0423622931413524
S2_N25_V2,MERF,biomarker_01,7,200,-0.2539454016358189,-0.2358424961048731,0.13406350238799566,-0.4021842549734783,0.046416572470858806
S2_N25_V2,MERF,biomarker_01,8,200,-0.1310471881210591,-0.16164026826411718,0.15478526892639735,-0.2668096349566833,0.047363560652411464
S2_N25_V2,MERF,biomarker_01,9,200,-0.009979012238755301,-0.0802886711343283,0.16916741710931008,-0.12379553291627915,0.04911602985504472
S2_N25_V2,MERF,biomarker_01,10,200,0.11143683501216214,0.0006220839382107056,0.17646927872216361,0.024585942170903038,0.049489749205945975
S2_N25_V2,MERF,biomarker_01,11,200,0.23588609467202948,0.08935834251524952,0.18567843883284188,0.17650510745991319,0.04509560535382397
S2_N25_V2,MERF,biomarker_01,12,200,0.36224026287474814,0.18140587435347705,0.16834718558206088,0.32018471408072585,0.04200646285961613
S2_N25_V2,MERF,biomarker_01,13,200,0.4902355469908067,0.2554228590896365,0.15066961824903122,0.455340028756869,0.03887305589637675
S2_N25_V2,MERF,biomarker_01,14,200,0.6261504750611658,0.3119176650888221,0.14893391908171422,0.5823316862589709,0.03669014868794964
S2_N25_V2,MERF,biomarker_01,15,200,0.7749832737785285,0.35124396547843384,0.15270981336933837,0.6918919383963837,0.03354145995568221
S2_N25_V2,MERF,biomarker_01,16,200,0.9434127547979837,0.3719772529619892,0.1577823849057682,0.775641112093531,0.029390672825543685
S2_N25_V2,MERF,biomarker_01,17,200,1.1459132556753246,0.3821561020757825,0.1624228681372162,0.8128168209654554,0.031319440161806655
S2_N25_V2,MERF,biomarker_01,18,200,1.4159737720835364,0.38633945853330653,0.16568437299246386,0.756075139606726,0.04873366474626698
S2_N25_V2,MERF,biomarker_01,19,200,2.174441156807426,0.3866271992514272,0.16565607821761655,0.6861473741894716,0.384900936782724
S2_N25_V2,Mean,biomarker_01,0,200,-2.0055528512347824,0.0,0.0,-0.3669522952667517,0.10653717299933912
S2_N25_V2,Mean,biomarker_01,1,200,-1.2851549501581685,0.0,0.0,-0.684795980478202,0.05388080718951107
S2_N25_V2,Mean,biomarker_01,2,200,-1.018887749631135,0.0,0.0,-0.7771829125124738,0.03520981381558656
S2_N25_V2,Mean,biomarker_01,3,200,-0.8233498562828305,0.0,0.0,-0.7752118486206925,0.029341943504446282
S2_N25_V2,Mean,biomarker_01,4,200,-0.6607027414049425,0.0,0.0,-0.7218739789600565,0.030774650934654618
S2_N25_V2,Mean,biomarker_01,5,200,-0.5163941272002567,0.0,0.0,-0.6362619360891916,0.03683434495625319
S2_N25_V2,Mean,biomarker_01,6,200,-0.3818239293634321,0.0,0.0,-0.5264514892051408,0.0423622931413524
S2_N25_V2,Mean,biomarker_01,7,200,-0.2539454016358189,0.0,0.0,-0.4021842549734783,0.046416572470858806
S2_N25_V2,Mean,biomarker_01,8,200,-0.1310471881210591,0.0,0.0,-0.2668096349566833,0.047363560652411464
S2_N25_V2,Mean,biomarker_01,9,200,-0.009979012238755301,0.0,0.0,-0.12379553291627915,0.04911602985504472
S2_N25_V2,Mean,biomarker_01,10,200,0.11143683501216214,0.0,0.0,0.024585942170903038,0.049489749205945975
S2_N25_V2,Mean,biomarker_01,11,200,0.23588609467202948,0.0,0.0,0.17650510745991319,0.04509560535382397
S2_N25_V2,Mean,biomarker_01,12,200,0.36224026287474814,0.0,0.0,0.32018471408072585,0.04200646285961613
S2_N25_V2,Mean,biomarker_01,13,200,0.4902355469908067,0.0,0.0,0.455340028756869,0.03887305589637675
S2_N25_V2,Mean,biomarker_01,14,200,0.6261504750611658,0.0,0.0,0.5823316862589709,0.03669014868794964
S2_N25_V2,Mean,biomarker_01,15,200,0.7749832737785285,0.0,0.0,0.6918919383963837,0.03354145995568221
S2_N25_V2,Mean,biomarker_01,16,200,0.9434127547979837,0.0,0.0,0.775641112093531,0.029390672825543685
S2_N25_V2,Mean,biomarker_01,17,200,1.1459132556753246,0.0,0.0,0.8128168209654554,0.031319440161806655
S2_N25_V2,Mean,biomarker_01,18,200,1.4159737720835364,0.0,0.0,0.756075139606726,0.04873366474626698
S2_N25_V2,Mean,biomarker_01,19,200,2.174441156807426,0.0,0.0,0.6861473741894716,0.384900936782724
S2_N25_V2,RF,biomarker_01,0,200,-2.0055528512347824,-0.3346414400010363,0.15601499592495344,-0.3669522952667517,0.10653717299933912
S2_N25_V2,RF,biomarker_01,1,200,-1.2851549501581685,-0.3423776007871941,0.1555258752704141,-0.684795980478202,0.05388080718951107
S2_N25_V2,RF,biomarker_01,2,200,-1.018887749631135,-0.3439427752623269,0.15509052643124835,-0.7771829125124738,0.03520981381558656
S2_N25_V2,RF,biomarker_01,3,200,-0.8233498562828305,-0.3405889171901608,0.1512993715910104,-0.7752118486206925,0.029341943504446282
S2_N25_V2,RF,biomarker_01,4,200,-0.6607027414049425,-0.33140814877728886,0.15043867660153662,-0.7218739789600565,0.030774650934654618
S2_N25_V2,RF,biomarker_01,5,200,-0.5163941272002567,-0.3157565832130359,0.14927258057491546,-0.6362619360891916,0.03683434495625319
S2_N25_V2,RF,biomarker_01,6,200,-0.3818239293634321,-0.2877863149459041,0.13995628515466996,-0.5264514892051408,0.0423622931413524
S2_N25_V2,RF,biomarker_01,7,200,-0.2539454016358189,-0.2321502125957442,0.1423531220518692,-0.4021842549734783,0.046416572470858806
S2_N25_V2,RF,biomarker_01,8,200,-0.1310471881210591,-0.16105523610212824,0.1601856336296223,-0.2668096349566833,0.047363560652411464
S2_N25_V2,RF,biomarker_01,9,200,-0.009979012238755301,-0.08144346979732071,0.16601914156103417,-0.12379553291627915,0.04911602985504472
S2_N25_V2,RF,biomarker_01,10,200,0.11143683501216214,-0.0006891325147048767,0.16743081105618482,0.024585942170903038,0.049489749205945975
S2_N25_V2,RF,biomarker_01,11,200,0.23588609467202948,0.0883043027106648,0.18024217469991644,0.17650510745991319,0.04509560535382397
S2_N25_V2,RF,biomarker_01,12,200,0.36224026287474814,0.1784606211481345,0.1658596378569668,0.32018471408072585,0.04200646285961613
S2_N25_V2,RF,biomarker_01,13,200,0.4902355469908067,0.25104253778305136,0.15559193215755115,0.455340028756869,0.03887305589637675
S2_N25_V2,RF,biomarker_01,14,200,0.6261504750611658,0.31322828108475725,0.16081683651318873,0.5823316862589709,0.03669014868794964
S2_N25_V2,RF,biomarker_01,15,200,0.7749832737785285,0.35831034772480636,0.16418424500107048,0.6918919383963837,0.03354145995568221
S2_N25_V2,RF,biomarker_01,16,200,0.9434127547979837,0.38526024125217456,0.18034973089143014,0.775641112093531,0.029390672825543685
S2_N25_V2,RF,biomarker_01,17,200,1.1459132556753246,0.3960037317565363,0.18459212335946204,0.8128168209654554,0.031319440161806655
S2_N25_V2,RF,biomarker_01,18,200,1.4159737720835364,0.40025133035882354,0.18779447831838797,0.756075139606726,0.04873366474626698
S2_N25_V2,RF,biomarker_01,19,200,2.174441156807426,0.4009784373678966,0.18831976420426344,0.6861473741894716,0.384900936782724
S2_N25_V4,GAM,biomarker_01,0,200,-2.0404853510925425,-0.27399560443619886,0.15603137870565578,-0.42018447767155825,0.0802319654829833
S2_N25_V4,GAM,biomarker_01,1,200,-1.2551590934706855,-0.3187977368960706,0.13944537834754409,-0.7031590217430964,0.0478472879439275
S2_N25_V4,GAM,biomarker_01,2,200,-0.9988016913473834,-0.32553856603394915,0.13012791249823494,-0.783648687453737,0.032267258485880315
S2_N25_V4,GAM,biomarker_01,3,200,-0.8069779410221494,-0.3119285955717596,0.12211490304397393,-0.7757528883090966,0.027958676104958464
S2_N25_V4,GAM,biomarker_01,4,200,-0.6454825616852734,-0.28598752715864484,0.1130346275317476,-0.7180512875495536,0.030193635355698193
S2_N25_V4,GAM,biomarker_01,5,200,-0.5020140313042922,-0.2514189267669604,0.10166150787926277,-0.6300713325741594,0.03222570593907721
S2_N25_V4,GAM,biomarker_01,6,200,-0.369936847987953,-0.2096726222320331,0.08906155489787501,-0.5204366136352163,0.03579925223253026
S2_N25_V4,GAM,biomarker_01,7,200,-0.2433269893969035,-0.16184348592075842,0.0757464798508285,-0.3940137011534143,0.035601463895963394
S2_N25_V4,GAM,biomarker_01,8,200,-0.12189895206118902,-0.11093731807378386,0.06289349303709713,-0.26145053658221,0.03598593001473276
S2_N25_V4,GAM,biomarker_01,9,200,-0.004392135087194987,-0.05656869960742792,0.05395190413014646,-0.12221101292493204,0.03713141976853565
S2_N25_V4,GAM,biomarker_01,10,200,0.11368154717938615,0.0012440512543798236,0.05267997445148626,0.022612048445806634,0.0374745510821195
S2_N25_V4,GAM,biomarker_01,11,200,0.23509238384018738,0.06252860990858233,0.056897133322071636,0.17109708282912348,0.03845949128885764
S2_N25_V4,GAM,biomarker_01,12,200,0.35922608866864353,0.1237571744712307,0.06976734440447631,0.3134874634269815,0.03529047141412484
S2_N25_V4,GAM,biomarker_01,13,200,0.4866444405623508,0.18493799876809394,0.08595055587394312,0.44959531515098594,0.03243168049239954
S2_N25_V4,GAM,biomarker_01,14,200,0.6198811024109838,0.24386926956075292,0.10392297890610451,0.5728250600961649,0.030526714826750394
S2_N25_V4,GAM,biomarker_01,15,200,0.7639271204745764,0.3009962403897789,0.12117333823516434,0.6824021438352819,0.028785504955394864
S2_N25_V4,GAM,biomarker_01,16,200,0.9284320728847447,0.3537544884207531,0.13899046887795163,0.7685392682476503,0.02691883190720145
S2_N25_V4,GAM,biomarker_01,17,200,1.1244338453214755,0.39323741392031947,0.15585126436794244,0.8108559799738834,0.028902515310291078
S2_N25_V4,GAM,biomarker_01,18,200,1.3858470431383132,0.40658114351062125,0.1787903514858108,0.7657373096606578,0.03849702243832264
S2_N25_V4,GAM,biomarker_01,19,200,2.224281885663194,0.23578269249307443,0.3398557316189352,0.7718278879304381,0.41187371170657866
S2_N25_V4,GPR,biomarker_01,0,200,-2.0404853510925425,-0.4103680416383353,0.27441229329660005,-0.42018447767155825,0.0802319654829833
S2_N25_V4,GPR,biomarker_01,1,200,-1.2551590934706855,-0.5555938245696644,0.22667635195472602,-0.7031590217430964,0.0478472879439275
S2_N25_V4,GPR,biomarker_01,2,200,-0.9988016913473834,-0.5991943794687697,0.20090509782416724,-0.783648687453737,0.032267258485880315
S2_N25_V4,GPR,biomarker_01,3,200,-0.8069779410221494,-0.5914617548245876,0.18868848475844652,-0.7757528883090966,0.027958676104958464
S2_N25_V4,GPR,biomarker_01,4,200,-0.6454825616852734,-0.5479182882045052,0.17600889994097887,-0.7180512875495536,0.030193635355698193
S2_N25_V4,GPR,biomarker_01,5,200,-0.5020140313042922,-0.4914194033123508,0.1575928355704574,-0.6300713325741594,0.03222570593907721
S2_N25_V4,GPR,biomarker_01,6,200,-0.369936847987953,-0.4073142332719406,0.14517468034225733,-0.5204366136352163,0.03579925223253026
S2_N25_V4,GPR,biomarker_01,7,200,-0.2433269893969035,-0.31676637663868773,0.13545080293217485,-0.3940137011534143,0.035601463895963394
S2_N25_V4,GPR,biomarker_01,8,200,-0.12189895206118902,-0.2110023162662219,0.12694221712569287,-0.26145053658221,0.03598593001473276
S2_N25_V4,GPR,biomarker_01,9,200,-0.004392135087194987,-0.08893208302514757,0.11923021393529076,-0.12221101292493204,0.03713141976853565
S2_N25_V4,GPR,biomarker_01,10,200,0.11368154717938615,0.03494583400063022,0.12366920986114542,0.022612048445806634,0.0374745510821195
S2_N25_V4,GPR,biomarker_01,11,200,0.23509238384018738,0.15948522839661594,0.13359676839893952,0.17109708282912348,0.03845949128885764
S2_N25_V4,GPR,biomarker_01,12,200,0.35922608866864353,0.27548118078393513,0.13508571457905186,0.3134874634269815,0.03529047141412484
S2_N25_V4,GPR,biomarker_01,13,200,0.4866444405623508,0.3874129116708184,0.15299864405590063,0.44959531515098594,0.03243168049239954
S2_N25_V4,GPR,biomarker_01,14,200,0.6198811024109838,0.48918968469632285,0.17675994269980697,0.5728250600961649,0.030526714826750394
S2_N25_V4,GPR,biomarker_01,15,200,0.7639271204745764,0.5824894733292141,0.1913807609644194,0.6824021438352819,0.028785504955394864
S2_N25_V4,GPR,biomarker_01,16,200,0.9284320728847447,0.6580552764856161,0.21770260509465034,0.7685392682476503,0.02691883190720145
S2_N25_V4,GPR,biomarker_01,17,200,1.1244338453214755,0.693102371658265,0.24435970488668202,0.8108559799738834,0.028902515310291078
S2_N25_V4,GPR,biomarker_01,18,200,1.3858470431383132,0.6664902362235098,0.2607370662219583,0.7657373096606578,0.03849702243832264
S2_N25_V4,GPR,biomarker_01,19,200,2.224281885663194,0.27331850397528323,0.3179959171531846,0.7718278879304381,0.41187371170657866
S2_N25_V4,LMM,biomarker_01,0,200,-2.0404853510925425,-0.7707540188476857,0.261784612404152,-0.42018447767155825,0.0802319654829833
S2_N25_V4,LMM,biomarker_01,1,200,-1.2551590934706855,-0.626355334116501,0.21211250105814355,-0.7031590217430964,0.0478472879439275
S2_N25_V4,LMM,biomarker_01,2,200,-0.9988016913473834,-0.5246578470040189,0.17788721686768785,-0.783648687453737,0.032267258485880315
S2_N25_V4,LMM,biomarker_01,3,200,-0.8069779410221494,-0.44210739994893933,0.14933725889502436,-0.7757528883090966,0.027958676104958464
S2_N25_V4,LMM,biomarker_01,4,200,-0.6454825616852734,-0.3700514760305026,0.12622682885298275,-0.7180512875495536,0.030193635355698193
S2_N25_V4,LMM,biomarker_01,5,200,-0.5020140313042922,-0.30497283500902184,0.10380156533273885,-0.6300713325741594,0.03222570593907721
S2_N25_V4,LMM,biomarker_01,6,200,-0.369936847987953,-0.24311101118114944,0.08260055866006658,-0.5204366136352163,0.03579925223253026
S2_N25_V4,LMM,biomarker_01,7,200,-0.2433269893969035,-0.18311680047777099,0.0625251054892363,-0.3940137011534143,0.035601463895963394
S2_N25_V4,LMM,biomarker_01,8,200,-0.12189895206118902,-0.1263343862271272,0.04298372307281217,-0.26145053658221,0.03598593001473276
S2_N25_V4,LMM,biomarker_01,9,200,-0.004392135087194987,-0.07022305260901378,0.025611301676686488,-0.12221101292493204,0.03713141976853565
S2_N25_V4,LMM,biomarker_01,10,200,0.11368154717938615,-0.013393626261624658,0.014590511970506103,0.022612048445806634,0.0374745510821195
S2_N25_V4,LMM,biomarker_01,11,200,0.23509238384018738,0.04593780578164228,0.021781881516826283,0.17109708282912348,0.03845949128885764
S2_N25_V4,LMM,biomarker_01,12,200,0.35922608866864353,0.10567927644656766,0.03936572530798214,0.3134874634269815,0.03529047141412484
S2_N25_V4,LMM,biomarker_01,13,200,0.4866444405623508,0.16802623152155546,0.060323153530464725,0.44959531515098594,0.03243168049239954
S2_N25_V4,LMM,biomarker_01,14,200,0.6198811024109838,0.23326161473842644,0.081464192673299,0.5728250600961649,0.030526714826750394
S2_N25_V4,LMM,biomarker_01,15,200,0.7639271204745764,0.3061454027901519,0.10624607438388466,0.6824021438352819,0.028785504955394864
S2_N25_V4,LMM,biomarker_01,16,200,0.9284320728847447,0.39097489067980573,0.1341221279711169,0.7685392682476503,0.02691883190720145
S2_N25_V4,LMM,biomarker_01,17,200,1.1244338453214755,0.4933787759011105,0.16720818925475756,0.8108559799738834,0.028902515310291078
S2_N25_V4,LMM,biomarker_01,18,200,1.3858470431383132,0.6412366937450105,0.21896314618636445,0.7657373096606578,0.03849702243832264
S2_N25_V4,LMM,biomarker_01,19,200,2.224281885663194,1.2904370961090847,0.44350488959052253,0.7718278879304381,0.41187371170657866
S2_N25_V4,MERF,biomarker_01,0,200,-2.0404853510925425,-0.41304810633705924,0.12312025931147867,-0.42018447767155825,0.0802319654829833
S2_N25_V4,MERF,biomarker_01,1,200,-1.2551590934706855,-0.4358643038264539,0.1159455995044933,-0.7031590217430964,0.0478472879439275
S2_N25_V4,MERF,biomarker_01,2,200,-0.9988016913473834,-0.44526424723315167,0.11116542485716475,-0.783648687453737,0.032267258485880315
S2_N25_V4,MERF,biomarker_01,3,200,-0.8069779410221494,-0.44437742312395156,0.10929329775075862,-0.7757528883090966,0.027958676104958464
S2_N25_V4,MERF,biomarker_01,4,200,-0.6454825616852734,-0.43640290351068667,0.10744688329048746,-0.7180512875495536,0.030193635355698193
S2_N25_V4,MERF,biomarker_01,5,200,-0.5020140313042922,-0.4161304005055718,0.10449729187113402,-0.6300713325741594,0.03222570593907721
S2_N25_V4,MERF,biomarker_01,6,200,-0.369936847987953,-0.37555804076294763,0.10793627888347822,-0.5204366136352163,0.03579925223253026
S2_N25_V4,MERF,biomarker_01,7,200,-0.2433269893969035,-0.3230187691546713,0.13369822961443922,-0.3940137011534143,0.035601463895963394
S2_N25_V4,MERF,biomarker_01,8,200,-0.12189895206118902,-0.2501701227232857,0.14556586572610716,-0.26145053658221,0.03598593001473276
S2_N25_V4,MERF,biomarker_01,9,200,-0.004392135087194987,-0.12815641959272875,0.18480408008701887,-0.12221101292493204,0.03713141976853565
S2_N25_V4,MERF,biomarker_01,10,200,0.11368154717938615,0.0040220811499284284,0.19557515241085469,0.022612048445806634,0.0374745510821195
S2_N25_V4,MERF,biomarker_01,11,200,0.23509238384018738,0.14354248099176023,0.18551886682134733,0.17109708282912348,0.03845949128885764
S2_N25_V4,MERF,biomarker_01,12,200,0.35922608866864353,0.2655075135415602,0.1620010150362364,0.3134874634269815,0.03529047141412484
S2_N25_V4,MERF,biomarker_01,13,200,0.4866444405623508,0.3633712010556102,0.1343114182694952,0.44959531515098594,0.03243168049239954
S2_N25_V4,MERF,biomarker_01,14,200,0.6198811024109838,0.42154233660083096,0.12961675588909488,0.5728250600961649,0.030526714826750394
S2_N25_V4,MERF,biomarker_01,15,200,0.7639271204745764,0.46531910821723776,0.12202353843129106,0.6824021438352819,0.028785504955394864
S2_N25_V4,MERF,biomarker_01,16,200,0.9284320728847447,0.49168590160891945,0.12858115052882135,0.7685392682476503,0.02691883190720145
S2_N25_V4,MERF,biomarker_01,17,200,1.1244338453214755,0.5029163714304038,0.12919138311642242,0.8108559799738834,0.028902515310291078
S2_N25_V4,MERF,biomarker_01,18,200,1.3858470431383132,0.5048649814357536,0.1300134399252136,0.7657373096606578,0.03849702243832264
S2_N25_V4,MERF,biomarker_01,19,200,2.224281885663194,0.5052187607385037,0.13085017583892514,0.7718278879304381,0.41187371170657866
S2_N25_V4,Mean,biomarker_01,0,200,-2.0404853510925425,0.0,0.0,-0.42018447767155825,0.0802319654829833
S2_N25_V4,Mean,biomarker_01,1,200,-1.2551590934706855,0.0,0.0,-0.7031590217430964,0.0478472879439275
S2_N25_V4,Mean,biomarker_01,2,200,-0.9988016913473834,0.0,0.0,-0.783648687453737,0.032267258485880315
S2_N25_V4,Mean,biomarker_01,3,200,-0.8069779410221494,0.0,0.0,-0.7757528883090966,0.027958676104958464
S2_N25_V4,Mean,biomarker_01,4,200,-0.6454825616852734,0.0,0.0,-0.7180512875495536,0.030193635355698193
S2_N25_V4,Mean,biomarker_01,5,200,-0.5020140313042922,0.0,0.0,-0.6300713325741594,0.03222570593907721
S2_N25_V4,Mean,biomarker_01,6,200,-0.369936847987953,0.0,0.0,-0.5204366136352163,0.03579925223253026
S2_N25_V4,Mean,biomarker_01,7,200,-0.2433269893969035,0.0,0.0,-0.3940137011534143,0.035601463895963394
S2_N25_V4,Mean,biomarker_01,8,200,-0.12189895206118902,0.0,0.0,-0.26145053658221,0.03598593001473276
S2_N25_V4,Mean,biomarker_01,9,200,-0.004392135087194987,0.0,0.0,-0.12221101292493204,0.03713141976853565
S2_N25_V4,Mean,biomarker_01,10,200,0.11368154717938615,0.0,0.0,0.022612048445806634,0.0374745510821195
S2_N25_V4,Mean,biomarker_01,11,200,0.23509238384018738,0.0,0.0,0.17109708282912348,0.03845949128885764
S2_N25_V4,Mean,biomarker_01,12,200,0.35922608866864353,0.0,0.0,0.3134874634269815,0.03529047141412484
S2_N25_V4,Mean,biomarker_01,13,200,0.4866444405623508,0.0,0.0,0.44959531515098594,0.03243168049239954
S2_N25_V4,Mean,biomarker_01,14,200,0.6198811024109838,0.0,0.0,0.5728250600961649,0.030526714826750394
S2_N25_V4,Mean,biomarker_01,15,200,0.7639271204745764,0.0,0.0,0.6824021438352819,0.028785504955394864
S2_N25_V4,Mean,biomarker_01,16,200,0.9284320728847447,0.0,0.0,0.7685392682476503,0.02691883190720145
S2_N25_V4,Mean,biomarker_01,17,200,1.1244338453214755,0.0,0.0,0.8108559799738834,0.028902515310291078
S2_N25_V4,Mean,biomarker_01,18,200,1.3858470431383132,0.0,0.0,0.7657373096606578,0.03849702243832264
S2_N25_V4,Mean,biomarker_01,19,200,2.224281885663194,0.0,0.0,0.7718278879304381,0.41187371170657866
S2_N25_V4,RF,biomarker_01,0,200,-2.0404853510925425,-0.4132584966290305,0.1366550436372469,-0.42018447767155825,0.0802319654829833
S2_N25_V4,RF,biomarker_01,1,200,-1.2551590934706855,-0.4323340286696293,0.13517772186414562,-0.7031590217430964,0.0478472879439275
S2_N25_V4,RF,biomarker_01,2,200,-0.9988016913473834,-0.4425406463092187,0.12958930111131037,-0.783648687453737,0.032267258485880315
S2_N25_V4,RF,biomarker_01,3,200,-0.8069779410221494,-0.440623849591714,0.12603828719991797,-0.7757528883090966,0.027958676104958464
S2_N25_V4,RF,biomarker_01,4,200,-0.6454825616852734,-0.4307350683493167,0.12124230743045573,-0.7180512875495536,0.030193635355698193
S2_N25_V4,RF,biomarker_01,5,200,-0.5020140313042922,-0.41079344788133804,0.11684222690881399,-0.6300713325741594,0.03222570593907721
S2_N25_V4,RF,biomarker_01,6,200,-0.369936847987953,-0.3717471408099503,0.1189574699137266,-0.5204366136352163,0.03579925223253026
S2_N25_V4,RF,biomarker_01,7,200,-0.2433269893969035,-0.3219281394691479,0.13252929727829493,-0.3940137011534143,0.035601463895963394
S2_N25_V4,RF,biomarker_01,8,200,-0.12189895206118902,-0.24670567927923376,0.14357861519146653,-0.26145053658221,0.03598593001473276
S2_N25_V4,RF,biomarker_01,9,200,-0.004392135087194987,-0.1294671581923357,0.17109828309213762,-0.12221101292493204,0.03713141976853565
S2_N25_V4,RF,biomarker_01,10,200,0.11368154717938615,0.004724666660913995,0.19202241036103362,0.022612048445806634,0.0374745510821195
S2_N25_V4,RF,biomarker_01,11,200,0.23509238384018738,0.13403845028498876,0.18121322919341495,0.17109708282912348,0.03845949128885764
S2_N25_V4,RF,biomarker_01,12,200,0.35922608866864353,0.2498164022332742,0.17300980662798068,0.3134874634269815,0.03529047141412484
S2_N25_V4,RF,biomarker_01,13,200,0.4866444405623508,0.3538673265986215,0.15443546315669035,0.44959531515098594,0.03243168049239954
S2_N25_V4,RF,biomarker_01,14,200,0.6198811024109838,0.4174064194180157,0.14771651512606873,0.5728250600961649,0.030526714826750394
S2_N25_V4,RF,biomarker_01,15,200,0.7639271204745764,0.46523557956748546,0.1415184737221626,0.6824021438352819,0.028785504955394864
S2_N25_V4,RF,biomarker_01,16,200,0.9284320728847447,0.4946812694420993,0.1469452661244363,0.7685392682476503,0.02691883190720145
S2_N25_V4,RF,biomarker_01,17,200,1.1244338453214755,0.504864387847051,0.14743176244407172,0.8108559799738834,0.028902515310291078
S2_N25_V4,RF,biomarker_01,18,200,1.3858470431383132,0.5077381160863189,0.14812805756829978,0.7657373096606578,0.03849702243832264
S2_N25_V4,RF,biomarker_01,19,200,2.224281885663194,0.507761037042146,0.14920967402979562,0.7718278879304381,0.41187371170657866
S2_N50_V2,GAM,biomarker_01,0,200,-1.995305958005069,-0.2544548943784467,0.14820655134882335,-0.3704766229684375,0.10174951468260876
S2_N50_V2,GAM,biomarker_01,1,200,-1.2885086734781195,-0.3097613451315222,0.13601000514532954,-0.6801550767014567,0.05877141727157538
S2_N50_V2,GAM,biomarker_01,2,200,-1.026908696330589,-0.32247697284084054,0.1336315876394862,-0.7765993637207735,0.03780281303149586
S2_N50_V2,GAM,biomarker_01,3,200,-0.832045768584594,-0.3136352422536525,0.1309535306224398,-0.7781835590851297,0.033099018955569486
S2_N50_V2,GAM,biomarker_01,4,200,-0.668176545631748,-0.29027903803627614,0.1251058822557557,-0.7263174983858169,0.03547560481347636
S2_N50_V2,GAM,biomarker_01,5,200,-0.5203187229347477,-0.25642268399961365,0.1137863670277179,-0.6395163930735427,0.039138616744174994
S2_N50_V2,GAM,biomarker_01,6,200,-0.3840829804527399,-0.2156160790668642,0.09774484681742633,-0.530368095349916,0.03927023309255345
S2_N50_V2,GAM,biomarker_01,7,200,-0.2545966580848488,-0.16800057370655622,0.08090149581363724,-0.40261780145408077,0.04175709938953209
S2_N50_V2,GAM,biomarker_01,8,200,-0.12942717722259536,-0.11664579592108466,0.06501884757670111,-0.265710340749638,0.047376910546394396
S2_N50_V2,GAM,biomarker_01,9,200,-0.006411347009658742,-0.05990265090408871,0.05017440544166384,-0.11910000750099024,0.050663298706897744
S2_N50_V2,GAM,biomarker_01,10,200,0.11627489035771359,-0.0013412336778690565,0.0436299848019144,0.028886378826797204,0.04865990424337973
S2_N50_V2,GAM,biomarker_01,11,200,0.24059813662591437,0.06071304290609064,0.04935094965995547,0.18058881877219515,0.044893690104360735
S2_N50_V2,GAM,biomarker_01,12,200,0.36840312917252765,0.12376446089135808,0.06712648381840267,0.3270199010499256,0.04154831921066631
S2_N50_V2,GAM,biomarker_01,13,200,0.4990844817256505,0.18575695369906625,0.08903488143737077,0.463778794401293,0.03757155303353298
S2_N50_V2,GAM,biomarker_01,14,200,0.636770105037384,0.24673697015725948,0.11061838437291051,0.5901064966149531,0.03468267069890626
S2_N50_V2,GAM,biomarker_01,15,200,0.785551304793162,0.3032922346859963,0.13273554883980412,0.6965390057573825,0.03265352427516025
S2_N50_V2,GAM,biomarker_01,16,200,0.9519310256523168,0.3541604599043147,0.15132884417851344,0.7765650044699054,0.03071190459492339
S2_N50_V2,GAM,biomarker_01,17,200,1.1522597721623447,0.3923384041224327,0.16764582806206002,0.8107061080424391,0.03384321700295095
S2_N50_V2,GAM,biomarker_01,18,200,1.4230286678590007,0.4023783474499157,0.1842418049414512,0.7513775177627903,0.05109470511809561
S2_N50_V2,GAM,biomarker_01,19,200,2.16184606225406,0.23939563610038092,0.26373572625455544,0.6634767332921012,0.3863873939372649
S2_N50_V2,GPR,biomarker_01,0,200,-1.995305958005069,-0.3687832248169184,0.24899004055096954,-0.3704766229684375,0.10174951468260876
S2_N50_V2,GPR,biomarker_01,1,200,-1.2885086734781195,-0.562583134120309,0.22650829051991458,-0.6801550767014567,0.05877141727157538
S2_N50_V2,GPR,biomarker_01,2,200,-1.026908696330589,-0.6204194960341534,0.22260412612717728,-0.7765993637207735,0.03780281303149586
S2_N50_V2,GPR,biomarker_01,3,200,-0.832045768584594,-0.6238429519982934,0.2124488123776679,-0.7781835590851297,0.033099018955569486
S2_N50_V2,GPR,biomarker_01,4,200,-0.668176545631748,-0.5820798864087522,0.2024067784055957,-0.7263174983858169,0.03547560481347636
S2_N50_V2,GPR,biomarker_01,5,200,-0.5203187229347477,-0.5121076565099554,0.185701425902122,-0.6395163930735427,0.039138616744174994
S2_N50_V2,GPR,biomarker_01,6,200,-0.3840829804527399,-0.43198132669590295,0.17823557951529045,-0.530368095349916,0.03927023309255345
S2_N50_V2,GPR,biomarker_01,7,200,-0.2545966580848488,-0.32995361644776383,0.15296053501242696,-0.40261780145408077,0.04175709938953209
S2_N50_V2,GPR,biomarker_01,8,200,-0.12942717722259536,-0.22205786470861053,0.13439319208191558,-0.265710340749638,0.047376910546394396
S2_N50_V2,GPR,biomarker_01,9,200,-0.006411347009658742,-0.09897815506673041,0.10845096828262651,-0.11910000750099024,0.050663298706897744
S2_N50_V2,GPR,biomarker_01,10,200,0.11627489035771359,0.02069546283446738,0.10856588504529208,0.028886378826797204,0.04865990424337973
S2_N50_V2,GPR,biomarker_01,11,200,0.24059813662591437,0.1468313532975055,0.12965973411863138,0.18058881877219515,0.044893690104360735
S2_N50_V2,GPR,biomarker_01,12,200,0.36840312917252765,0.27114092944842416,0.15179805535572524,0.3270199010499256,0.04154831921066631
S2_N50_V2,GPR,biomarker_01,13,200,0.4990844817256505,0.39362922352002605,0.17426522896371024,0.463778794401293,0.03757155303353298
S2_N50_V2,GPR,biomarker_01,14,200,0.636770105037384,0.5032482146839392,0.18839686270587236,0.5901064966149531,0.03468267069890626
S2_N50_V2,GPR,biomarker_01,15,200,0.785551304793162,0.5958344763639674,0.2101333085559062,0.6965390057573825,0.03265352427516025
S2_N50_V2,GPR,biomarker_01,16,200,0.9519310256523168,0.6702140798214681,0.21918342557834758,0.7765650044699054,0.03071190459492339
S2_N50_V2,GPR,biomarker_01,17,200,1.1522597721623447,0.7224877145948377,0.24186082583125645,0.8107061080424391,0.03384321700295095
S2_N50_V2,GPR,biomarker_01,18,200,1.4230286678590007,0.7087728382539779,0.27237069984453266,0.7513775177627903,0.05109470511809561
S2_N50_V2,GPR,biomarker_01,19,200,2.16184606225406,0.3199330199887761,0.3546912551118204,0.6634767332921012,0.3863873939372649
S2_N50_V2,LMM,biomarker_01,0,200,-1.995305958005069,-0.7273651441441187,0.2602975115626569,-0.3704766229684375,0.10174951468260876
S2_N50_V2,LMM,biomarker_01,1,200,-1.2885086734781195,-0.5914839573129899,0.21335843572693378,-0.6801550767014567,0.05877141727157538
S2_N50_V2,LMM,biomarker_01,2,200,-1.026908696330589,-0.4950156166808356,0.17804796649372406,-0.7765993637207735,0.03780281303149586
S2_N50_V2,LMM,biomarker_01,3,200,-0.832045768584594,-0.41754758774332407,0.14934134304117577,-0.7781835590851297,0.033099018955569486
S2_N50_V2,LMM,biomarker_01,4,200,-0.668176545631748,-0.3483673962556725,0.12397982557420796,-0.7263174983858169,0.03547560481347636
S2_N50_V2,LMM,biomarker_01,5,200,-0.5203187229347477,-0.2850733013653943,0.10130988818831102,-0.6395163930735427,0.039138616744174994
S2_N50_V2,LMM,biomarker_01,6,200,-0.3840829804527399,-0.22688270800902127,0.08035106946739447,-0.530368095349916,0.03927023309255345
S2_N50_V2,LMM,biomarker_01,7,200,-0.2545966580848488,-0.1700472999889381,0.06033307710883359,-0.40261780145408077,0.04175709938953209
S2_N50_V2,LMM,biomarker_01,8,200,-0.12942717722259536,-0.11604127682146807,0.043551929615629315,-0.265710340749638,0.047376910546394396
S2_N50_V2,LMM,biomarker_01,9,200,-0.006411347009658742,-0.06118457987385738,0.02735728432157139,-0.11910000750099024,0.050663298706897744
S2_N50_V2,LMM,biomarker_01,10,200,0.11627489035771359,-0.00707267092800098,0.01819203179356668,0.028886378826797204,0.04865990424337973
S2_N50_V2,LMM,biomarker_01,11,200,0.24059813662591437,0.049571988298645626,0.02553681712348451,0.18058881877219515,0.044893690104360735
S2_N50_V2,LMM,biomarker_01,12,200,0.36840312917252765,0.10711696112211977,0.04309324996188166,0.3270199010499256,0.04154831921066631
S2_N50_V2,LMM,biomarker_01,13,200,0.4990844817256505,0.16565245423059896,0.06271277278605338,0.463778794401293,0.03757155303353298
S2_N50_V2,LMM,biomarker_01,14,200,0.636770105037384,0.2288673033200515,0.08300877009885153,0.5901064966149531,0.03468267069890626
S2_N50_V2,LMM,biomarker_01,15,200,0.785551304793162,0.2969681290081175,0.10541301718542835,0.6965390057573825,0.03265352427516025
S2_N50_V2,LMM,biomarker_01,16,200,0.9519310256523168,0.37632677453730706,0.13398116822160366,0.7765650044699054,0.03071190459492339
S2_N50_V2,LMM,biomarker_01,17,200,1.1522597721623447,0.47511385508582094,0.16941982767717814,0.8107061080424391,0.03384321700295095
S2_N50_V2,LMM,biomarker_01,18,200,1.4230286678590007,0.6163269932228842,0.22078727549814187,0.7513775177627903,0.05109470511809561
S2_N50_V2,LMM,biomarker_01,19,200,2.16184606225406,1.1301370802980752,0.4199197111713293,0.6634767332921012,0.3863873939372649
S2_N50_V2,MERF,biomarker_01,0,200,-1.995305958005069,-0.42474981178795174,0.10897695764784418,-0.3704766229684375,0.10174951468260876
S2_N50_V2,MERF,biomarker_01,1,200,-1.2885086734781195,-0.44429000709025146,0.10373895820604889,-0.6801550767014567,0.05877141727157538
S2_N50_V2,MERF,biomarker_01,2,200,-1.026908696330589,-0.4514782185211935,0.10071293943076601,-0.7765993637207735,0.03780281303149586
S2_N50_V2,MERF,biomarker_01,3,200,-0.832045768584594,-0.4491941639112783,0.0983834955032652,-0.7781835590851297,0.033099018955569486
S2_N50_V2,MERF,biomarker_01,4,200,-0.668176545631748,-0.4395373086328649,0.09884142245958136,-0.7263174983858169,0.03547560481347636
S2_N50_V2,MERF,biomarker_01,5,200,-0.5203187229347477,-0.4238745193838011,0.09807229647540686,-0.6395163930735427,0.039138616744174994
S2_N50_V2,MERF,biomarker_01,6,200,-0.3840829804527399,-0.3941622347204914,0.10055473960772096,-0.530368095349916,0.03927023309255345
S2_N50_V2,MERF,biomarker_01,7,200,-0.2545966580848488,-0.33870281893694254,0.12646702835546608,-0.40261780145408077,0.04175709938953209
S2_N50_V2,MERF,biomarker_01,8,200,-0.12942717722259536,-0.25630494108655877,0.1615269266340546,-0.265710340749638,0.047376910546394396
S2_N50_V2,MERF,biomarker_01,9,200,-0.006411347009658742,-0.13648083120950008,0.176541788399267,-0.11910000750099024,0.050663298706897744
S2_N50_V2,MERF,biomarker_01,10,200,0.11627489035771359,0.005250995689096324,0.2000536002066163,0.028886378826797204,0.04865990424337973
S2_N50_V2,MERF,biomarker_01,11,200,0.24059813662591437,0.14555803425588698,0.1936246495588867,0.18058881877219515,0.044893690104360735
S2_N50_V2,MERF,biomarker_01,12,200,0.36840312917252765,0.26050030825086123,0.1718269107793687,0.3270199010499256,0.04154831921066631
S2_N50_V2,MERF,biomarker_01,13,200,0.4990844817256505,0.3615239414824466,0.14700361672606937,0.463778794401293,0.03757155303353298
S2_N50_V2,MERF,biomarker_01,14,200,0.636770105037384,0.4361061564117372,0.12343993801281251,0.5901064966149531,0.03468267069890626
S2_N50_V2,MERF,biomarker_01,15,200,0.785551304793162,0.4769282482812555,0.12758821394069406,0.6965390057573825,0.03265352427516025
S2_N50_V2,MERF,biomarker_01,16,200,0.9519310256523168,0.5067834003026039,0.12762785451561576,0.7765650044699054,0.03071190459492339
S2_N50_V2,MERF,biomarker_01,17,200,1.1522597721623447,0.5191201671930292,0.13306892383626168,0.8107061080424391,0.03384321700295095
S2_N50_V2,MERF,biomarker_01,18,200,1.4230286678590007,0.5231891346796678,0.13328792563098876,0.7513775177627903,0.05109470511809561
S2_N50_V2,MERF,biomarker_01,19,200,2.16184606225406,0.5238144687342491,0.13445911054619292,0.6634767332921012,0.3863873939372649
S2_N50_V2,Mean,biomarker_01,0,200,-1.995305958005069,0.0,0.0,-0.3704766229684375,0.10174951468260876
S2_N50_V2,Mean,biomarker_01,1,200,-1.2885086734781195,0.0,0.0,-0.6801550767014567,0.05877141727157538
S2_N50_V2,Mean,biomarker_01,2,200,-1.026908696330589,0.0,0.0,-0.7765993637207735,0.03780281303149586
S2_N50_V2,Mean,biomarker_01,3,200,-0.832045768584594,0.0,0.0,-0.7781835590851297,0.033099018955569486
S2_N50_V2,Mean,biomarker_01,4,200,-0.668176545631748,0.0,0.0,-0.7263174983858169,0.03547560481347636
S2_N50_V2,Mean,biomarker_01,5,200,-0.5203187229347477,0.0,0.0,-0.6395163930735427,0.039138616744174994
S2_N50_V2,Mean,biomarker_01,6,200,-0.3840829804527399,0.0,0.0,-0.530368095349916,0.03927023309255345
S2_N50_V2,Mean,biomarker_01,7,200,-0.2545966580848488,0.0,0.0,-0.40261780145408077,0.04175709938953209
S2_N50_V2,Mean,biomarker_01,8,200,-0.12942717722259536,0.0,0.0,-0.265710340749638,0.047376910546394396
S2_N50_V2,Mean,biomarker_01,9,200,-0.006411347009658742,0.0,0.0,-0.11910000750099024,0.050663298706897744
S2_N50_V2,Mean,biomarker_01,10,200,0.11627489035771359,0.0,0.0,0.028886378826797204,0.04865990424337973
S2_N50_V2,Mean,biomarker_01,11,200,0.24059813662591437,0.0,0.0,0.18058881877219515,0.044893690104360735
S2_N50_V2,Mean,biomarker_01,12,200,0.36840312917252765,0.0,0.0,0.3270199010499256,0.04154831921066631
S2_N50_V2,Mean,biomarker_01,13,200,0.4990844817256505,0.0,0.0,0.463778794401293,0.03757155303353298
S2_N50_V2,Mean,biomarker_01,14,200,0.636770105037384,0.0,0.0,0.5901064966149531,0.03468267069890626
S2_N50_V2,Mean,biomarker_01,15,200,0.785551304793162,0.0,0.0,0.6965390057573825,0.03265352427516025
S2_N50_V2,Mean,biomarker_01,16,200,0.9519310256523168,0.0,0.0,0.7765650044699054,0.03071190459492339
S2_N50_V2,Mean,biomarker_01,17,200,1.1522597721623447,0.0,0.0,0.8107061080424391,0.03384321700295095
S2_N50_V2,Mean,biomarker_01,18,200,1.4230286678590007,0.0,0.0,0.7513775177627903,0.05109470511809561
S2_N50_V2,Mean,biomarker_01,19,200,2.16184606225406,0.0,0.0,0.6634767332921012,0.3863873939372649
S2_N50_V2,RF,biomarker_01,0,200,-1.995305958005069,-0.4252697219684176,0.11885673830172143,-0.3704766229684375,0.10174951468260876
S2_N50_V2,RF,biomarker_01,1,200,-1.2885086734781195,-0.4500407899409647,0.11038446763740363,-0.6801550767014567,0.05877141727157538
S2_N50_V2,RF,biomarker_01,2,200,-1.026908696330589,-0.4606477195761034,0.10751804280961026,-0.7765993637207735,0.03780281303149586
S2_N50_V2,RF,biomarker_01,3,200,-0.832045768584594,-0.45853418381536953,0.10567450687101679,-0.7781835590851297,0.033099018955569486
S2_N50_V2,RF,biomarker_01,4,200,-0.668176545631748,-0.4472040929172278,0.1064369317955997,-0.7263174983858169,0.03547560481347636
S2_N50_V2,RF,biomarker_01,5,200,-0.5203187229347477,-0.4281473332316025,0.10467683712142438,-0.6395163930735427,0.039138616744174994
S2_N50_V2,RF,biomarker_01,6,200,-0.3840829804527399,-0.39565465800522653,0.10606696457055945,-0.530368095349916,0.03927023309255345
S2_N50_V2,RF,biomarker_01,7,200,-0.2545966580848488,-0.33602434753201627,0.12652561637932078,-0.40261780145408077,0.04175709938953209
S2_N50_V2,RF,biomarker_01,8,200,-0.12942717722259536,-0.24797743138925007,0.15660467190695526,-0.265710340749638,0.047376910546394396
S2_N50_V2,RF,biomarker_01,9,200,-0.006411347009658742,-0.13349431979265577,0.16620416512622502,-0.11910000750099024,0.050663298706897744
S2_N50_V2,RF,biomarker_01,10,200,0.11627489035771359,-0.003735106925996065,0.1777504793672433,0.028886378826797204,0.04865990424337973
S2_N50_V2,RF,biomarker_01,11,200,0.24059813662591437,0.1276179038057697,0.1836947469567577,0.18058881877219515,0.044893690104360735
S2_N50_V2,RF,biomarker_01,12,200,0.36840312917252765,0.24367150660064874,0.1720688930933436,0.3270199010499256,0.04154831921066631
S2_N50_V2,RF,biomarker_01,13,200,0.4990844817256505,0.35393365350667133,0.154746508286694,0.463778794401293,0.03757155303353298
S2_N50_V2,RF,biomarker_01,14,200,0.636770105037384,0.4396241248335484,0.1385359160256772,0.5901064966149531,0.03468267069890626
S2_N50_V2,RF,biomarker_01,15,200,0.785551304793162,0.48748163435676434,0.13650178670407276,0.6965390057573825,0.03265352427516025
S2_N50_V2,RF,biomarker_01,16,200,0.9519310256523168,0.520978147405223,0.13503957354006463,0.7765650044699054,0.03071190459492339
S2_N50_V2,RF,biomarker_01,17,200,1.1522597721623447,0.5351381947951643,0.13713098128199047,0.8107061080424391,0.03384321700295095
S2_N50_V2,RF,biomarker_01,18,200,1.4230286678590007,0.5391983260633114,0.14004883909085133,0.7513775177627903,0.05109470511809561
S2_N50_V2,RF,biomarker_01,19,200,2.16184606225406,0.5390862137277291,0.14206053051898446,0.6634767332921012,0.3863873939372649
S3,GAM,biomarker_01,0,200,-2.0272762256771153,-0.26512204298317765,0.1376978322408898,-0.43527732239971145,0.028629845047597805
S3,GAM,biomarker_01,1,200,-1.2464542330814574,-0.30513842853129475,0.12923388437761546,-0.43527732239971145,0.028629845047597805
S3,GAM,biomarker_01,2,200,-0.9897043883311936,-0.32107410877779313,0.12496934182523174,-0.43527732239971145,0.028629845047597805
S3,GAM,biomarker_01,3,200,-0.7991302618729687,-0.32435951463455964,0.12211380003214722,-0.43527732239971145,0.028629845047597805
S3,GAM,biomarker_01,4,200,-0.6388452723564528,-0.31848055137849335,0.11994639286901199,-0.43527732239971145,0.028629845047597805
S3,GAM,biomarker_01,5,200,-0.4961643774511035,-0.30562433107974196,0.1174105043697936,-0.43527732239971145,0.028629845047597805
S3,GAM,biomarker_01,6,200,-0.3639842821340501,-0.2857449968714764,0.11332986702154228,-0.43527732239971145,0.028629845047597805
S3,GAM,biomarker_01,7,200,-0.23783358349657116,-0.2587642699583892,0.10773544817800118,-0.43527732239971145,0.028629845047597805
S3,GAM,biomarker_01,8,200,-0.11645166241865404,-0.22553450985722193,0.10093189623931886,-0.43527732239971145,0.028629845047597805
S3,GAM,biomarker_01,9,200,0.0022646287058165817,-0.18461597627755155,0.09202536022898138,-0.43527732239971145,0.028629845047597805
S3,GAM,biomarker_01,10,200,0.12114463938730781,-0.13579013828367636,0.08118050896821426,-0.4346368981665496,0.02801419411055306
S3,GAM,biomarker_01,11,200,0.24081990299544734,-0.07871348322146772,0.06824446623482523,-0.3713355045183446,0.03448247648298486
S3,GAM,biomarker_01,12,200,0.3621408951206269,-0.014038041179474159,0.05550586075255003,-0.22696745447310643,0.03756488435739338
S3,GAM,biomarker_01,13,200,0.48757857559296935,0.059984546382951136,0.04724459306424176,-0.07213590599796939,0.0383021432580074
S3,GAM,biomarker_01,14,200,0.6209563386097903,0.1452820121117916,0.05329552353545615,0.09384806429398107,0.03935228583267345
S3,GAM,biomarker_01,15,200,0.765689037718817,0.2425625967026547,0.07861413544336332,0.27599180957458375,0.04085187254774673
S3,GAM,biomarker_01,16,200,0.9282402513236135,0.35587918511210115,0.11587889250744841,0.4848349180191087,0.04182940223416707
S3,GAM,biomarker_01,17,200,1.1229886250793433,0.49325923936626254,0.17201870506291558,0.7444229718786899,0.04995327720940218
S3,GAM,biomarker_01,18,200,1.3865849628222058,0.6749397455177655,0.26517019614710624,1.1188671129316585,0.06178350058771662
S3,GAM,biomarker_01,19,200,2.2161899142071797,1.0510930678407915,0.6405912819782894,2.739884110455063,0.35953373056460386
S3,GPR,biomarker_01,0,200,-2.0272762256771153,-0.3733952240432052,0.1603393704714019,-0.43527732239971145,0.028629845047597805
S3,GPR,biomarker_01,1,200,-1.2464542330814574,-0.38857834033866695,0.12934927552646186,-0.43527732239971145,0.028629845047597805
S3,GPR,biomarker_01,2,200,-0.9897043883311936,-0.39272399788713913,0.11792790343107024,-0.43527732239971145,0.028629845047597805
S3,GPR,biomarker_01,3,200,-0.7991302618729687,-0.39635065073395886,0.11009144828060136,-0.43527732239971145,0.028629845047597805
S3,GPR,biomarker_01,4,200,-0.6388452723564528,-0.3972303073762189,0.10314357616380844,-0.43527732239971145,0.028629845047597805
S3,GPR,biomarker_01,5,200,-0.4961643774511035,-0.3928304222129981,0.10299997477654549,-0.43527732239971145,0.028629845047597805
S3,GPR,biomarker_01,6,200,-0.3639842821340501,-0.3819563769998748,0.10100666434813554,-0.43527732239971145,0.028629845047597805
S3,GPR,biomarker_01,7,200,-0.23783358349657116,-0.3593502819993558,0.10100754140469052,-0.43527732239971145,0.028629845047597805
S3,GPR,biomarker_01,8,200,-0.11645166241865404,-0.3306765138907086,0.10401998403068667,-0.43527732239971145,0.028629845047597805
S3,GPR,biomarker_01,9,200,0.0022646287058165817,-0.29245046681981524,0.10505579521747613,-0.43527732239971145,0.028629845047597805
S3,GPR,biomarker_01,10,200,0.12114463938730781,-0.24220516753472304,0.10733010124435116,-0.4346368981665496,0.02801419411055306
S3,GPR,biomarker_01,11,200,0.24081990299544734,-0.1726541256062756,0.10691511848845694,-0.3713355045183446,0.03448247648298486
S3,GPR,biomarker_01,12,200,0.3621408951206269,-0.08283291602150354,0.10622776259248377,-0.22696745447310643,0.03756488435739338
S3,GPR,biomarker_01,13,200,0.48757857559296935,0.029164341885295916,0.10855947858495442,-0.07213590599796939,0.0383021432580074
S3,GPR,biomarker_01,14,200,0.6209563386097903,0.1646901381058901,0.11237086686831631,0.09384806429398107,0.03935228583267345
S3,GPR,biomarker_01,15,200,0.765689037718817,0.3260633818358555,0.1188036930945916,0.27599180957458375,0.04085187254774673
S3,GPR,biomarker_01,16,200,0.9282402513236135,0.515518953761935,0.12966610825057695,0.4848349180191087,0.04182940223416707
S3,GPR,biomarker_01,17,200,1.1229886250793433,0.7478569970690093,0.16471394413092644,0.7444229718786899,0.04995327720940218
S3,GPR,biomarker_01,18,200,1.3865849628222058,1.0507328379040384,0.2388490440037554,1.1188671129316585,0.06178350058771662
S3,GPR,biomarker_01,19,200,2.2161899142071797,1.36920814090242,0.6756797116916768,2.739884110455063,0.35953373056460386
S3,LMM,biomarker_01,0,200,-2.0272762256771153,-0.8150325390134141,0.139040840738989,-0.43527732239971145,0.028629845047597805
S3,LMM,biomarker_01,1,200,-1.2464542330814574,-0.6607048027999011,0.1133993862442666,-0.43527732239971145,0.028629845047597805
S3,LMM,biomarker_01,2,200,-0.9897043883311936,-0.5543314368562119,0.09601962510978254,-0.43527732239971145,0.028629845047597805
S3,LMM,biomarker_01,3,200,-0.7991302618729687,-0.46723455544228015,0.08127863580000207,-0.43527732239971145,0.028629845047597805
S3,LMM,biomarker_01,4,200,-0.6388452723564528,-0.3913829297684302,0.06830735668752028,-0.43527732239971145,0.028629845047597805
S3,LMM,biomarker_01,5,200,-0.4961643774511035,-0.32220791156866696,0.05746913912856069,-0.43527732239971145,0.028629845047597805
S3,LMM,biomarker_01,6,200,-0.3639842821340501,-0.25694851611136466,0.04572798458513595,-0.43527732239971145,0.028629845047597805
S3,LMM,biomarker_01,7,200,-0.23783358349657116,-0.19363868593473615,0.03514710162963325,-0.43527732239971145,0.028629845047597805
S3,LMM,biomarker_01,8,200,-0.11645166241865404,-0.13336247887848984,0.02607666542403158,-0.43527732239971145,0.028629845047597805
S3,LMM,biomarker_01,9,200,0.0022646287058165817,-0.07290168699987014,0.017558383116297278,-0.43527732239971145,0.028629845047597805
S3,LMM,biomarker_01,10,200,0.12114463938730781,-0.012543191255451017,0.013376186314751893,-0.4346368981665496,0.02801419411055306
S3,LMM,biomarker_01,11,200,0.24081990299544734,0.048605235672198634,0.015638785012569455,-0.3713355045183446,0.03448247648298486
S3,LMM,biomarker_01,12,200,0.3621408951206269,0.1105638599296599,0.023503154890879653,-0.22696745447310643,0.03756488435739338
S3,LMM,biomarker_01,13,200,0.48757857559296935,0.17587595679727588,0.032472587624618285,-0.07213590599796939,0.0383021432580074
S3,LMM,biomarker_01,14,200,0.6209563386097903,0.24623812821980146,0.04478250277968124,0.09384806429398107,0.03935228583267345
S3,LMM,biomarker_01,15,200,0.765689037718817,0.32341433818606724,0.05850062492083296,0.27599180957458375,0.04085187254774673
S3,LMM,biomarker_01,16,200,0.9282402513236135,0.41155694982606883,0.07219952097837737,0.4848349180191087,0.04182940223416707
S3,LMM,biomarker_01,17,200,1.1229886250793433,0.5210540737052445,0.08994056128211554,0.7444229718786899,0.04995327720940218
S3,LMM,biomarker_01,18,200,1.3865849628222058,0.6797237578241527,0.11969246693456707,1.1188671129316585,0.06178350058771662
S3,LMM,biomarker_01,19,200,2.2161899142071797,1.3632564344683467,0.2696915219618448,2.739884110455063,0.35953373056460386
S3,MERF,biomarker_01,0,200,-2.0272762256771153,-0.32374971354382565,0.060965186497466135,-0.43527732239971145,0.028629845047597805
S3,MERF,biomarker_01,1,200,-1.2464542330814574,-0.31895388544901826,0.05858543422264809,-0.43527732239971145,0.028629845047597805
S3,MERF,biomarker_01,2,200,-0.9897043883311936,-0.316065112089573,0.05794514451233477,-0.43527732239971145,0.028629845047597805
S3,MERF,biomarker_01,3,200,-0.7991302618729687,-0.3130857292269954,0.05673022760815871,-0.43527732239971145,0.028629845047597805
S3,MERF,biomarker_01,4,200,-0.6388452723564528,-0.3100810675136012,0.05490064728598911,-0.43527732239971145,0.028629845047597805
S3,MERF,biomarker_01,5,200,-0.4961643774511035,-0.30520321093346164,0.053934215474960384,-0.43527732239971145,0.028629845047597805
S3,MERF,biomarker_01,6,200,-0.3639842821340501,-0.29974273150157493,0.05425259008241901,-0.43527732239971145,0.028629845047597805
S3,MERF,biomarker_01,7,200,-0.23783358349657116,-0.2945789701349045,0.05530647158562421,-0.43527732239971145,0.028629845047597805
S3,MERF,biomarker_01,8,200,-0.11645166241865404,-0.2887698249914544,0.05626536761674405,-0.43527732239971145,0.028629845047597805
S3,MERF,biomarker_01,9,200,0.0022646287058165817,-0.2784018784254804,0.05693856195170551,-0.43527732239971145,0.028629845047597805
S3,MERF,biomarker_01,10,200,0.12114463938730781,-0.2619348057304547,0.058249638678147225,-0.4346368981665496,0.02801419411055306
S3,MERF,biomarker_01,11,200,0.24081990299544734,-0.22707192742636204,0.0710017410419215,-0.3713355045183446,0.03448247648298486
S3,MERF,biomarker_01,12,200,0.3621408951206269,-0.16130528054748208,0.1066674713969196,-0.22696745447310643,0.03756488435739338
S3,MERF,biomarker_01,13,200,0.48757857559296935,-0.06597303588100523,0.14782308286849558,-0.07213590599796939,0.0383021432580074
S3,MERF,biomarker_01,14,200,0.6209563386097903,0.11047941967212134,0.1964328577866689,0.09384806429398107,0.03935228583267345
S3,MERF,biomarker_01,15,200,0.765689037718817,0.329590810954166,0.219302919274399,0.27599180957458375,0.04085187254774673
S3,MERF,biomarker_01,16,200,0.9282402513236135,0.5435116737136282,0.2102405208332739,0.4848349180191087,0.04182940223416707
S3,MERF,biomarker_01,17,200,1.1229886250793433,0.7504844414171786,0.2000021571503279,0.7444229718786899,0.04995327720940218
S3,MERF,biomarker_01,18,200,1.3865849628222058,0.95837451458513,0.19947623733847178,1.1188671129316585,0.06178350058771662
S3,MERF,biomarker_01,19,200,2.2161899142071797,1.0724763130529695,0.24310861869817438,2.739884110455063,0.35953373056460386
S3,Mean,biomarker_01,0,200,-2.0272762256771153,0.0,0.0,-0.43527732239971145,0.028629845047597805
S3,Mean,biomarker_01,1,200,-1.2464542330814574,0.0,0.0,-0.43527732239971145,0.028629845047597805
S3,Mean,biomarker_01,2,200,-0.9897043883311936,0.0,0.0,-0.43527732239971145,0.028629845047597805
S3,Mean,biomarker_01,3,200,-0.7991302618729687,0.0,0.0,-0.43527732239971145,0.028629845047597805
S3,Mean,biomarker_01,4,200,-0.6388452723564528,0.0,0.0,-0.43527732239971145,0.028629845047597805
S3,Mean,biomarker_01,5,200,-0.4961643774511035,0.0,0.0,-0.43527732239971145,0.028629845047597805
S3,Mean,biomarker_01,6,200,-0.3639842821340501,0.0,0.0,-0.43527732239971145,0.028629845047597805
S3,Mean,biomarker_01,7,200,-0.23783358349657116,0.0,0.0,-0.43527732239971145,0.028629845047597805
S3,Mean,biomarker_01,8,200,-0.11645166241865404,0.0,0.0,-0.43527732239971145,0.028629845047597805
S3,Mean,biomarker_01,9,200,0.0022646287058165817,0.0,0.0,-0.43527732239971145,0.028629845047597805
S3,Mean,biomarker_01,10,200,0.12114463938730781,0.0,0.0,-0.4346368981665496,0.02801419411055306
S3,Mean,biomarker_01,11,200,0.24081990299544734,0.0,0.0,-0.3713355045183446,0.03448247648298486
S3,Mean,biomarker_01,12,200,0.3621408951206269,0.0,0.0,-0.22696745447310643,0.03756488435739338
S3,Mean,biomarker_01,13,200,0.48757857559296935,0.0,0.0,-0.07213590599796939,0.0383021432580074
S3,Mean,biomarker_01,14,200,0.6209563386097903,0.0,0.0,0.09384806429398107,0.03935228583267345
S3,Mean,biomarker_01,15,200,0.765689037718817,0.0,0.0,0.27599180957458375,0.04085187254774673
S3,Mean,biomarker_01,16,200,0.9282402513236135,0.0,0.0,0.4848349180191087,0.04182940223416707
S3,Mean,biomarker_01,17,200,1.1229886250793433,0.0,0.0,0.7444229718786899,0.04995327720940218
S3,Mean,biomarker_01,18,200,1.3865849628222058,0.0,0.0,1.1188671129316585,0.06178350058771662
S3,Mean,biomarker_01,19,200,2.2161899142071797,0.0,0.0,2.739884110455063,0.35953373056460386
S3,RF,biomarker_01,0,200,-2.0272762256771153,-0.33559157074420765,0.06914397400867141,-0.43527732239971145,0.028629845047597805
S3,RF,biomarker_01,1,200,-1.2464542330814574,-0.33002125675973076,0.06595385605736864,-0.43527732239971145,0.028629845047597805
S3,RF,biomarker_01,2,200,-0.9897043883311936,-0.32681881469396934,0.0645120018242035,-0.43527732239971145,0.028629845047597805
S3,RF,biomarker_01,3,200,-0.7991302618729687,-0.32181825172582335,0.0634101854507055,-0.43527732239971145,0.028629845047597805
S3,RF,biomarker_01,4,200,-0.6388452723564528,-0.3184388759524949,0.05944896267264674,-0.43527732239971145,0.028629845047597805
S3,RF,biomarker_01,5,200,-0.4961643774511035,-0.3138482744613522,0.05977284019694456,-0.43527732239971145,0.028629845047597805
S3,RF,biomarker_01,6,200,-0.3639842821340501,-0.30775032095045285,0.06154166773674188,-0.43527732239971145,0.028629845047597805
S3,RF,biomarker_01,7,200,-0.23783358349657116,-0.301156196374745,0.06098967259664541,-0.43527732239971145,0.028629845047597805
S3,RF,biomarker_01,8,200,-0.11645166241865404,-0.2943999702930081,0.06089969809154401,-0.43527732239971145,0.028629845047597805
S3,RF,biomarker_01,9,200,0.0022646287058165817,-0.28369299553930477,0.062146824306267855,-0.43527732239971145,0.028629845047597805
S3,RF,biomarker_01,10,200,0.12114463938730781,-0.26469322587267624,0.06210263988622943,-0.4346368981665496,0.02801419411055306
S3,RF,biomarker_01,11,200,0.24081990299544734,-0.22487902792993877,0.07465570854113614,-0.3713355045183446,0.03448247648298486
S3,RF,biomarker_01,12,200,0.3621408951206269,-0.15195989114062644,0.11270920261960127,-0.22696745447310643,0.03756488435739338
S3,RF,biomarker_01,13,200,0.48757857559296935,-0.04884171931911248,0.15099611678773792,-0.07213590599796939,0.0383021432580074
S3,RF,biomarker_01,14,200,0.6209563386097903,0.1206839299328153,0.19446969742967896,0.09384806429398107,0.03935228583267345
S3,RF,biomarker_01,15,200,0.765689037718817,0.3220841368007876,0.21037568191054548,0.27599180957458375,0.04085187254774673
S3,RF,biomarker_01,16,200,0.9282402513236135,0.538833660777566,0.20953114418809946,0.4848349180191087,0.04182940223416707
S3,RF,biomarker_01,17,200,1.1229886250793433,0.758337505958267,0.20533819392379177,0.7444229718786899,0.04995327720940218
S3,RF,biomarker_01,18,200,1.3865849628222058,0.982812327956133,0.2170546557908777,1.1188671129316585,0.06178350058771662
S3,RF,biomarker_01,19,200,2.2161899142071797,1.1011588303318742,0.2791768794390376,2.739884110455063,0.35953373056460386
S4,GAM,biomarker_01,0,200,-2.0372329670679568,-0.44867689466154514,0.15075035854790927,-0.5373840381613512,0.09617781351637812
S4,GAM,biomarker_01,1,200,-1.2578089846166898,-0.5545301441509143,0.14028132197023607,-0.8690450395094783,0.05939019812802804
S4,GAM,biomarker_01,2,200,-1.000791814776872,-0.5761242960327253,0.1446974472403295,-0.9654815400021769,0.0436708129725337
S4,GAM,biomarker_01,3,200,-0.8086210637208269,-0.5555492326986635,0.14220043755004363,-0.9566279418469179,0.03868194552377087
S4,GAM,biomarker_01,4,200,-0.6480839988216615,-0.5116649650961573,0.13495744164055964,-0.8887846399100731,0.03920640970344413
S4,GAM,biomarker_01,5,200,-0.5050462039316025,-0.4523170586065368,0.12398163658816135,-0.7828973913976973,0.039969087550850595
S4,GAM,biomarker_01,6,200,-0.3717892693863339,-0.3802046846302183,0.1091414934573936,-0.649125670799656,0.040148981489720084
S4,GAM,biomarker_01,7,200,-0.2451073595849162,-0.2991336752416388,0.09479519977324707,-0.49724252773400535,0.0435413773443153
S4,GAM,biomarker_01,8,200,-0.12436236110146906,-0.21177117062496953,0.08177713475718988,-0.33447162381379664,0.04538439188626082
S4,GAM,biomarker_01,9,200,-0.005206770277041309,-0.11494694796466126,0.07296705746707333,-0.1576541100451731,0.04857877826624299
S4,GAM,biomarker_01,10,200,0.1152238104940447,-0.012636537495922669,0.0708371834488738,0.02404675520786127,0.04636272874137915
S4,GAM,biomarker_01,11,200,0.23409464163315893,0.08915137546848659,0.07472267274082241,0.19996585359475788,0.04888555409876433
S4,GAM,biomarker_01,12,200,0.3539748771223855,0.1953303118178943,0.08507295653341729,0.3762728453992821,0.04847042947674193
S4,GAM,biomarker_01,13,200,0.4799983183893459,0.3053590028216264,0.10273247782782916,0.5485752092353963,0.04709918465525525
S4,GAM,biomarker_01,14,200,0.6146681836893041,0.4172429071136359,0.12209471823496992,0.7104752316980661,0.04395907240303872
S4,GAM,biomarker_01,15,200,0.7613899462427511,0.5273545794506974,0.14297749869780038,0.8529835560674232,0.04263768331985878
S4,GAM,biomarker_01,16,200,0.9265085481195575,0.6324926242031826,0.15983412758299817,0.9641601339047852,0.0400651661250052
S4,GAM,biomarker_01,17,200,1.1239761383046543,0.7220608987230244,0.17594273928986282,1.0206000212689972,0.0414639344649607
S4,GAM,biomarker_01,18,200,1.3878754033925405,0.7702901063056715,0.2147234730930655,0.9595304098264306,0.0529326325841617
S4,GAM,biomarker_01,19,200,2.2321241262546927,0.4582738012997338,0.5287280421911018,0.9821045070173261,0.5273633117219451
S4,GAM,biomarker_02,0,200,-2.02541712632271,-0.35285525538286544,0.1392798072551986,-0.6067747923611321,0.021437958263616684
S4,GAM,biomarker_02,1,200,-1.2204114668748085,-0.32217154345569154,0.10904643766475572,-0.4865457971278643,0.016803351644499198
S4,GAM,biomarker_02,2,200,-0.9665773991857962,-0.28450201339272263,0.08916954411058335,-0.4037075382099221,0.014133782401626221
S4,GAM,biomarker_02,3,200,-0.7824774594161319,-0.24726285896229386,0.07468365343374223,-0.3392658453121328,0.012626629193691815
S4,GAM,biomarker_02,4,200,-0.6324722196110318,-0.20994113520679508,0.06376436435827021,-0.28370334636584205,0.011219205911177445
S4,GAM,biomarker_02,5,200,-0.4998357059960559,-0.17214663525694768,0.0542653587959839,-0.23315663442015214,0.010275987559923426
S4,GAM,biomarker_02,6,200,-0.3776104056373737,-0.13453048041714016,0.04842175611057059,-0.18592310607889626,0.009670172667674143
S4,GAM,biomarker_02,7,200,-0.2629550346348675,-0.09720045988293555,0.044299039987907705,-0.14143233761814725,0.009612734180600612
S4,GAM,biomarker_02,8,200,-0.1536071451839946,-0.05991303510897852,0.04152569630294378,-0.09844479451819786,0.009614869631843747
S4,GAM,biomarker_02,9,200,-0.04618377277900415,-0.02179127060100987,0.040008173570218394,-0.05549363969415488,0.009033453915262517
S4,GAM,biomarker_02,10,200,0.06060166831517162,0.01628575284820914,0.03918275284242827,-0.013016441642857193,0.00903127734527881
S4,GAM,biomarker_02,11,200,0.16834508292988232,0.055744834256726154,0.038579888559025846,0.030701091997613575,0.00932554262530892
S4,GAM,biomarker_02,12,200,0.2793697680170872,0.09611179034350915,0.04071781684477493,0.07580330642690664,0.009680549707721742
S4,GAM,biomarker_02,13,200,0.3942645334579685,0.13695133624380615,0.04549300165208275,0.12261690435031866,0.01016781746885542
S4,GAM,biomarker_02,14,200,0.5166338568134978,0.17936543061991223,0.05261416850619291,0.17369876511133012,0.011239395541387613
S4,GAM,biomarker_02,15,200,0.6503560463973693,0.2228608933605361,0.06359033631320336,0.22959465601741588,0.012726481434855783
S4,GAM,biomarker_02,16,200,0.8032192188372419,0.2685833128756674,0.07864667634302064,0.29598930306322807,0.014446410850901896
S4,GAM,biomarker_02,17,200,0.9912150892394918,0.31510178207157596,0.09897225429344855,0.3799913523392158,0.017053976059809378
S4,GAM,biomarker_02,18,200,1.2472091371713256,0.3571864412949736,0.12982683522928481,0.5007845414086951,0.020115079009975508
S4,GAM,biomarker_02,19,200,2.070075387540525,0.2541231137524645,0.23864077128838304,1.0382843526345757,0.10678806269246653
S4,GPR,biomarker_01,0,200,-2.0372329670679568,-0.5236758437916107,0.2070662132838556,-0.5373840381613512,0.09617781351637812
S4,GPR,biomarker_01,1,200,-1.2578089846166898,-0.7816637989318,0.1519047383982896,-0.8690450395094783,0.05939019812802804
S4,GPR,biomarker_01,2,200,-1.000791814776872,-0.8601027532585285,0.13567723528489775,-0.9654815400021769,0.0436708129725337
S4,GPR,biomarker_01,3,200,-0.8086210637208269,-0.8515392709311922,0.12341020773761968,-0.9566279418469179,0.03868194552377087
S4,GPR,biomarker_01,4,200,-0.6480839988216615,-0.7936433674551948,0.1132600116423303,-0.8887846399100731,0.03920640970344413
S4,GPR,biomarker_01,5,200,-0.5050462039316025,-0.7024594961240463,0.10573153658728145,-0.7828973913976973,0.039969087550850595
S4,GPR,biomarker_01,6,200,-0.3717892693863339,-0.5838232033414706,0.09993269771600194,-0.649125670799656,0.040148981489720084
S4,GPR,biomarker_01,7,200,-0.2451073595849162,-0.4459314169535713,0.10042542732507866,-0.49724252773400535,0.0435413773443153
S4,GPR,biomarker_01,8,200,-0.12436236110146906,-0.29447409455825985,0.10149486516336592,-0.33447162381379664,0.04538439188626082
S4,GPR,biomarker_01,9,200,-0.005206770277041309,-0.12764209322022557,0.10373123016184048,-0.1576541100451731,0.04857877826624299
S4,GPR,biomarker_01,10,200,0.1152238104940447,0.04472727788109135,0.10237386601438635,0.02404675520786127,0.04636272874137915
S4,GPR,biomarker_01,11,200,0.23409464163315893,0.2095044140292927,0.1008656366492615,0.19996585359475788,0.04888555409876433
S4,GPR,biomarker_01,12,200,0.3539748771223855,0.37411641439531224,0.1035655983637418,0.3762728453992821,0.04847042947674193
S4,GPR,biomarker_01,13,200,0.4799983183893459,0.5324329287505233,0.11025489623967721,0.5485752092353963,0.04709918465525525
S4,GPR,biomarker_01,14,200,0.6146681836893041,0.6840326538519917,0.11683955518929617,0.7104752316980661,0.04395907240303872
S4,GPR,biomarker_01,15,200,0.7613899462427511,0.8216689180176827,0.12463481363954586,0.8529835560674232,0.04263768331985878
S4,GPR,biomarker_01,16,200,0.9265085481195575,0.9380274113440479,0.1347145012487424,0.9641601339047852,0.0400651661250052
S4,GPR,biomarker_01,17,200,1.1239761383046543,1.0140638837310072,0.15530690460848512,1.0206000212689972,0.0414639344649607
S4,GPR,biomarker_01,18,200,1.3878754033925405,0.9979960602760394,0.2026568465562428,0.9595304098264306,0.0529326325841617
S4,GPR,biomarker_01,19,200,2.2321241262546927,0.3483853762889113,0.4709417494101019,0.9821045070173261,0.5273633117219451
S4,GPR,biomarker_02,0,200,-2.02541712632271,-0.46739370336206987,0.14429630982889347,-0.6067747923611321,0.021437958263616684
S4,GPR,biomarker_02,1,200,-1.2204114668748085,-0.38851104388900237,0.11801775493288458,-0.4865457971278643,0.016803351644499198
S4,GPR,biomarker_02,2,200,-0.9665773991857962,-0.3279682845095856,0.0992210670522036,-0.4037075382099221,0.014133782401626221
S4,GPR,biomarker_02,3,200,-0.7824774594161319,-0.27801117803357395,0.08635235915089967,-0.3392658453121328,0.012626629193691815
S4,GPR,biomarker_02,4,200,-0.6324722196110318,-0.23277687693843066,0.07462345175996418,-0.28370334636584205,0.011219205911177445
S4,GPR,biomarker_02,5,200,-0.4998357059960559,-0.19050911061133857,0.06327797373096175,-0.23315663442015214,0.010275987559923426
S4,GPR,biomarker_02,6,200,-0.3776104056373737,-0.15010855802755388,0.05318408670405893,-0.18592310607889626,0.009670172667674143
S4,GPR,biomarker_02,7,200,-0.2629550346348675,-0.11151207526350473,0.043776503133984256,-0.14143233761814725,0.009612734180600612
S4,GPR,biomarker_02,8,200,-0.1536071451839946,-0.07389977246082692,0.0349333676822753,-0.09844479451819786,0.009614869631843747
S4,GPR,biomarker_02,9,200,-0.04618377277900415,-0.036173572577860656,0.027927315538229042,-0.05549363969415488,0.009033453915262517
S4,GPR,biomarker_02,10,200,0.06060166831517162,0.0013813767204329877,0.02423339641572299,-0.013016441642857193,0.00903127734527881
S4,GPR,biomarker_02,11,200,0.16834508292988232,0.03991432800766974,0.02652205482340624,0.030701091997613575,0.00932554262530892
S4,GPR,biomarker_02,12,200,0.2793697680170872,0.07986157531229905,0.03399306128689174,0.07580330642690664,0.009680549707721742
S4,GPR,biomarker_02,13,200,0.3942645334579685,0.12093365800965382,0.04500665174366366,0.12261690435031866,0.01016781746885542
S4,GPR,biomarker_02,14,200,0.5166338568134978,0.16505012156288085,0.05762415998790812,0.17369876511133012,0.011239395541387613
S4,GPR,biomarker_02,15,200,0.6503560463973693,0.2121867859245436,0.07106552112963134,0.22959465601741588,0.012726481434855783
S4,GPR,biomarker_02,16,200,0.8032192188372419,0.2659971016174737,0.08744535123364607,0.29598930306322807,0.014446410850901896
S4,GPR,biomarker_02,17,200,0.9912150892394918,0.3300807342310683,0.10607430796615404,0.3799913523392158,0.017053976059809378
S4,GPR,biomarker_02,18,200,1.2472091371713256,0.41304226720496096,0.13079620562503153,0.5007845414086951,0.020115079009975508
S4,GPR,biomarker_02,19,200,2.070075387540525,0.6284162270827643,0.25249899706433493,1.0382843526345757,0.10678806269246653
S4,LMM,biomarker_01,0,200,-2.0372329670679568,-0.9229550079786034,0.19893696229770855,-0.5373840381613512,0.09617781351637812
S4,LMM,biomarker_01,1,200,-1.2578089846166898,-0.7501158588560984,0.16158140262880047,-0.8690450395094783,0.05939019812802804
S4,LMM,biomarker_01,2,200,-1.000791814776872,-0.6280547700670231,0.13512671173202628,-0.9654815400021769,0.0436708129725337
S4,LMM,biomarker_01,3,200,-0.8086210637208269,-0.5295770370118043,0.11383632988077323,-0.9566279418469179,0.03868194552377087
S4,LMM,biomarker_01,4,200,-0.6480839988216615,-0.44407262118643553,0.09686858482202136,-0.8887846399100731,0.03920640970344413
S4,LMM,biomarker_01,5,200,-0.5050462039316025,-0.36566519443459133,0.08004732186170407,-0.7828973913976973,0.039969087550850595
S4,LMM,biomarker_01,6,200,-0.3717892693863339,-0.2912159159388077,0.06441433078077753,-0.649125670799656,0.040148981489720084
S4,LMM,biomarker_01,7,200,-0.2451073595849162,-0.22065791418962447,0.0513914279288118,-0.49724252773400535,0.0435413773443153
S4,LMM,biomarker_01,8,200,-0.12436236110146906,-0.15291500658881527,0.03703583715136198,-0.33447162381379664,0.04538439188626082
S4,LMM,biomarker_01,9,200,-0.005206770277041309,-0.08378580682565753,0.023544024487367705,-0.1576541100451731,0.04857877826624299
S4,LMM,biomarker_01,10,200,0.1152238104940447,-0.014648141094369396,0.015290688739194478,0.02404675520786127,0.04636272874137915
S4,LMM,biomarker_01,11,200,0.23409464163315893,0.052574286098838956,0.02018195003226474,0.19996585359475788,0.04888555409876433
S4,LMM,biomarker_01,12,200,0.3539748771223855,0.12273445905991802,0.03098046828084393,0.3762728453992821,0.04847042947674193
S4,LMM,biomarker_01,13,200,0.4799983183893459,0.19708101690338506,0.04574546613164082,0.5485752092353963,0.04709918465525525
S4,LMM,biomarker_01,14,200,0.6146681836893041,0.27741460472275303,0.06273853933448091,0.7104752316980661,0.04395907240303872
S4,LMM,biomarker_01,15,200,0.7613899462427511,0.3655526174584783,0.08148948942304297,0.8529835560674232,0.04263768331985878
S4,LMM,biomarker_01,16,200,0.9265085481195575,0.4667962741587992,0.1030694347820067,0.9641601339047852,0.0400651661250052
S4,LMM,biomarker_01,17,200,1.1239761383046543,0.5920215585867789,0.1294736297818351,1.0206000212689972,0.0414639344649607
S4,LMM,biomarker_01,18,200,1.3878754033925405,0.7689709630586552,0.16519655104671618,0.9595304098264306,0.0529326325841617
S4,LMM,biomarker_01,19,200,2.2321241262546927,1.560517494124224,0.37790102490853444,0.9821045070173261,0.5273633117219451
S4,LMM,biomarker_02,0,200,-2.02541712632271,-0.6007669071634586,0.14598236901721026,-0.6067747923611321,0.021437958263616684
S4,LMM,biomarker_02,1,200,-1.2204114668748085,-0.4820067788275061,0.11810885614519817,-0.4865457971278643,0.016803351644499198
S4,LMM,biomarker_02,2,200,-0.9665773991857962,-0.39973780450958607,0.0973397457006909,-0.4037075382099221,0.014133782401626221
S4,LMM,biomarker_02,3,200,-0.7824774594161319,-0.3359433663160249,0.08215270593976451,-0.3392658453121328,0.012626629193691815
S4,LMM,biomarker_02,4,200,-0.6324722196110318,-0.28113472570456804,0.069978458787701,-0.28370334636584205,0.011219205911177445
S4,LMM,biomarker_02,5,200,-0.4998357059960559,-0.23077971751456963,0.056627984902303016,-0.23315663442015214,0.010275987559923426
S4,LMM,biomarker_02,6,200,-0.3776104056373737,-0.18400824113356765,0.04543141108797704,-0.18592310607889626,0.009670172667674143
S4,LMM,biomarker_02,7,200,-0.2629550346348675,-0.14000060523340552,0.03520989099524867,-0.14143233761814725,0.009612734180600612
S4,LMM,biomarker_02,8,200,-0.1536071451839946,-0.09736943820100553,0.02514156017986687,-0.09844479451819786,0.009614869631843747
S4,LMM,biomarker_02,9,200,-0.04618377277900415,-0.05492667064826794,0.015862980885024983,-0.05549363969415488,0.009033453915262517
S4,LMM,biomarker_02,10,200,0.06060166831517162,-0.012965155289717227,0.009628903741043445,-0.013016441642857193,0.00903127734527881
S4,LMM,biomarker_02,11,200,0.16834508292988232,0.0303352214733247,0.011803228947887845,0.030701091997613575,0.00932554262530892
S4,LMM,biomarker_02,12,200,0.2793697680170872,0.07505972842989346,0.020588299194105125,0.07580330642690664,0.009680549707721742
S4,LMM,biomarker_02,13,200,0.3942645334579685,0.12162077268261406,0.03184151731166871,0.12261690435031866,0.01016781746885542
S4,LMM,biomarker_02,14,200,0.5166338568134978,0.1721098344798697,0.04350703838704638,0.17369876511133012,0.011239395541387613
S4,LMM,biomarker_02,15,200,0.6503560463973693,0.2273357664643417,0.05649778484182668,0.22959465601741588,0.012726481434855783
S4,LMM,biomarker_02,16,200,0.8032192188372419,0.2928561456078076,0.07114164328429376,0.29598930306322807,0.014446410850901896
S4,LMM,biomarker_02,17,200,0.9912150892394918,0.37614040110927305,0.0920244088795529,0.3799913523392158,0.017053976059809378
S4,LMM,biomarker_02,18,200,1.2472091371713256,0.49580739629313597,0.12135981522134283,0.5007845414086951,0.020115079009975508
S4,LMM,biomarker_02,19,200,2.070075387540525,1.0283741440014174,0.2727748268479789,1.0382843526345757,0.10678806269246653
S4,MERF,biomarker_01,0,200,-2.0372329670679568,-0.5654827031662711,0.107951764124558,-0.5373840381613512,0.09617781351637812
S4,MERF,biomarker_01,1,200,-1.2578089846166898,-0.6332916178783171,0.08789736890150462,-0.8690450395094783,0.05939019812802804
S4,MERF,biomarker_01,2,200,-1.000791814776872,-0.6463844246854911,0.0846244218013304,-0.9654815400021769,0.0436708129725337
S4,MERF,biomarker_01,3,200,-0.8086210637208269,-0.6455822836481407,0.08483598866711407,-0.9566279418469179,0.03868194552377087
S4,MERF,biomarker_01,4,200,-0.6480839988216615,-0.6338094616315579,0.08348751186732005,-0.8887846399100731,0.03920640970344413
S4,MERF,biomarker_01,5,200,-0.5050462039316025,-0.6099433141500383,0.08676160365394266,-0.7828973913976973,0.039969087550850595
S4,MERF,biomarker_01,6,200,-0.3717892693863339,-0.5658402833868132,0.0897717363067408,-0.649125670799656,0.040148981489720084
S4,MERF,biomarker_01,7,200,-0.2451073595849162,-0.5055656198110138,0.09812975645204922,-0.49724252773400535,0.0435413773443153
S4,MERF,biomarker_01,8,200,-0.12436236110146906,-0.4191608275982034,0.1263802838059784,-0.33447162381379664,0.04538439188626082
S4,MERF,biomarker_01,9,200,-0.005206770277041309,-0.26981908504548113,0.1828937089167037,-0.1576541100451731,0.04857877826624299
S4,MERF,biomarker_01,10,200,0.1152238104940447,-0.025495748530199713,0.2345810100598643,0.02404675520786127,0.04636272874137915
S4,MERF,biomarker_01,11,200,0.23409464163315893,0.21404908259006417,0.2194336171806818,0.19996585359475788,0.04888555409876433
S4,MERF,biomarker_01,12,200,0.3539748771223855,0.3923000845339196,0.17265498657900472,0.3762728453992821,0.04847042947674193
S4,MERF,biomarker_01,13,200,0.4799983183893459,0.537083308716384,0.12930482363982165,0.5485752092353963,0.04709918465525525
S4,MERF,biomarker_01,14,200,0.6146681836893041,0.6343803551386369,0.11470153032291268,0.7104752316980661,0.04395907240303872
S4,MERF,biomarker_01,15,200,0.7613899462427511,0.6927552810108203,0.11470956961891644,0.8529835560674232,0.04263768331985878
S4,MERF,biomarker_01,16,200,0.9265085481195575,0.739873777522245,0.11694756188191181,0.9641601339047852,0.0400651661250052
S4,MERF,biomarker_01,17,200,1.1239761383046543,0.76496041772525,0.12111141546319114,1.0206000212689972,0.0414639344649607
S4,MERF,biomarker_01,18,200,1.3878754033925405,0.7739515712390257,0.12540123314337712,0.9595304098264306,0.0529326325841617
S4,MERF,biomarker_01,19,200,2.2321241262546927,0.7710214910551819,0.12531453284874594,0.9821045070173261,0.5273633117219451
S4,MERF,biomarker_02,0,200,-2.02541712632271,-0.25572227342165105,0.10187462853623593,-0.6067747923611321,0.021437958263616684
S4,MERF,biomarker_02,1,200,-1.2204114668748085,-0.233020384130298,0.08863838775725728,-0.4865457971278643,0.016803351644499198
S4,MERF,biomarker_02,2,200,-0.9665773991857962,-0.2069758088432868,0.08237826041207817,-0.4037075382099221,0.014133782401626221
S4,MERF,biomarker_02,3,200,-0.7824774594161319,-0.18199345237224315,0.07763761102085771,-0.3392658453121328,0.012626629193691815
S4,MERF,biomarker_02,4,200,-0.6324722196110318,-0.15627777154768452,0.07258993223800968,-0.28370334636584205,0.011219205911177445
S4,MERF,biomarker_02,5,200,-0.4998357059960559,-0.13407484450307014,0.07273162228465124,-0.23315663442015214,0.010275987559923426
S4,MERF,biomarker_02,6,200,-0.3776104056373737,-0.10797002799444201,0.06526432378106403,-0.18592310607889626,0.009670172667674143
S4,MERF,biomarker_02,7,200,-0.2629550346348675,-0.08137487111093472,0.05760248082650861,-0.14143233761814725,0.009612734180600612
S4,MERF,biomarker_02,8,200,-0.1536071451839946,-0.05422864700108465,0.05773590865012321,-0.09844479451819786,0.009614869631843747
S4,MERF,biomarker_02,9,200,-0.04618377277900415,-0.021933610797045408,0.05383802221748305,-0.05549363969415488,0.009033453915262517
S4,MERF,biomarker_02,10,200,0.06060166831517162,0.009300424657597317,0.05569693618997234,-0.013016441642857193,0.00903127734527881
S4,MERF,biomarker_02,11,200,0.16834508292988232,0.040476109993610614,0.058269995374146795,0.030701091997613575,0.00932554262530892
S4,MERF,biomarker_02,12,200,0.2793697680170872,0.06774077969650946,0.06276435381842321,0.07580330642690664,0.009680549707721742
S4,MERF,biomarker_02,13,200,0.3942645334579685,0.09974687420464998,0.06833309367801335,0.12261690435031866,0.01016781746885542
S4,MERF,biomarker_02,14,200,0.5166338568134978,0.13197679786715422,0.0652892700981019,0.17369876511133012,0.011239395541387613
S4,MERF,biomarker_02,15,200,0.6503560463973693,0.16399965884988646,0.07028221676900265,0.22959465601741588,0.012726481434855783
S4,MERF,biomarker_02,16,200,0.8032192188372419,0.18998787261979416,0.07424278676878857,0.29598930306322807,0.014446410850901896
S4,MERF,biomarker_02,17,200,0.9912150892394918,0.22335073382798082,0.08411828986327215,0.3799913523392158,0.017053976059809378
S4,MERF,biomarker_02,18,200,1.2472091371713256,0.248337366263068,0.0935836034389012,0.5007845414086951,0.020115079009975508
S4,MERF,biomarker_02,19,200,2.070075387540525,0.2586550737414895,0.09983572202365534,1.0382843526345757,0.10678806269246653
S4,Mean,biomarker_01,0,200,-2.0372329670679568,0.0,0.0,-0.5373840381613512,0.09617781351637812
S4,Mean,biomarker_01,1,200,-1.2578089846166898,0.0,0.0,-0.8690450395094783,0.05939019812802804
S4,Mean,biomarker_01,2,200,-1.000791814776872,0.0,0.0,-0.9654815400021769,0.0436708129725337
S4,Mean,biomarker_01,3,200,-0.8086210637208269,0.0,0.0,-0.9566279418469179,0.03868194552377087
S4,Mean,biomarker_01,4,200,-0.6480839988216615,0.0,0.0,-0.8887846399100731,0.03920640970344413
S4,Mean,biomarker_01,5,200,-0.5050462039316025,0.0,0.0,-0.7828973913976973,0.039969087550850595
S4,Mean,biomarker_01,6,200,-0.3717892693863339,0.0,0.0,-0.649125670799656,0.040148981489720084
S4,Mean,biomarker_01,7,200,-0.2451073595849162,0.0,0.0,-0.49724252773400535,0.0435413773443153
S4,Mean,biomarker_01,8,200,-0.12436236110146906,0.0,0.0,-0.33447162381379664,0.04538439188626082
S4,Mean,biomarker_01,9,200,-0.005206770277041309,0.0,0.0,-0.1576541100451731,0.04857877826624299
S4,Mean,biomarker_01,10,200,0.1152238104940447,0.0,0.0,0.02404675520786127,0.04636272874137915
S4,Mean,biomarker_01,11,200,0.23409464163315893,0.0,0.0,0.19996585359475788,0.04888555409876433
S4,Mean,biomarker_01,12,200,0.3539748771223855,0.0,0.0,0.3762728453992821,0.04847042947674193
S4,Mean,biomarker_01,13,200,0.4799983183893459,0.0,0.0,0.5485752092353963,0.04709918465525525
S4,Mean,biomarker_01,14,200,0.6146681836893041,0.0,0.0,0.7104752316980661,0.04395907240303872
S4,Mean,biomarker_01,15,200,0.7613899462427511,0.0,0.0,0.8529835560674232,0.04263768331985878
S4,Mean,biomarker_01,16,200,0.9265085481195575,0.0,0.0,0.9641601339047852,0.0400651661250052
S4,Mean,biomarker_01,17,200,1.1239761383046543,0.0,0.0,1.0206000212689972,0.0414639344649607
S4,Mean,biomarker_01,18,200,1.3878754033925405,0.0,0.0,0.9595304098264306,0.0529326325841617
S4,Mean,biomarker_01,19,200,2.2321241262546927,0.0,0.0,0.9821045070173261,0.5273633117219451
S4,Mean,biomarker_02,0,200,-2.02541712632271,0.0,0.0,-0.6067747923611321,0.021437958263616684
S4,Mean,biomarker_02,1,200,-1.2204114668748085,0.0,0.0,-0.4865457971278643,0.016803351644499198
S4,Mean,biomarker_02,2,200,-0.9665773991857962,0.0,0.0,-0.4037075382099221,0.014133782401626221
S4,Mean,biomarker_02,3,200,-0.7824774594161319,0.0,0.0,-0.3392658453121328,0.012626629193691815
S4,Mean,biomarker_02,4,200,-0.6324722196110318,0.0,0.0,-0.28370334636584205,0.011219205911177445
S4,Mean,biomarker_02,5,200,-0.4998357059960559,0.0,0.0,-0.23315663442015214,0.010275987559923426
S4,Mean,biomarker_02,6,200,-0.3776104056373737,0.0,0.0,-0.18592310607889626,0.009670172667674143
S4,Mean,biomarker_02,7,200,-0.2629550346348675,0.0,0.0,-0.14143233761814725,0.009612734180600612
S4,Mean,biomarker_02,8,200,-0.1536071451839946,0.0,0.0,-0.09844479451819786,0.009614869631843747
S4,Mean,biomarker_02,9,200,-0.04618377277900415,0.0,0.0,-0.05549363969415488,0.009033453915262517
S4,Mean,biomarker_02,10,200,0.06060166831517162,0.0,0.0,-0.013016441642857193,0.00903127734527881
S4,Mean,biomarker_02,11,200,0.16834508292988232,0.0,0.0,0.030701091997613575,0.00932554262530892
S4,Mean,biomarker_02,12,200,0.2793697680170872,0.0,0.0,0.07580330642690664,0.009680549707721742
S4,Mean,biomarker_02,13,200,0.3942645334579685,0.0,0.0,0.12261690435031866,0.01016781746885542
S4,Mean,biomarker_02,14,200,0.5166338568134978,0.0,0.0,0.17369876511133012,0.011239395541387613
S4,Mean,biomarker_02,15,200,0.6503560463973693,0.0,0.0,0.22959465601741588,0.012726481434855783
S4,Mean,biomarker_02,16,200,0.8032192188372419,0.0,0.0,0.29598930306322807,0.014446410850901896
S4,Mean,biomarker_02,17,200,0.9912150892394918,0.0,0.0,0.3799913523392158,0.017053976059809378
S4,Mean,biomarker_02,18,200,1.2472091371713256,0.0,0.0,0.5007845414086951,0.020115079009975508
S4,Mean,biomarker_02,19,200,2.070075387540525,0.0,0.0,1.0382843526345757,0.10678806269246653
S4,RF,biomarker_01,0,200,-2.0372329670679568,-0.5674872368544532,0.10680526840232461,-0.5373840381613512,0.09617781351637812
S4,RF,biomarker_01,1,200,-1.2578089846166898,-0.6290414730003248,0.09001791329124512,-0.8690450395094783,0.05939019812802804
S4,RF,biomarker_01,2,200,-1.000791814776872,-0.6415756740623284,0.08829212206263264,-0.9654815400021769,0.0436708129725337
S4,RF,biomarker_01,3,200,-0.8086210637208269,-0.639819542268127,0.08717333116477127,-0.9566279418469179,0.03868194552377087
S4,RF,biomarker_01,4,200,-0.6480839988216615,-0.6287707852544868,0.08597229469413775,-0.8887846399100731,0.03920640970344413
S4,RF,biomarker_01,5,200,-0.5050462039316025,-0.604956762446797,0.08891985820254608,-0.7828973913976973,0.039969087550850595
S4,RF,biomarker_01,6,200,-0.3717892693863339,-0.562399159737677,0.0885872123013128,-0.649125670799656,0.040148981489720084
S4,RF,biomarker_01,7,200,-0.2451073595849162,-0.5028222249607588,0.10449331417296077,-0.49724252773400535,0.0435413773443153
S4,RF,biomarker_01,8,200,-0.12436236110146906,-0.4159771586756008,0.12626240465851263,-0.33447162381379664,0.04538439188626082
S4,RF,biomarker_01,9,200,-0.005206770277041309,-0.26673298460720285,0.17230201335960357,-0.1576541100451731,0.04857877826624299
S4,RF,biomarker_01,10,200,0.1152238104940447,-0.035426137337215134,0.222163421041155,0.02404675520786127,0.04636272874137915
S4,RF,biomarker_01,11,200,0.23409464163315893,0.19858114308176378,0.21479723564934106,0.19996585359475788,0.04888555409876433
S4,RF,biomarker_01,12,200,0.3539748771223855,0.3809300304940523,0.17054858487260052,0.3762728453992821,0.04847042947674193
S4,RF,biomarker_01,13,200,0.4799983183893459,0.529465757764123,0.13220358918398809,0.5485752092353963,0.04709918465525525
S4,RF,biomarker_01,14,200,0.6146681836893041,0.6339173974546243,0.11760117116032406,0.7104752316980661,0.04395907240303872
S4,RF,biomarker_01,15,200,0.7613899462427511,0.6931500168470819,0.11865522547001366,0.8529835560674232,0.04263768331985878
S4,RF,biomarker_01,16,200,0.9265085481195575,0.739485891806729,0.12335180320109436,0.9641601339047852,0.0400651661250052
S4,RF,biomarker_01,17,200,1.1239761383046543,0.7670154311938658,0.13195749533069903,1.0206000212689972,0.0414639344649607
S4,RF,biomarker_01,18,200,1.3878754033925405,0.7773032763857884,0.13607588440161889,0.9595304098264306,0.0529326325841617
S4,RF,biomarker_01,19,200,2.2321241262546927,0.7751601941769435,0.1403224404609853,0.9821045070173261,0.5273633117219451
S4,RF,biomarker_02,0,200,-2.02541712632271,-0.28681931298822316,0.10403037061387874,-0.6067747923611321,0.021437958263616684
S4,RF,biomarker_02,1,200,-1.2204114668748085,-0.26260974224473455,0.09382384140912475,-0.4865457971278643,0.016803351644499198
S4,RF,biomarker_02,2,200,-0.9665773991857962,-0.23264343908722726,0.0886869239616054,-0.4037075382099221,0.014133782401626221
S4,RF,biomarker_02,3,200,-0.7824774594161319,-0.2020548726733648,0.08539549002542077,-0.3392658453121328,0.012626629193691815
S4,RF,biomarker_02,4,200,-0.6324722196110318,-0.1725305508931959,0.08036229839580117,-0.28370334636584205,0.011219205911177445
S4,RF,biomarker_02,5,200,-0.4998357059960559,-0.14628286403593285,0.07850901687074692,-0.23315663442015214,0.010275987559923426
S4,RF,biomarker_02,6,200,-0.3776104056373737,-0.11479594443616793,0.06969855026526578,-0.18592310607889626,0.009670172667674143
S4,RF,biomarker_02,7,200,-0.2629550346348675,-0.08350951574509458,0.060542484851415765,-0.14143233761814725,0.009612734180600612
S4,RF,biomarker_02,8,200,-0.1536071451839946,-0.05356737938881459,0.06218352415227821,-0.09844479451819786,0.009614869631843747
S4,RF,biomarker_02,9,200,-0.04618377277900415,-0.020704183261399143,0.05737141170652288,-0.05549363969415488,0.009033453915262517
S4,RF,biomarker_02,10,200,0.06060166831517162,0.010763786664635327,0.0596188211160975,-0.013016441642857193,0.00903127734527881
S4,RF,biomarker_02,11,200,0.16834508292988232,0.04478722368264117,0.060134162008552434,0.030701091997613575,0.00932554262530892
S4,RF,biomarker_02,12,200,0.2793697680170872,0.07540499318803386,0.06634203062430997,0.07580330642690664,0.009680549707721742
S4,RF,biomarker_02,13,200,0.3942645334579685,0.10817326677221706,0.07176173092092065,0.12261690435031866,0.01016781746885542
S4,RF,biomarker_02,14,200,0.5166338568134978,0.14191754732379544,0.06904051671827545,0.17369876511133012,0.011239395541387613
S4,RF,biomarker_02,15,200,0.6503560463973693,0.17684854349761514,0.07565928849137285,0.22959465601741588,0.012726481434855783
S4,RF,biomarker_02,16,200,0.8032192188372419,0.20746232631716865,0.08010224490189467,0.29598930306322807,0.014446410850901896
S4,RF,biomarker_02,17,200,0.9912150892394918,0.2458659539064595,0.09180680938137661,0.3799913523392158,0.017053976059809378
S4,RF,biomarker_02,18,200,1.2472091371713256,0.2747565887350173,0.10468092097224242,0.5007845414086951,0.020115079009975508
S4,RF,biomarker_02,19,200,2.070075387540525,0.2895375746665714,0.11396950894091991,1.0382843526345757,0.10678806269246653
S6,GAM,biomarker_01,0,200,-2.0430716373102866,-0.3263308851084266,0.10936230425813967,-0.4174008503012467,0.08417501963463221
S6,GAM,biomarker_01,1,200,-1.254074302068057,-0.37773318185757043,0.11108290949636455,-0.7057043181123968,0.045159478439324295
S6,GAM,biomarker_01,2,200,-0.995582987827781,-0.37999507558821316,0.11504212930288793,-0.7842372319799101,0.030658510411261934
S6,GAM,biomarker_01,3,200,-0.8033055930602799,-0.35973514441770377,0.11271852313560624,-0.7745802110809048,0.026176595167172603
S6,GAM,biomarker_01,4,200,-0.6411224993996015,-0.32687024264829645,0.10519492593179677,-0.7160225514070059,0.027446914709855327
S6,GAM,biomarker_01,5,200,-0.497864175125851,-0.2854943109299501,0.09381991647332842,-0.6266724776015554,0.0277482963899245
S6,GAM,biomarker_01,6,200,-0.36473233673610805,-0.2374322768403656,0.08125496158830522,-0.5149913455809622,0.031031057510269015
S6,GAM,biomarker_01,7,200,-0.23828213850546626,-0.18407659222885311,0.06771772668082277,-0.3893812269048056,0.034577363419908164
S6,GAM,biomarker_01,8,200,-0.11753648243430403,-0.12729011746085456,0.055703283124527554,-0.25631389799316223,0.03670429774319241
S6,GAM,biomarker_01,9,200,-0.00023343475533560087,-0.06685242762794646,0.04806365259298109,-0.11759917031383434,0.03638875435871204
S6,GAM,biomarker_01,10,200,0.11747993253364995,-0.0019712743111232616,0.047529547738273795,0.02707485262727138,0.03744111747551294
S6,GAM,biomarker_01,11,200,0.23733607734023174,0.06536979984257225,0.05500663114181773,0.17193228076664333,0.03521817932125469
S6,GAM,biomarker_01,12,200,0.3596167993317044,0.13392465852525243,0.07021208197419435,0.31345069847887663,0.03474450591189742
S6,GAM,biomarker_01,13,200,0.48647365755062905,0.2037271331298523,0.08706068234595021,0.4490393257838546,0.03477497123683179
S6,GAM,biomarker_01,14,200,0.6204884893749929,0.27369571777533425,0.1055003220707789,0.5739221273736845,0.03164031638947951
S6,GAM,biomarker_01,15,200,0.7646179756864627,0.34163663970763425,0.12202655425710808,0.6819332549216162,0.027789928139011388
S6,GAM,biomarker_01,16,200,0.9277051882089761,0.4078927466241825,0.13705321606152912,0.7675834339537663,0.02510953352636143
S6,GAM,biomarker_01,17,200,1.123540041176136,0.46323788621587203,0.14608376364023942,0.8101831869513428,0.027863256540107472
S6,GAM,biomarker_01,18,200,1.3881280307779849,0.49257596071199344,0.14635622536235074,0.7637147311922007,0.03889845483121476
S6,GAM,biomarker_01,19,200,2.212774160764751,0.29172098648661016,0.23235650849624023,0.7440693892265271,0.35803159236734805
S6,GPR,biomarker_01,0,200,-2.0430716373102866,-0.38598686868364857,0.18765992788252542,-0.4174008503012467,0.08417501963463221
S6,GPR,biomarker_01,1,200,-1.254074302068057,-0.496760601569393,0.17673405515650725,-0.7057043181123968,0.045159478439324295
S6,GPR,biomarker_01,2,200,-0.995582987827781,-0.5183472088140137,0.18377173338585837,-0.7842372319799101,0.030658510411261934
S6,GPR,biomarker_01,3,200,-0.8033055930602799,-0.49709078220975494,0.1799040929527205,-0.7745802110809048,0.026176595167172603
S6,GPR,biomarker_01,4,200,-0.6411224993996015,-0.4541423399330875,0.16882961877061453,-0.7160225514070059,0.027446914709855327
S6,GPR,biomarker_01,5,200,-0.497864175125851,-0.39641298684373716,0.1530454520969026,-0.6266724776015554,0.0277482963899245
S6,GPR,biomarker_01,6,200,-0.36473233673610805,-0.3252229908125348,0.13231669720368028,-0.5149913455809622,0.031031057510269015
S6,GPR,biomarker_01,7,200,-0.23828213850546626,-0.24628139780800648,0.1084784022950503,-0.3893812269048056,0.034577363419908164
S6,GPR,biomarker_01,8,200,-0.11753648243430403,-0.16163254370427477,0.08951923994092885,-0.25631389799316223,0.03670429774319241
S6,GPR,biomarker_01,9,200,-0.00023343475533560087,-0.07215729898651611,0.0732652804291236,-0.11759917031383434,0.03638875435871204
S6,GPR,biomarker_01,10,200,0.11747993253364995,0.022370640768651397,0.06862579148261133,0.02707485262727138,0.03744111747551294
S6,GPR,biomarker_01,11,200,0.23733607734023174,0.11657443780847379,0.08018111293750123,0.17193228076664333,0.03521817932125469
S6,GPR,biomarker_01,12,200,0.3596167993317044,0.20858928216532177,0.10645045455510752,0.31345069847887663,0.03474450591189742
S6,GPR,biomarker_01,13,200,0.48647365755062905,0.29791900794883686,0.12914668217408587,0.4490393257838546,0.03477497123683179
S6,GPR,biomarker_01,14,200,0.6204884893749929,0.3849293697853399,0.1582034207589593,0.5739221273736845,0.03164031638947951
S6,GPR,biomarker_01,15,200,0.7646179756864627,0.46752137049731524,0.17959951206812702,0.6819332549216162,0.027789928139011388
S6,GPR,biomarker_01,16,200,0.9277051882089761,0.5401968558228826,0.2020151380634718,0.7675834339537663,0.02510953352636143
S6,GPR,biomarker_01,17,200,1.123540041176136,0.5941291905163921,0.21709259353481697,0.8101831869513428,0.027863256540107472
S6,GPR,biomarker_01,18,200,1.3881280307779849,0.6076268184254224,0.22374004169333164,0.7637147311922007,0.03889845483121476
S6,GPR,biomarker_01,19,200,2.212774160764751,0.3141780456263309,0.23742594493888147,0.7440693892265271,0.35803159236734805
S6,LMM,biomarker_01,0,200,-2.0430716373102866,-0.7334109129211437,0.17160531568898116,-0.4174008503012467,0.08417501963463221
S6,LMM,biomarker_01,1,200,-1.254074302068057,-0.5933939886138656,0.13829857593243006,-0.7057043181123968,0.045159478439324295
S6,LMM,biomarker_01,2,200,-0.995582987827781,-0.498083382584489,0.11686607373675692,-0.7842372319799101,0.030658510411261934
S6,LMM,biomarker_01,3,200,-0.8033055930602799,-0.4183936081188934,0.09777532057973709,-0.7745802110809048,0.026176595167172603
S6,LMM,biomarker_01,4,200,-0.6411224993996015,-0.3499970653798444,0.08158296733699341,-0.7160225514070059,0.027446914709855327
S6,LMM,biomarker_01,5,200,-0.497864175125851,-0.28772778243887437,0.0668218671230447,-0.6266724776015554,0.0277482963899245
S6,LMM,biomarker_01,6,200,-0.36473233673610805,-0.22855108873951704,0.052817970810832615,-0.5149913455809622,0.031031057510269015
S6,LMM,biomarker_01,7,200,-0.23828213850546626,-0.17252626772629565,0.040920697723185594,-0.3893812269048056,0.034577363419908164
S6,LMM,biomarker_01,8,200,-0.11753648243430403,-0.11877842245928073,0.02978966649850116,-0.25631389799316223,0.03670429774319241
S6,LMM,biomarker_01,9,200,-0.00023343475533560087,-0.06572228930539403,0.018974691139861086,-0.11759917031383434,0.03638875435871204
S6,LMM,biomarker_01,10,200,0.11747993253364995,-0.011529714674546408,0.013132741595281388,0.02707485262727138,0.03744111747551294
S6,LMM,biomarker_01,11,200,0.23733607734023174,0.043540029297869626,0.01736274926000925,0.17193228076664333,0.03521817932125469
S6,LMM,biomarker_01,12,200,0.3596167993317044,0.09997472096377955,0.028271017996765697,0.31345069847887663,0.03474450591189742
S6,LMM,biomarker_01,13,200,0.48647365755062905,0.15898365657326785,0.04102882367225767,0.4490393257838546,0.03477497123683179
S6,LMM,biomarker_01,14,200,0.6204884893749929,0.22177513123959464,0.05485594538235487,0.5739221273736845,0.03164031638947951
S6,LMM,biomarker_01,15,200,0.7646179756864627,0.2900271308201172,0.07013640940997919,0.6819332549216162,0.027789928139011388
S6,LMM,biomarker_01,16,200,0.9277051882089761,0.3701649054355468,0.08858799351649498,0.7675834339537663,0.02510953352636143
S6,LMM,biomarker_01,17,200,1.123540041176136,0.4684563324914686,0.11221580185532154,0.8101831869513428,0.027863256540107472
S6,LMM,biomarker_01,18,200,1.3881280307779849,0.6111400253410267,0.14511212003441687,0.7637147311922007,0.03889845483121476
S6,LMM,biomarker_01,19,200,2.212774160764751,1.2140525907994728,0.2902014331422571,0.7440693892265271,0.35803159236734805
S6,MERF,biomarker_01,0,200,-2.0430716373102866,-0.4298094091220039,0.10764579261314883,-0.4174008503012467,0.08417501963463221
S6,MERF,biomarker_01,1,200,-1.254074302068057,-0.48173739335020904,0.08778019111183098,-0.7057043181123968,0.045159478439324295
S6,MERF,biomarker_01,2,200,-0.995582987827781,-0.4952399391986504,0.08633727704559463,-0.7842372319799101,0.030658510411261934
S6,MERF,biomarker_01,3,200,-0.8033055930602799,-0.49458682674409105,0.08451974054867772,-0.7745802110809048,0.026176595167172603
S6,MERF,biomarker_01,4,200,-0.6411224993996015,-0.4874554851614826,0.08573655595382935,-0.7160225514070059,0.027446914709855327
S6,MERF,biomarker_01,5,200,-0.497864175125851,-0.47105174983760606,0.08611860985458131,-0.6266724776015554,0.0277482963899245
S6,MERF,biomarker_01,6,200,-0.36473233673610805,-0.43512719380574294,0.09040161226087438,-0.5149913455809622,0.031031057510269015
S6,MERF,biomarker_01,7,200,-0.23828213850546626,-0.3782948130732266,0.1126081804561051,-0.3893812269048056,0.034577363419908164
S6,MERF,biomarker_01,8,200,-0.11753648243430403,-0.2854612585771366,0.14123735392165054,-0.25631389799316223,0.03670429774319241
S6,MERF,biomarker_01,9,200,-0.00023343475533560087,-0.160924292341998,0.17362018482476108,-0.11759917031383434,0.03638875435871204
S6,MERF,biomarker_01,10,200,0.11747993253364995,-0.010433638175422888,0.19117924843420067,0.02707485262727138,0.03744111747551294
S6,MERF,biomarker_01,11,200,0.23733607734023174,0.15001311544232934,0.18017847857410912,0.17193228076664333,0.03521817932125469
S6,MERF,biomarker_01,12,200,0.3596167993317044,0.2998208610166634,0.15908335814523336,0.31345069847887663,0.03474450591189742
S6,MERF,biomarker_01,13,200,0.48647365755062905,0.4029145555587918,0.12277732711645745,0.4490393257838546,0.03477497123683179
S6,MERF,biomarker_01,14,200,0.6204884893749929,0.47726230017046495,0.09368616968181138,0.5739221273736845,0.03164031638947951
S6,MERF,biomarker_01,15,200,0.7646179756864627,0.5270360979250797,0.09786907417863426,0.6819332549216162,0.027789928139011388
S6,MERF,biomarker_01,16,200,0.9277051882089761,0.5561316696948106,0.09866811956656617,0.7675834339537663,0.02510953352636143
S6,MERF,biomarker_01,17,200,1.123540041176136,0.5720903772184921,0.10349714286853962,0.8101831869513428,0.027863256540107472
S6,MERF,biomarker_01,18,200,1.3881280307779849,0.5741075846647611,0.10613514011654546,0.7637147311922007,0.03889845483121476
S6,MERF,biomarker_01,19,200,2.212774160764751,0.5707454376961772,0.1056546364795078,0.7440693892265271,0.35803159236734805
S6,Mean,biomarker_01,0,200,-2.0430716373102866,0.0,0.0,-0.4174008503012467,0.08417501963463221
S6,Mean,biomarker_01,1,200,-1.254074302068057,0.0,0.0,-0.7057043181123968,0.045159478439324295
S6,Mean,biomarker_01,2,200,-0.995582987827781,0.0,0.0,-0.7842372319799101,0.030658510411261934
S6,Mean,biomarker_01,3,200,-0.8033055930602799,0.0,0.0,-0.7745802110809048,0.026176595167172603
S6,Mean,biomarker_01,4,200,-0.6411224993996015,0.0,0.0,-0.7160225514070059,0.027446914709855327
S6,Mean,biomarker_01,5,200,-0.497864175125851,0.0,0.0,-0.6266724776015554,0.0277482963899245
S6,Mean,biomarker_01,6,200,-0.36473233673610805,0.0,0.0,-0.5149913455809622,0.031031057510269015
S6,Mean,biomarker_01,7,200,-0.23828213850546626,0.0,0.0,-0.3893812269048056,0.034577363419908164
S6,Mean,biomarker_01,8,200,-0.11753648243430403,0.0,0.0,-0.25631389799316223,0.03670429774319241
S6,Mean,biomarker_01,9,200,-0.00023343475533560087,0.0,0.0,-0.11759917031383434,0.03638875435871204
S6,Mean,biomarker_01,10,200,0.11747993253364995,0.0,0.0,0.02707485262727138,0.03744111747551294
S6,Mean,biomarker_01,11,200,0.23733607734023174,0.0,0.0,0.17193228076664333,0.03521817932125469
S6,Mean,biomarker_01,12,200,0.3596167993317044,0.0,0.0,0.31345069847887663,0.03474450591189742
S6,Mean,biomarker_01,13,200,0.48647365755062905,0.0,0.0,0.4490393257838546,0.03477497123683179
S6,Mean,biomarker_01,14,200,0.6204884893749929,0.0,0.0,0.5739221273736845,0.03164031638947951
S6,Mean,biomarker_01,15,200,0.7646179756864627,0.0,0.0,0.6819332549216162,0.027789928139011388
S6,Mean,biomarker_01,16,200,0.9277051882089761,0.0,0.0,0.7675834339537663,0.02510953352636143
S6,Mean,biomarker_01,17,200,1.123540041176136,0.0,0.0,0.8101831869513428,0.027863256540107472
S6,Mean,biomarker_01,18,200,1.3881280307779849,0.0,0.0,0.7637147311922007,0.03889845483121476
S6,Mean,biomarker_01,19,200,2.212774160764751,0.0,0.0,0.7440693892265271,0.35803159236734805
S6,RF,biomarker_01,0,200,-2.0430716373102866,-0.4226999088623622,0.1348399456645072,-0.4174008503012467,0.08417501963463221
S6,RF,biomarker_01,1,200,-1.254074302068057,-0.46051391973598094,0.12423064937362034,-0.7057043181123968,0.045159478439324295
S6,RF,biomarker_01,2,200,-0.995582987827781,-0.4741644579883299,0.12204550605051429,-0.7842372319799101,0.030658510411261934
S6,RF,biomarker_01,3,200,-0.8033055930602799,-0.4731592397112071,0.12123213672695081,-0.7745802110809048,0.026176595167172603
S6,RF,biomarker_01,4,200,-0.6411224993996015,-0.46402142041223315,0.12314938740401048,-0.7160225514070059,0.027446914709855327
S6,RF,biomarker_01,5,200,-0.497864175125851,-0.44387697753378474,0.11968722480410932,-0.6266724776015554,0.0277482963899245
S6,RF,biomarker_01,6,200,-0.36473233673610805,-0.40224013436474193,0.12397992026516255,-0.5149913455809622,0.031031057510269015
S6,RF,biomarker_01,7,200,-0.23828213850546626,-0.3416082202293861,0.1331320118143107,-0.3893812269048056,0.034577363419908164
S6,RF,biomarker_01,8,200,-0.11753648243430403,-0.25293314999113137,0.14056916811480494,-0.25631389799316223,0.03670429774319241
S6,RF,biomarker_01,9,200,-0.00023343475533560087,-0.1295055829727626,0.16543471313450117,-0.11759917031383434,0.03638875435871204
S6,RF,biomarker_01,10,200,0.11747993253364995,-0.001247623564837058,0.17992747440423926,0.02707485262727138,0.03744111747551294
S6,RF,biomarker_01,11,200,0.23733607734023174,0.13934490479259876,0.17299520431924814,0.17193228076664333,0.03521817932125469
S6,RF,biomarker_01,12,200,0.3596167993317044,0.2608614827845592,0.17345180549219322,0.31345069847887663,0.03474450591189742
S6,RF,biomarker_01,13,200,0.48647365755062905,0.36730606561697554,0.14614888628159828,0.4490393257838546,0.03477497123683179
S6,RF,biomarker_01,14,200,0.6204884893749929,0.44123228299430567,0.1354509375623798,0.5739221273736845,0.03164031638947951
S6,RF,biomarker_01,15,200,0.7646179756864627,0.49655308409856275,0.1368190438178306,0.6819332549216162,0.027789928139011388
S6,RF,biomarker_01,16,200,0.9277051882089761,0.5246065431338892,0.13741031685324923,0.7675834339537663,0.02510953352636143
S6,RF,biomarker_01,17,200,1.123540041176136,0.5435361616213511,0.1434434955420458,0.8101831869513428,0.027863256540107472
S6,RF,biomarker_01,18,200,1.3881280307779849,0.5463715172564507,0.14633613173264723,0.7637147311922007,0.03889845483121476
S6,RF,biomarker_01,19,200,2.212774160764751,0.5461585930680642,0.1490622534293567,0.7440693892265271,0.35803159236734805
S9,GAM,biomarker_01,0,300,-2.0347304604136447,-0.109449797130126,0.08928652423374592,-0.43386695375105044,0.02737345158508471
S9,GAM,biomarker_01,1,300,-1.253073708415945,-0.12777031521719986,0.07569560971284792,-0.43386695375105044,0.02737345158508471
S9,GAM,biomarker_01,2,300,-0.9966235425071007,-0.13697749830722816,0.06646231864240239,-0.43386695375105044,0.02737345158508471
S9,GAM,biomarker_01,3,300,-0.8054277123602577,-0.14107341500274348,0.05956715266795325,-0.43386695375105044,0.02737345158508471
S9,GAM,biomarker_01,4,300,-0.6442835457712703,-0.14100898609471949,0.05463495135431049,-0.43386695375105044,0.02737345158508471
S9,GAM,biomarker_01,5,300,-0.5008209930175227,-0.13725194402326057,0.0514704096060016,-0.43386695375105044,0.02737345158508471
S9,GAM,biomarker_01,6,300,-0.3686887975985499,-0.12954180420810502,0.04943258195559523,-0.43386695375105044,0.02737345158508471
S9,GAM,biomarker_01,7,300,-0.24500860184710854,-0.11860330658344667,0.04766179378329436,-0.43386695375105044,0.02737345158508471
S9,GAM,biomarker_01,8,300,-0.1255718813055353,-0.10352386737098028,0.045626058015695324,-0.43386695375105044,0.02737345158508471
S9,GAM,biomarker_01,9,300,-0.006777094002433417,-0.08457284417472963,0.04344709060394484,-0.43386695375105044,0.02737345158508471
S9,GAM,biomarker_01,10,300,0.11126011389585613,-0.06136106028048649,0.040386666279674105,-0.4336891296934916,0.027086509878331208
S9,GAM,biomarker_01,11,300,0.2305421924394794,-0.03353280370638764,0.03766072834197424,-0.38131654925933395,0.034404295308321835
S9,GAM,biomarker_01,12,300,0.3532440547008406,-0.0015810129624442453,0.036610248167279154,-0.23465215599334452,0.03734052139322349
S9,GAM,biomarker_01,13,300,0.48053512105804475,0.03500221825141517,0.04052383859680267,-0.07857219321797433,0.03929152768795986
S9,GAM,biomarker_01,14,300,0.6149442471253095,0.07614256585970965,0.0472586228995682,0.0886441156712379,0.04011052568027443
S9,GAM,biomarker_01,15,300,0.7609123141479607,0.12261227319046616,0.05912314549909502,0.27252697118617764,0.0416880287810897
S9,GAM,biomarker_01,16,300,0.9247911958106031,0.17524049843121492,0.07489739222487124,0.48282442913878604,0.04358447556787323
S9,GAM,biomarker_01,17,300,1.120342085284303,0.23546491123000982,0.09270106728724874,0.7428884364924937,0.04899889609976649
S9,GAM,biomarker_01,18,300,1.3843291534184765,0.30635393070309797,0.1103600652795993,1.117796453677739,0.06114229657086908
S9,GAM,biomarker_01,19,300,2.2238577886355064,0.3754322573959441,0.16624530333107132,2.762219159508215,0.35705310564534115
S9,GAM,biomarker_02,0,300,-2.030810990423642,-0.114622756736321,0.09844269863678456,-0.2474034460330139,0.017108058201076755
S9,GAM,biomarker_02,1,300,-1.2274731358979918,-0.1302494200229059,0.08455873494322126,-0.2474034460330139,0.017108058201076755
S9,GAM,biomarker_02,2,300,-0.9757856593139898,-0.1358532815384031,0.07440498396943983,-0.2474034460330139,0.017108058201076755
S9,GAM,biomarker_02,3,300,-0.790044699893095,-0.13631283421348728,0.06679972252547052,-0.2474034460330139,0.017108058201076755
S9,GAM,biomarker_02,4,300,-0.6378081298998572,-0.13250737503482873,0.06088569739524726,-0.2474034460330139,0.017108058201076755
S9,GAM,biomarker_02,5,300,-0.5047151759423583,-0.12549742066518085,0.05610287711054556,-0.2474034460330139,0.017108058201076755
S9,GAM,biomarker_02,6,300,-0.3831875774560008,-0.11554537806600097,0.05236419571008016,-0.2474034460330139,0.017108058201076755
S9,GAM,biomarker_02,7,300,-0.26828385393495885,-0.10286214402622477,0.04924192742033112,-0.2474034460330139,0.017108058201076755
S9,GAM,biomarker_02,8,300,-0.15875121461010078,-0.08726749443099224,0.046121241414934386,-0.2474034460330139,0.017108058201076755
S9,GAM,biomarker_02,9,300,-0.0520882523751327,-0.06901120671196516,0.04335437059408524,-0.2474034460330139,0.017108058201076755
S9,GAM,biomarker_02,10,300,0.054721850713232316,-0.04719478512540072,0.04087430240863615,-0.2474034460330139,0.017108058201076755
S9,GAM,biomarker_02,11,300,0.1623148961730038,-0.022552081149960303,0.03911599124439873,-0.2437627662124541,0.016076542205450364
S9,GAM,biomarker_02,12,300,0.27249010969263593,0.0058709874486045505,0.03920759892905976,-0.18392670550729495,0.02478070277528036
S9,GAM,biomarker_02,13,300,0.3878689927965578,0.03798419435928276,0.04255576514845801,-0.08956596617297524,0.024628774798766146
S9,GAM,biomarker_02,14,300,0.5094853907457212,0.07310140277842465,0.05008091813205218,0.010855122711742906,0.024962786512993274
S9,GAM,biomarker_02,15,300,0.6424854209182055,0.11381162815912382,0.062027785195807164,0.12370533538295564,0.02734965022189756
S9,GAM,biomarker_02,16,300,0.7957807260596094,0.1610498732250928,0.07829890388551039,0.2566707755918323,0.02974015637891141
S9,GAM,biomarker_02,17,300,0.9813721497489684,0.21538386670149645,0.09855356883779234,0.42130921138595984,0.031703893202242206
S9,GAM,biomarker_02,18,300,1.2361782214939965,0.2802785126937958,0.12448124321210415,0.6652633337659943,0.03838031085149269
S9,GAM,biomarker_02,19,300,2.071565946916227,0.33199571235585046,0.19612527801832036,1.7608895654173924,0.21923595456643333
S9,GPR,biomarker_01,0,300,-2.0347304604136447,-0.22299087038985302,0.30299438415479824,-0.43386695375105044,0.02737345158508471
S9,GPR,biomarker_01,1,300,-1.253073708415945,-0.22812213756053115,0.27344988755047234,-0.43386695375105044,0.02737345158508471
S9,GPR,biomarker_01,2,300,-0.9966235425071007,-0.22779620139027487,0.2473152912716491,-0.43386695375105044,0.02737345158508471
S9,GPR,biomarker_01,3,300,-0.8054277123602577,-0.22655335543533506,0.22681714647271334,-0.43386695375105044,0.02737345158508471
S9,GPR,biomarker_01,4,300,-0.6442835457712703,-0.22348865167194853,0.21109751568134114,-0.43386695375105044,0.02737345158508471
S9,GPR,biomarker_01,5,300,-0.5008209930175227,-0.21825822604999384,0.19970202229072861,-0.43386695375105044,0.02737345158508471
S9,GPR,biomarker_01,6,300,-0.3686887975985499,-0.2108501668191481,0.19190932239421638,-0.43386695375105044,0.02737345158508471
S9,GPR,biomarker_01,7,300,-0.24500860184710854,-0.1986351724122621,0.18164606113497986,-0.43386695375105044,0.02737345158508471
S9,GPR,biomarker_01,8,300,-0.1255718813055353,-0.17763534980067933,0.1682984624357792,-0.43386695375105044,0.02737345158508471
S9,GPR,biomarker_01,9,300,-0.006777094002433417,-0.14989901470370698,0.15781366013575077,-0.43386695375105044,0.02737345158508471
S9,GPR,biomarker_01,10,300,0.11126011389585613,-0.11635058310929156,0.14553612386864886,-0.4336891296934916,0.027086509878331208
S9,GPR,biomarker_01,11,300,0.2305421924394794,-0.0748342357613048,0.13240342097272428,-0.38131654925933395,0.034404295308321835
S9,GPR,biomarker_01,12,300,0.3532440547008406,-0.023923933195427072,0.1273002649154218,-0.23465215599334452,0.03734052139322349
S9,GPR,biomarker_01,13,300,0.48053512105804475,0.0401786717694734,0.1316174132671194,-0.07857219321797433,0.03929152768795986
S9,GPR,biomarker_01,14,300,0.6149442471253095,0.11578142826381582,0.15690986322744457,0.0886441156712379,0.04011052568027443
S9,GPR,biomarker_01,15,300,0.7609123141479607,0.2024487030582905,0.20572785404815117,0.27252697118617764,0.0416880287810897
S9,GPR,biomarker_01,16,300,0.9247911958106031,0.30127331726247003,0.2784264963106511,0.48282442913878604,0.04358447556787323
S9,GPR,biomarker_01,17,300,1.120342085284303,0.41649053821517346,0.37254604354438364,0.7428884364924937,0.04899889609976649
S9,GPR,biomarker_01,18,300,1.3843291534184765,0.5607267894557143,0.49085140156368934,1.117796453677739,0.06114229657086908
S9,GPR,biomarker_01,19,300,2.2238577886355064,0.6624384502748191,0.6776672568356125,2.762219159508215,0.35705310564534115
S9,GPR,biomarker_02,0,300,-2.030810990423642,-0.1688403769872307,0.23070506115429415,-0.2474034460330139,0.017108058201076755
S9,GPR,biomarker_02,1,300,-1.2274731358979918,-0.16656876076050545,0.1971684955408998,-0.2474034460330139,0.017108058201076755
S9,GPR,biomarker_02,2,300,-0.9757856593139898,-0.16196326317050616,0.17693056577211538,-0.2474034460330139,0.017108058201076755
S9,GPR,biomarker_02,3,300,-0.790044699893095,-0.15725685622018812,0.1604611131982546,-0.2474034460330139,0.017108058201076755
S9,GPR,biomarker_02,4,300,-0.6378081298998572,-0.15132880807791613,0.14729762740341357,-0.2474034460330139,0.017108058201076755
S9,GPR,biomarker_02,5,300,-0.5047151759423583,-0.1428735534502424,0.13607793844497035,-0.2474034460330139,0.017108058201076755
S9,GPR,biomarker_02,6,300,-0.3831875774560008,-0.13172922839246257,0.12439303216243819,-0.2474034460330139,0.017108058201076755
S9,GPR,biomarker_02,7,300,-0.26828385393495885,-0.11829490665454481,0.11457411162584613,-0.2474034460330139,0.017108058201076755
S9,GPR,biomarker_02,8,300,-0.15875121461010078,-0.10284879744041975,0.10673226690024618,-0.2474034460330139,0.017108058201076755
S9,GPR,biomarker_02,9,300,-0.0520882523751327,-0.08510282787153783,0.10013300375251742,-0.2474034460330139,0.017108058201076755
S9,GPR,biomarker_02,10,300,0.054721850713232316,-0.06426142338114788,0.10075155856204052,-0.2474034460330139,0.017108058201076755
S9,GPR,biomarker_02,11,300,0.1623148961730038,-0.039363221160395735,0.10303630506136041,-0.2437627662124541,0.016076542205450364
S9,GPR,biomarker_02,12,300,0.27249010969263593,-0.00853837077847222,0.09662583471554567,-0.18392670550729495,0.02478070277528036
S9,GPR,biomarker_02,13,300,0.3878689927965578,0.028287970868018687,0.09302852817543567,-0.08956596617297524,0.024628774798766146
S9,GPR,biomarker_02,14,300,0.5094853907457212,0.070146043392032,0.10764648772390298,0.010855122711742906,0.024962786512993274
S9,GPR,biomarker_02,15,300,0.6424854209182055,0.11870761411231724,0.12853542356937803,0.12370533538295564,0.02734965022189756
S9,GPR,biomarker_02,16,300,0.7957807260596094,0.17644662338897502,0.16872583908367514,0.2566707755918323,0.02974015637891141
S9,GPR,biomarker_02,17,300,0.9813721497489684,0.24757175868641157,0.22899819779574274,0.42130921138595984,0.031703893202242206
S9,GPR,biomarker_02,18,300,1.2361782214939965,0.348158571944877,0.319716699829518,0.6652633337659943,0.03838031085149269
S9,GPR,biomarker_02,19,300,2.071565946916227,0.5096518119529384,0.48646994692582646,1.7608895654173924,0.21923595456643333
S9,LMM,biomarker_01,0,300,-2.0347304604136447,-0.4480792847660386,0.34886139374034353,-0.43386695375105044,0.02737345158508471
S9,LMM,biomarker_01,1,300,-1.253073708415945,-0.3638944440061545,0.2838367283793611,-0.43386695375105044,0.02737345158508471
S9,LMM,biomarker_01,2,300,-0.9966235425071007,-0.3047389343845006,0.23815462090419845,-0.43386695375105044,0.02737345158508471
S9,LMM,biomarker_01,3,300,-0.8054277123602577,-0.2566993103194827,0.20045115581163042,-0.43386695375105044,0.02737345158508471
S9,LMM,biomarker_01,4,300,-0.6442835457712703,-0.2148836807445052,0.1678031685764403,-0.43386695375105044,0.02737345158508471
S9,LMM,biomarker_01,5,300,-0.5008209930175227,-0.17708645786878335,0.1379918623116476,-0.43386695375105044,0.02737345158508471
S9,LMM,biomarker_01,6,300,-0.3686887975985499,-0.14088371582619041,0.10973352712544425,-0.43386695375105044,0.02737345158508471
S9,LMM,biomarker_01,7,300,-0.24500860184710854,-0.10745191989175908,0.08368439646749015,-0.43386695375105044,0.02737345158508471
S9,LMM,biomarker_01,8,300,-0.1255718813055353,-0.07404496329227138,0.05820188708123671,-0.43386695375105044,0.02737345158508471
S9,LMM,biomarker_01,9,300,-0.006777094002433417,-0.041198290893657556,0.03296825712122449,-0.43386695375105044,0.02737345158508471
S9,LMM,biomarker_01,10,300,0.11126011389585613,-0.00840956994025912,0.011004852841101472,-0.4336891296934916,0.027086509878331208
S9,LMM,biomarker_01,11,300,0.2305421924394794,0.025662298123062095,0.02194245610278756,-0.38131654925933395,0.034404295308321835
S9,LMM,biomarker_01,12,300,0.3532440547008406,0.060304650703264254,0.047591039141454544,-0.23465215599334452,0.03734052139322349
S9,LMM,biomarker_01,13,300,0.48053512105804475,0.09674643915384264,0.07613743871985706,-0.07857219321797433,0.03929152768795986
S9,LMM,biomarker_01,14,300,0.6149442471253095,0.135600734098315,0.10623050960911914,0.0886441156712379,0.04011052568027443
S9,LMM,biomarker_01,15,300,0.7609123141479607,0.1781995684358748,0.13931601565201926,0.27252697118617764,0.0416880287810897
S9,LMM,biomarker_01,16,300,0.9247911958106031,0.2267542017390475,0.17666568151683607,0.48282442913878604,0.04358447556787323
S9,LMM,biomarker_01,17,300,1.120342085284303,0.2877626594584101,0.2250599058119962,0.7428884364924937,0.04899889609976649
S9,LMM,biomarker_01,18,300,1.3843291534184765,0.3743194547317719,0.29287513825916356,1.117796453677739,0.06114229657086908
S9,LMM,biomarker_01,19,300,2.2238577886355064,0.7520205654900144,0.5914962838926593,2.762219159508215,0.35705310564534115
S9,LMM,biomarker_02,0,300,-2.030810990423642,-0.4508542014929839,0.1962085172079746,-0.2474034460330139,0.017108058201076755
S9,LMM,biomarker_02,1,300,-1.2274731358979918,-0.3629476059794862,0.1571885936641624,-0.2474034460330139,0.017108058201076755
S9,LMM,biomarker_02,2,300,-0.9757856593139898,-0.301209640168404,0.13087143391668696,-0.2474034460330139,0.017108058201076755
S9,LMM,biomarker_02,3,300,-0.790044699893095,-0.2527951178066033,0.10996486258012404,-0.2474034460330139,0.017108058201076755
S9,LMM,biomarker_02,4,300,-0.6378081298998572,-0.21080909641483386,0.09197965386739919,-0.2474034460330139,0.017108058201076755
S9,LMM,biomarker_02,5,300,-0.5047151759423583,-0.17350403620724536,0.07577999392726623,-0.2474034460330139,0.017108058201076755
S9,LMM,biomarker_02,6,300,-0.3831875774560008,-0.1382808462083968,0.06044710468706365,-0.2474034460330139,0.017108058201076755
S9,LMM,biomarker_02,7,300,-0.26828385393495885,-0.10510617487437951,0.04666927534731929,-0.2474034460330139,0.017108058201076755
S9,LMM,biomarker_02,8,300,-0.15875121461010078,-0.07300045588162946,0.032752668280157035,-0.2474034460330139,0.017108058201076755
S9,LMM,biomarker_02,9,300,-0.0520882523751327,-0.04148478576842233,0.020053402997667263,-0.2474034460330139,0.017108058201076755
S9,LMM,biomarker_02,10,300,0.054721850713232316,-0.009483181675153607,0.009417041656351386,-0.2474034460330139,0.017108058201076755
S9,LMM,biomarker_02,11,300,0.1623148961730038,0.022551607125624457,0.01237393109248148,-0.2437627662124541,0.016076542205450364
S9,LMM,biomarker_02,12,300,0.27249010969263593,0.056244969765050334,0.025508652487060215,-0.18392670550729495,0.02478070277528036
S9,LMM,biomarker_02,13,300,0.3878689927965578,0.09141564940103725,0.040353197044055954,-0.08956596617297524,0.024628774798766146
S9,LMM,biomarker_02,14,300,0.5094853907457212,0.12858206744987175,0.05628749168031719,0.010855122711742906,0.024962786512993274
S9,LMM,biomarker_02,15,300,0.6424854209182055,0.17042531048791815,0.0744615483016089,0.12370533538295564,0.02734965022189756
S9,LMM,biomarker_02,16,300,0.7957807260596094,0.2195551809059956,0.09511409574322782,0.2566707755918323,0.02974015637891141
S9,LMM,biomarker_02,17,300,0.9813721497489684,0.2805610851142079,0.12158366947615204,0.42130921138595984,0.031703893202242206
S9,LMM,biomarker_02,18,300,1.2361782214939965,0.3711855412470792,0.16119478591170774,0.6652633337659943,0.03838031085149269
S9,LMM,biomarker_02,19,300,2.071565946916227,0.7789537309807538,0.3516762040010946,1.7608895654173924,0.21923595456643333
S9,MERF,biomarker_01,0,300,-2.0347304604136447,-0.17493004863954484,0.08323033613237994,-0.43386695375105044,0.02737345158508471
S9,MERF,biomarker_01,1,300,-1.253073708415945,-0.17412862593167575,0.07805181294340893,-0.43386695375105044,0.02737345158508471
S9,MERF,biomarker_01,2,300,-0.9966235425071007,-0.17247388824452142,0.0773726226221916,-0.43386695375105044,0.02737345158508471
S9,MERF,biomarker_01,3,300,-0.8054277123602577,-0.17067029955114799,0.07580424032329156,-0.43386695375105044,0.02737345158508471
S9,MERF,biomarker_01,4,300,-0.6442835457712703,-0.1673183572532414,0.07426679001267021,-0.43386695375105044,0.02737345158508471
S9,MERF,biomarker_01,5,300,-0.5008209930175227,-0.16290710459856853,0.0742319780853694,-0.43386695375105044,0.02737345158508471
S9,MERF,biomarker_01,6,300,-0.3686887975985499,-0.158342601187729,0.07352074134540064,-0.43386695375105044,0.02737345158508471
S9,MERF,biomarker_01,7,300,-0.24500860184710854,-0.15163901068211944,0.07254798249583944,-0.43386695375105044,0.02737345158508471
S9,MERF,biomarker_01,8,300,-0.1255718813055353,-0.14025740970779,0.07408794090293669,-0.43386695375105044,0.02737345158508471
S9,MERF,biomarker_01,9,300,-0.006777094002433417,-0.12632789247418583,0.07478447283085304,-0.43386695375105044,0.02737345158508471
S9,MERF,biomarker_01,10,300,0.11126011389585613,-0.10987521720655494,0.07952453816311641,-0.4336891296934916,0.027086509878331208
S9,MERF,biomarker_01,11,300,0.2305421924394794,-0.09059007896702838,0.08070291165451834,-0.38131654925933395,0.034404295308321835
S9,MERF,biomarker_01,12,300,0.3532440547008406,-0.05838411787900064,0.08410744755320328,-0.23465215599334452,0.03734052139322349
S9,MERF,biomarker_01,13,300,0.48053512105804475,2.4807547943217887e-05,0.10430198291543155,-0.07857219321797433,0.03929152768795986
S9,MERF,biomarker_01,14,300,0.6149442471253095,0.08099404073092326,0.130057642577174,0.0886441156712379,0.04011052568027443
S9,MERF,biomarker_01,15,300,0.7609123141479607,0.17113592215841864,0.150567254018226,0.27252697118617764,0.0416880287810897
S9,MERF,biomarker_01,16,300,0.9247911958106031,0.2688135784769036,0.16883939732016945,0.48282442913878604,0.04358447556787323
S9,MERF,biomarker_01,17,300,1.120342085284303,0.3702211172445692,0.19101143442939314,0.7428884364924937,0.04899889609976649
S9,MERF,biomarker_01,18,300,1.3843291534184765,0.46119868590863444,0.20814720559355365,1.117796453677739,0.06114229657086908
S9,MERF,biomarker_01,19,300,2.2238577886355064,0.5054565002557161,0.22599819329350196,2.762219159508215,0.35705310564534115
S9,MERF,biomarker_02,0,300,-2.030810990423642,-0.09966377519286444,0.06629018667654468,-0.2474034460330139,0.017108058201076755
S9,MERF,biomarker_02,1,300,-1.2274731358979918,-0.10119948370532839,0.06214911199500883,-0.2474034460330139,0.017108058201076755
S9,MERF,biomarker_02,2,300,-0.9757856593139898,-0.09935633092005454,0.05913422685131345,-0.2474034460330139,0.017108058201076755
S9,MERF,biomarker_02,3,300,-0.790044699893095,-0.09811269296872722,0.05778329041508637,-0.2474034460330139,0.017108058201076755
S9,MERF,biomarker_02,4,300,-0.6378081298998572,-0.09544231876339836,0.055349603528303606,-0.2474034460330139,0.017108058201076755
S9,MERF,biomarker_02,5,300,-0.5047151759423583,-0.09239795563671369,0.05304706984300167,-0.2474034460330139,0.017108058201076755
S9,MERF,biomarker_02,6,300,-0.3831875774560008,-0.08861316313945707,0.052041893939409306,-0.2474034460330139,0.017108058201076755
S9,MERF,biomarker_02,7,300,-0.26828385393495885,-0.08169850266618942,0.051655665586357875,-0.2474034460330139,0.017108058201076755
S9,MERF,biomarker_02,8,300,-0.15875121461010078,-0.07280366616877021,0.051307053547134086,-0.2474034460330139,0.017108058201076755
S9,MERF,biomarker_02,9,300,-0.0520882523751327,-0.059424512995772276,0.04947167979414851,-0.2474034460330139,0.017108058201076755
S9,MERF,biomarker_02,10,300,0.054721850713232316,-0.044508407466256505,0.049713590648879445,-0.2474034460330139,0.017108058201076755
S9,MERF,biomarker_02,11,300,0.1623148961730038,-0.032315337498475004,0.04678655767580637,-0.2437627662124541,0.016076542205450364
S9,MERF,biomarker_02,12,300,0.27249010969263593,-0.014495351333038272,0.053543664500965225,-0.18392670550729495,0.02478070277528036
S9,MERF,biomarker_02,13,300,0.3878689927965578,0.009061848567724655,0.06040797071134785,-0.08956596617297524,0.024628774798766146
S9,MERF,biomarker_02,14,300,0.5094853907457212,0.03765444357450193,0.07005926373632322,0.010855122711742906,0.024962786512993274
S9,MERF,biomarker_02,15,300,0.6424854209182055,0.07551632893332376,0.07828908807567206,0.12370533538295564,0.02734965022189756
S9,MERF,biomarker_02,16,300,0.7957807260596094,0.1306082667783506,0.09650615333457102,0.2566707755918323,0.02974015637891141
S9,MERF,biomarker_02,17,300,0.9813721497489684,0.1924898770000307,0.13078601305936718,0.42130921138595984,0.031703893202242206
S9,MERF,biomarker_02,18,300,1.2361782214939965,0.252923299040871,0.16455302422417664,0.6652633337659943,0.03838031085149269
S9,MERF,biomarker_02,19,300,2.071565946916227,0.281777434560243,0.1965131649628296,1.7608895654173924,0.21923595456643333
S9,Mean,biomarker_01,0,300,-2.0347304604136447,0.0,0.0,-0.43386695375105044,0.02737345158508471
S9,Mean,biomarker_01,1,300,-1.253073708415945,0.0,0.0,-0.43386695375105044,0.02737345158508471
S9,Mean,biomarker_01,2,300,-0.9966235425071007,0.0,0.0,-0.43386695375105044,0.02737345158508471
S9,Mean,biomarker_01,3,300,-0.8054277123602577,0.0,0.0,-0.43386695375105044,0.02737345158508471
S9,Mean,biomarker_01,4,300,-0.6442835457712703,0.0,0.0,-0.43386695375105044,0.02737345158508471
S9,Mean,biomarker_01,5,300,-0.5008209930175227,0.0,0.0,-0.43386695375105044,0.02737345158508471
S9,Mean,biomarker_01,6,300,-0.3686887975985499,0.0,0.0,-0.43386695375105044,0.02737345158508471
S9,Mean,biomarker_01,7,300,-0.24500860184710854,0.0,0.0,-0.43386695375105044,0.02737345158508471
S9,Mean,biomarker_01,8,300,-0.1255718813055353,0.0,0.0,-0.43386695375105044,0.02737345158508471
S9,Mean,biomarker_01,9,300,-0.006777094002433417,0.0,0.0,-0.43386695375105044,0.02737345158508471
S9,Mean,biomarker_01,10,300,0.11126011389585613,0.0,0.0,-0.4336891296934916,0.027086509878331208
S9,Mean,biomarker_01,11,300,0.2305421924394794,0.0,0.0,-0.38131654925933395,0.034404295308321835
S9,Mean,biomarker_01,12,300,0.3532440547008406,0.0,0.0,-0.23465215599334452,0.03734052139322349
S9,Mean,biomarker_01,13,300,0.48053512105804475,0.0,0.0,-0.07857219321797433,0.03929152768795986
S9,Mean,biomarker_01,14,300,0.6149442471253095,0.0,0.0,0.0886441156712379,0.04011052568027443
S9,Mean,biomarker_01,15,300,0.7609123141479607,0.0,0.0,0.27252697118617764,0.0416880287810897
S9,Mean,biomarker_01,16,300,0.9247911958106031,0.0,0.0,0.48282442913878604,0.04358447556787323
S9,Mean,biomarker_01,17,300,1.120342085284303,0.0,0.0,0.7428884364924937,0.04899889609976649
S9,Mean,biomarker_01,18,300,1.3843291534184765,0.0,0.0,1.117796453677739,0.06114229657086908
S9,Mean,biomarker_01,19,300,2.2238577886355064,0.0,0.0,2.762219159508215,0.35705310564534115
S9,Mean,biomarker_02,0,300,-2.030810990423642,0.0,0.0,-0.2474034460330139,0.017108058201076755
S9,Mean,biomarker_02,1,300,-1.2274731358979918,0.0,0.0,-0.2474034460330139,0.017108058201076755
S9,Mean,biomarker_02,2,300,-0.9757856593139898,0.0,0.0,-0.2474034460330139,0.017108058201076755
S9,Mean,biomarker_02,3,300,-0.790044699893095,0.0,0.0,-0.2474034460330139,0.017108058201076755
S9,Mean,biomarker_02,4,300,-0.6378081298998572,0.0,0.0,-0.2474034460330139,0.017108058201076755
S9,Mean,biomarker_02,5,300,-0.5047151759423583,0.0,0.0,-0.2474034460330139,0.017108058201076755
S9,Mean,biomarker_02,6,300,-0.3831875774560008,0.0,0.0,-0.2474034460330139,0.017108058201076755
S9,Mean,biomarker_02,7,300,-0.26828385393495885,0.0,0.0,-0.2474034460330139,0.017108058201076755
S9,Mean,biomarker_02,8,300,-0.15875121461010078,0.0,0.0,-0.2474034460330139,0.017108058201076755
S9,Mean,biomarker_02,9,300,-0.0520882523751327,0.0,0.0,-0.2474034460330139,0.017108058201076755
S9,Mean,biomarker_02,10,300,0.054721850713232316,0.0,0.0,-0.2474034460330139,0.017108058201076755
S9,Mean,biomarker_02,11,300,0.1623148961730038,0.0,0.0,-0.2437627662124541,0.016076542205450364
S9,Mean,biomarker_02,12,300,0.27249010969263593,0.0,0.0,-0.18392670550729495,0.02478070277528036
S9,Mean,biomarker_02,13,300,0.3878689927965578,0.0,0.0,-0.08956596617297524,0.024628774798766146
S9,Mean,biomarker_02,14,300,0.5094853907457212,0.0,0.0,0.010855122711742906,0.024962786512993274
S9,Mean,biomarker_02,15,300,0.6424854209182055,0.0,0.0,0.12370533538295564,0.02734965022189756
S9,Mean,biomarker_02,16,300,0.7957807260596094,0.0,0.0,0.2566707755918323,0.02974015637891141
S9,Mean,biomarker_02,17,300,0.9813721497489684,0.0,0.0,0.42130921138595984,0.031703893202242206
S9,Mean,biomarker_02,18,300,1.2361782214939965,0.0,0.0,0.6652633337659943,0.03838031085149269
S9,Mean,biomarker_02,19,300,2.071565946916227,0.0,0.0,1.7608895654173924,0.21923595456643333
S9,RF,biomarker_01,0,300,-2.0347304604136447,-0.17024223002972372,0.08506212819416636,-0.43386695375105044,0.02737345158508471
S9,RF,biomarker_01,1,300,-1.253073708415945,-0.16983879015282985,0.08010042782502892,-0.43386695375105044,0.02737345158508471
S9,RF,biomarker_01,2,300,-0.9966235425071007,-0.16861265574840623,0.07755298801155287,-0.43386695375105044,0.02737345158508471
S9,RF,biomarker_01,3,300,-0.8054277123602577,-0.16712826781137863,0.07647118108084436,-0.43386695375105044,0.02737345158508471
S9,RF,biomarker_01,4,300,-0.6442835457712703,-0.16382687602486853,0.07465193986256,-0.43386695375105044,0.02737345158508471
S9,RF,biomarker_01,5,300,-0.5008209930175227,-0.1595842948021438,0.07385804062228382,-0.43386695375105044,0.02737345158508471
S9,RF,biomarker_01,6,300,-0.3686887975985499,-0.15412557960252263,0.07332997187910785,-0.43386695375105044,0.02737345158508471
S9,RF,biomarker_01,7,300,-0.24500860184710854,-0.14673641640305127,0.07322927611949813,-0.43386695375105044,0.02737345158508471
S9,RF,biomarker_01,8,300,-0.1255718813055353,-0.13531587791531588,0.07413892100497224,-0.43386695375105044,0.02737345158508471
S9,RF,biomarker_01,9,300,-0.006777094002433417,-0.12028406563328957,0.07270823040141806,-0.43386695375105044,0.02737345158508471
S9,RF,biomarker_01,10,300,0.11126011389585613,-0.10368670750292397,0.07639756422201874,-0.4336891296934916,0.027086509878331208
S9,RF,biomarker_01,11,300,0.2305421924394794,-0.08481154072106498,0.0740951763154888,-0.38131654925933395,0.034404295308321835
S9,RF,biomarker_01,12,300,0.3532440547008406,-0.05215717567334544,0.07911754103208365,-0.23465215599334452,0.03734052139322349
S9,RF,biomarker_01,13,300,0.48053512105804475,0.0030381084534516463,0.09797336222119898,-0.07857219321797433,0.03929152768795986
S9,RF,biomarker_01,14,300,0.6149442471253095,0.07693656637136526,0.12262403817612236,0.0886441156712379,0.04011052568027443
S9,RF,biomarker_01,15,300,0.7609123141479607,0.1574275738819212,0.14294301836505924,0.27252697118617764,0.0416880287810897
S9,RF,biomarker_01,16,300,0.9247911958106031,0.2514472866813878,0.16511475102153678,0.48282442913878604,0.04358447556787323
S9,RF,biomarker_01,17,300,1.120342085284303,0.3536555314780536,0.18092481189422963,0.7428884364924937,0.04899889609976649
S9,RF,biomarker_01,18,300,1.3843291534184765,0.4522488126418262,0.20479109926801545,1.117796453677739,0.06114229657086908
S9,RF,biomarker_01,19,300,2.2238577886355064,0.5015965985128591,0.22760483630744024,2.762219159508215,0.35705310564534115
S9,RF,biomarker_02,0,300,-2.030810990423642,-0.1114044438204512,0.07018876942639707,-0.2474034460330139,0.017108058201076755
S9,RF,biomarker_02,1,300,-1.2274731358979918,-0.1114373035828514,0.06522272107126022,-0.2474034460330139,0.017108058201076755
S9,RF,biomarker_02,2,300,-0.9757856593139898,-0.10859837405705558,0.061847132081523794,-0.2474034460330139,0.017108058201076755
S9,RF,biomarker_02,3,300,-0.790044699893095,-0.10600541802184617,0.058690316805047785,-0.2474034460330139,0.017108058201076755
S9,RF,biomarker_02,4,300,-0.6378081298998572,-0.10184679693003802,0.055725328930630834,-0.2474034460330139,0.017108058201076755
S9,RF,biomarker_02,5,300,-0.5047151759423583,-0.09766729167924817,0.05460262924895458,-0.2474034460330139,0.017108058201076755
S9,RF,biomarker_02,6,300,-0.3831875774560008,-0.0929964357238226,0.05309444958442703,-0.2474034460330139,0.017108058201076755
S9,RF,biomarker_02,7,300,-0.26828385393495885,-0.08599558345219498,0.05244766897628998,-0.2474034460330139,0.017108058201076755
S9,RF,biomarker_02,8,300,-0.15875121461010078,-0.07518777568600489,0.0525994269262938,-0.2474034460330139,0.017108058201076755
S9,RF,biomarker_02,9,300,-0.0520882523751327,-0.060401486999649784,0.04886627047470204,-0.2474034460330139,0.017108058201076755
S9,RF,biomarker_02,10,300,0.054721850713232316,-0.04605401977332336,0.04940129696989715,-0.2474034460330139,0.017108058201076755
S9,RF,biomarker_02,11,300,0.1623148961730038,-0.033317890264221786,0.04607711475477311,-0.2437627662124541,0.016076542205450364
S9,RF,biomarker_02,12,300,0.27249010969263593,-0.014823366349843905,0.05143344068786139,-0.18392670550729495,0.02478070277528036
S9,RF,biomarker_02,13,300,0.3878689927965578,0.010964581974141836,0.060680599657029176,-0.08956596617297524,0.024628774798766146
S9,RF,biomarker_02,14,300,0.5094853907457212,0.0407619346366344,0.07117121692282631,0.010855122711742906,0.024962786512993274
S9,RF,biomarker_02,15,300,0.6424854209182055,0.08189749054367923,0.07996930779120005,0.12370533538295564,0.02734965022189756
S9,RF,biomarker_02,16,300,0.7957807260596094,0.14040034799374118,0.09726034487660144,0.2566707755918323,0.02974015637891141
S9,RF,biomarker_02,17,300,0.9813721497489684,0.20250075844663698,0.13183276445560854,0.42130921138595984,0.031703893202242206
S9,RF,biomarker_02,18,300,1.2361782214939965,0.2672114235057657,0.16275360837163963,0.6652633337659943,0.03838031085149269
S9,RF,biomarker_02,19,300,2.071565946916227,0.3019996492399527,0.19772707833046754,1.7608895654173924,0.21923595456643333
