Scenario,Task,Model,N_repetitions,Latent_RMSE_mean,Latent_RMSE_sd,Latent_RMSE_mcse,Latent_MAE_mean,Latent_MAE_sd,Latent_MAE_mcse,Standardized_Latent_RMSE_mean,Standardized_Latent_RMSE_sd,Standardized_Latent_RMSE_mcse,Standardized_Latent_MAE_mean,Standardized_Latent_MAE_sd,Standardized_Latent_MAE_mcse,Observed_RMSE_mean,Observed_RMSE_sd,Observed_RMSE_mcse,Observed_MAE_mean,Observed_MAE_sd,Observed_MAE_mcse,Observed_R2_mean,Observed_R2_sd,Observed_R2_mcse,ID_balanced_RMSE_mean,ID_balanced_RMSE_sd,ID_balanced_RMSE_mcse,ID_balanced_MAE_mean,ID_balanced_MAE_sd,ID_balanced_MAE_mcse
F1,known_ID_last_visit_current_X,GAM,275,0.5102428994098674,0.06115535396524377,0.003687806600437943,0.4102657720047761,0.05325350222689116,0.003211307011980976,0.5561435305110337,0.08075786813289833,0.00486988268119678,0.4472417133561562,0.06922774728776947,0.004174590233365,0.8636717908712619,0.08851600839560496,0.005337716141603092,0.6933718951864782,0.07763797029604218,0.004681745762849629,0.11333648862344782,0.14590154553730852,0.00879819423418554,0.8636717908712619,0.08851600839560496,0.005337716141603092,0.6933718951864782,0.07763797029604218,0.004681745762849629
F1,known_ID_last_visit_current_X,GPR,275,0.6248537391084525,0.08679016167152641,0.005233643668340682,0.5012162023031179,0.0729451130815097,0.0043987558251166,0.6821617635601869,0.11630406115788557,0.007013398771913705,0.5473062227225419,0.09715246076118494,0.005858513814628658,0.9362990697338397,0.10536091425197422,0.006353502184411041,0.7505562250979235,0.08942375305082016,0.005392455203908535,-0.04802766706032429,0.21773886569325226,0.013130147632401914,0.9362990697338397,0.10536091425197422,0.006353502184411041,0.7505562250979235,0.08942375305082016,0.005392455203908535
F1,known_ID_last_visit_current_X,LMM,275,0.4799504758292815,0.07343136952079447,0.00442807819168027,0.38444970439872933,0.05950698343542104,0.0035884061174761006,0.5231980244396817,0.0918019571413694,0.005535866306512903,0.41920124530870073,0.0746524904495348,0.004501714554303578,0.8428833967311353,0.09054852243788718,0.005460281349955432,0.6769939003530566,0.07788260757539656,0.004696497945856026,0.14892659790829038,0.18067702593633247,0.010895234604875015,0.8428833967311353,0.09054852243788718,0.005460281349955432,0.6769939003530566,0.07788260757539656,0.004696497945856026
F1,known_ID_last_visit_current_X,MERF,275,0.4432875428869048,0.05237469244724512,0.0031583127883231432,0.3575907420875462,0.04586145434562529,0.00276554975280824,0.48380520938751115,0.07306491173918435,0.004405979955987419,0.39011737205727326,0.0610893767133037,0.0036838280224491438,0.8264788893478067,0.08634076798688341,0.0052065442095203885,0.6641043620589008,0.07263662761863704,0.004380153451777914,0.18400770178527967,0.1574203049703998,0.00949280156309337,0.8264788893478067,0.08634076798688341,0.0052065442095203885,0.6641043620589008,0.07263662761863704,0.004380153451777914
F1,known_ID_last_visit_current_X,Mean,275,0.7063795929488823,0.06503193589228506,0.003921573286275559,0.5724143649794077,0.056629911885952254,0.0034149121752107482,0.7688823751756385,0.08448160454365952,0.005094432435609137,0.6232386818552234,0.07357745598252052,0.004436887536780195,0.994963794383463,0.10150253998670665,0.006120833461890027,0.799145579601542,0.08808479016784589,0.005311712704071477,-0.16751094561916835,0.11876389454277779,0.007161732306176931,0.994963794383463,0.10150253998670665,0.006120833461890027,0.799145579601542,0.08808479016784589,0.005311712704071477
F1,known_ID_last_visit_current_X,RF,275,0.5166689399126163,0.05600040673713896,0.0033769515864432837,0.41596239099693944,0.04817184771812922,0.002904871715257683,0.563587855413815,0.07919396302842198,0.004775575655028242,0.45384251600109343,0.06720919533506811,0.004052866970693189,0.8681275013833811,0.08900321271526823,0.005367095667504246,0.697445539578014,0.07719624805234276,0.004655108909324086,0.10533177406933665,0.13622122413541918,0.008214448889819828,0.8681275013833811,0.08900321271526823,0.005367095667504246,0.697445539578014,0.07719624805234276,0.004655108909324086
F1,new_ID_independent_test,GAM,275,0.33155960914535615,0.04096725693781691,0.002470418544596778,0.26460150058094756,0.03296996786933811,0.0019881638685939596,0.3472821494090677,0.042778628960336684,0.002579648387404874,0.27714627762213334,0.03440539330075667,0.002074723278967585,0.8695239109789055,0.01804297691606303,0.0010880324460295428,0.6957632329367731,0.014467425108844228,0.0008724185594291442,0.16036477401191937,0.03286420885345315,0.0019817863599778203,0.8695239109789055,0.01804297691606303,0.0010880324460295428,0.6957632329367731,0.014467425108844231,0.0008724185594291444
F1,new_ID_independent_test,GPR,275,0.4957764079031292,0.059335626755951366,0.003578072920910244,0.39636062178130943,0.04828041045358969,0.002911418294525628,0.5193261117836,0.06219870885281252,0.00375072326744247,0.41518502859179196,0.05057683105587698,0.003049897667227972,0.9451582111415806,0.031616096603805925,0.001906522359462798,0.7560424243832604,0.02518226917813269,0.0015185479678835921,0.007232764804009177,0.06502074389170562,0.003920898383246914,0.9451582111415808,0.03161609660380593,0.0019065223594627984,0.7560424243832604,0.025182269178132693,0.0015185479678835924
F1,new_ID_independent_test,LMM,275,0.38315838775938854,0.05025196329321023,0.0030303074040416477,0.30015489384870037,0.041930413550461315,0.0025284990736602537,0.4013560163192179,0.05269193545294176,0.0031774432613642404,0.31440535509611456,0.043920516383311944,0.0026485067898564156,0.8913160674844016,0.02382586472514371,0.0014367537018011977,0.7120623483870013,0.019141291569505264,0.0011542633116153086,0.11744108629544335,0.046980240122427755,0.002833015073579878,0.8913160674844016,0.02382586472514371,0.0014367537018011977,0.7120623483870013,0.019141291569505264,0.0011542633116153086
F1,new_ID_independent_test,MERF,275,0.3574384882900284,0.028484339751977086,0.0017176703156056904,0.2850797468214373,0.02375770639395552,0.001432643599785052,0.3743937220873271,0.02969557003021355,0.0017907102495625655,0.2985985015892122,0.024722518986003156,0.0014908239881638201,0.8788930911235308,0.014213411770669218,0.0008571009788023775,0.7034017251527598,0.011660750842502425,0.0007031697330618391,0.1423586012630535,0.02324174297957337,0.0014015298352203927,0.8788930911235308,0.014213411770669222,0.0008571009788023778,0.7034017251527598,0.011660750842502428,0.0007031697330618393
F1,new_ID_independent_test,Mean,275,0.5171722289940373,0.012882539163597983,0.0007768463409584251,0.42291374782693625,0.010067263349525167,0.0006070788217467547,0.5417187380677255,0.013467625799028668,0.0008121283925870623,0.44298320954031545,0.010375975853521206,0.0006256948861803174,0.9539715480000501,0.011370957828583472,0.00068569455680665,0.7648496678527482,0.009373128954299755,0.0005652209427823373,-0.010284117532586847,0.014935933684192321,0.0009006706895290274,0.9539715480000501,0.01137095782858348,0.0006856945568066504,0.7648496678527482,0.009373128954299759,0.0005652209427823375
F1,new_ID_independent_test,RF,275,0.32064312117685084,0.03145158067003726,0.0018966016753837868,0.25563111109700304,0.026419045965336972,0.0015931284142940982,0.33585828110227833,0.03293778347269532,0.001986223076452721,0.26775793844627244,0.027630895657890682,0.0016662057003397018,0.8649348171226372,0.014036572144891561,0.0008464371481338075,0.6922633787476176,0.011447834157973274,0.0006903303738947544,0.16935047947988494,0.023883876062174497,0.0014402519170469788,0.8649348171226372,0.014036572144891563,0.0008464371481338076,0.6922633787476176,0.011447834157973279,0.0006903303738947547
F2,known_ID_last_visit_current_X,GAM,275,0.48847230322274815,0.0587206395438654,0.00354098779666741,0.3938221486683916,0.04880845429336406,0.0029432605361509032,0.5458768030949205,0.0740509393954126,0.004465439660871468,0.4401456305380717,0.06145343061835062,0.00370578129893104,0.8506704644917291,0.08238056378908269,0.004967734911024109,0.6830841740502192,0.07047569361642646,0.0042498442284678506,0.09703534779876793,0.1308787054090093,0.007892282888893484,0.8506704644917291,0.08238056378908269,0.004967734911024109,0.6830841740502192,0.07047569361642646,0.0042498442284678506
F2,known_ID_last_visit_current_X,GPR,275,0.6170234654207878,0.0870979578005647,0.005252204473285115,0.496952889420112,0.07334786449695391,0.004423042649276837,0.690487874715271,0.11414935058112104,0.006883464835278465,0.5561196106853039,0.09496942432091313,0.005726871764154936,0.9325995890638643,0.09506601015361023,0.005732696109011669,0.7479044476847019,0.08260619377756022,0.004981340911264694,-0.0924801632521224,0.2104850840036697,0.012692728138301993,0.9325995890638643,0.09506601015361023,0.005732696109011669,0.7479044476847019,0.08260619377756022,0.004981340911264694
F2,known_ID_last_visit_current_X,LMM,275,0.47389722517487826,0.06498272736911351,0.00391860590067833,0.37901753664040827,0.05325779087129269,0.0032115656269689607,0.5301194176106041,0.08393417761818854,0.0050614213499377714,0.42387184302864994,0.06723310697234239,0.004054308896674313,0.8406548664160515,0.08784422538272378,0.005297206101707431,0.6734538943098726,0.07424607917591289,0.0044772070323913175,0.11290788982587928,0.17097018026266061,0.010309889786739483,0.8406548664160515,0.08784422538272378,0.005297206101707431,0.6734538943098726,0.07424607917591289,0.0044772070323913175
F2,known_ID_last_visit_current_X,MERF,275,0.42275800563900434,0.0532417786036594,0.00321060005090019,0.3406996653327638,0.04535004047778407,0.002734710336222536,0.4730945847435243,0.07183228265568024,0.004331649625520823,0.3811100578981178,0.0590542279080586,0.0035611039319120882,0.815258741679038,0.07907984285006424,0.004768693949344223,0.6561614436561809,0.06994669087510193,0.004217944162903434,0.16669000172619958,0.1482137359272179,0.008937624560861812,0.815258741679038,0.07907984285006424,0.004768693949344223,0.6561614436561809,0.06994669087510193,0.004217944162903434
F2,known_ID_last_visit_current_X,Mean,275,0.6811185431507591,0.05627564916615174,0.0033935493294145825,0.5487337383978069,0.050209096611816696,0.0030277224458927373,0.7607314885096826,0.07622055952176543,0.0045962726771753915,0.6127859766503835,0.06469135403307638,0.0039010354274137977,0.971567948344164,0.09102852598271433,0.005489226652796017,0.7805463228793322,0.07905480006930457,0.00476718381284446,-0.17315960067196678,0.12801255187117186,0.007719447327501547,0.971567948344164,0.09102852598271433,0.005489226652796017,0.7805463228793322,0.07905480006930457,0.00476718381284446
F2,known_ID_last_visit_current_X,RF,275,0.500197670333411,0.054420407048665825,0.0032816740203424873,0.4009695273444959,0.04578571855640779,0.002760982712880315,0.5591496622187324,0.07252371531509315,0.004373344583685736,0.44821424526785963,0.05988858222263789,0.0036114173901607,0.8572581165216834,0.08084308272664002,0.004875021314544122,0.6882468614170555,0.06923117846305452,0.004174797141019735,0.08348382167050025,0.12746162891089433,0.007686225422999139,0.8572581165216834,0.08084308272664002,0.004875021314544122,0.6882468614170555,0.06923117846305452,0.004174797141019735
F2,new_ID_independent_test,GAM,275,0.3109079652793443,0.04381566715853985,0.002642184143708622,0.24686417547979664,0.03496710540213364,0.0021085957931579386,0.33045361553452274,0.04681341517894409,0.0028229551509761043,0.2623835773019605,0.03735893486617812,0.0022528285366988916,0.8624777809381529,0.01799268477212922,0.0010849997156417066,0.6898999229850719,0.014533455469778923,0.0008764003400108191,0.15056600985058102,0.03532140055706142,0.0021299605948658716,0.8624777809381529,0.017992684772129217,0.0010849997156417064,0.6898999229850719,0.014533455469778916,0.0008764003400108188
F2,new_ID_independent_test,GPR,275,0.4763835822304048,0.06651073281329471,0.004010748095877774,0.3805124508253039,0.054247785918353816,0.003271264574521906,0.5062880840437658,0.07065896066969729,0.004260895647597549,0.4043995281623014,0.05763628903165819,0.0034755990004815738,0.935964227293885,0.03395893002814128,0.002047800530641414,0.7484897591141589,0.027192175052619966,0.0016397498524218731,-0.0011776656581463502,0.0711081906836746,0.0042879852367053465,0.935964227293885,0.03395893002814128,0.002047800530641414,0.7484897591141589,0.02719217505261996,0.0016397498524218727
F2,new_ID_independent_test,LMM,275,0.37509529380975737,0.04763683839234951,0.002872609439022186,0.29381615577918707,0.03923043806116871,0.00236568442563953,0.3986687399218555,0.05090730909964053,0.003069826243093687,0.3122797990743934,0.04190314264523738,0.0025268545761998698,0.8876155902468804,0.021528377294231123,0.0012982099969122045,0.7090927331186001,0.01734313403612749,0.0010458303324850351,0.1001665927304538,0.04407470997450476,0.0026578050132575796,0.8876155902468804,0.021528377294231123,0.0012982099969122045,0.7090927331186001,0.017343134036127496,0.0010458303324850356
F2,new_ID_independent_test,MERF,275,0.34226349280280643,0.026461385879031584,0.001595681607155572,0.27309695855325916,0.021943842075638494,0.001323263465885573,0.3637531620228972,0.02821798722124545,0.0017016086536711732,0.29024448667840685,0.023405795144932517,0.001411422553012059,0.8735084538322584,0.012773448083672097,0.0007702679013204463,0.698952040952368,0.010492595460000595,0.0006327273130510635,0.12897166781223818,0.021345685484335044,0.001287193266263182,0.8735084538322584,0.012773448083672097,0.0007702679013204463,0.698952040952368,0.010492595460000592,0.0006327273130510633
F2,new_ID_independent_test,Mean,275,0.48891229763500044,0.010897536522197897,0.0006571461778786347,0.40023648017343255,0.008742039909920963,0.0005271648415185482,0.5196154593146445,0.01227538126272178,0.0007402333419455859,0.4253701485095078,0.009838394601303606,0.0005932775169451321,0.9400967714488297,0.009467530255821392,0.0005709135554526732,0.7533209696835742,0.007871516924365015,0.0004746703303463836,-0.008770877357430582,0.012014865128677815,0.0007245236279736265,0.9400967714488297,0.009467530255821399,0.0005709135554526736,0.7533209696835742,0.00787151692436501,0.0004746703303463833
F2,new_ID_independent_test,RF,275,0.3033991225518024,0.028803106523688504,0.001736892675194775,0.2410679203224592,0.023804128467019653,0.0014354429561185828,0.32246284820035387,0.03083140402934723,0.0018592036168217523,0.25621687541104277,0.025489939249945543,0.0015371011712913183,0.8591249187833659,0.01252781734636356,0.0007554558105453414,0.6874018726907263,0.010208094213062721,0.0006155712423514057,0.1573878224725929,0.021942529974986927,0.0013231843432392378,0.8591249187833659,0.01252781734636356,0.0007554558105453414,0.6874018726907263,0.010208094213062718,0.0006155712423514055
F3,known_ID_last_visit_current_X,GAM,300,0.5716845272461166,0.06273563166348863,0.0036220433828696363,0.45937131361408784,0.053864392128907854,0.0031098621295360504,0.5971535212732594,0.08598628447262237,0.004964420448688426,0.47977473843606694,0.07137542457122575,0.004120862058972102,0.8907561880661259,0.09164019441249409,0.00529084909126431,0.7151955611377807,0.08037323675141754,0.004640350987407243,0.13097283166177803,0.1415008057936364,0.008169552831550493,0.8907561880661259,0.09164019441249409,0.00529084909126431,0.7151955611377807,0.08037323675141754,0.004640350987407243
F3,known_ID_last_visit_current_X,GPR,300,0.7427401392062791,0.10008206473891373,0.0057782407018065396,0.5976152460101435,0.08115335641267532,0.004685391217049973,0.7760346548235372,0.12961401517438534,0.007483268655167961,0.624449914125185,0.10500202470730093,0.006062294723021592,1.0151989108996462,0.1113872983202617,0.006430948666950824,0.8178420214481544,0.09496183920563268,0.005482624342811398,-0.13465033418195232,0.2296929791512426,0.0132613303343937,1.0151989108996462,0.1113872983202617,0.006430948666950824,0.8178420214481544,0.09496183920563268,0.005482624342811398
F3,known_ID_last_visit_current_X,LMM,300,0.6739954663167539,0.09040711930671037,0.005219657466838785,0.539845100316464,0.07573066279436665,0.0043723118550236355,0.7048504513428725,0.12017621592761805,0.006938377061600087,0.5643624428156209,0.09766402062181459,0.005638634859614581,0.9616285395014237,0.10595042997494357,0.006117050926679026,0.7730906360431032,0.09320994106782701,0.005381478456665908,-0.024713566909738943,0.23669638901495024,0.013665672391399389,0.9616285395014237,0.10595042997494357,0.006117050926679026,0.7730906360431032,0.09320994106782701,0.005381478456665908
F3,known_ID_last_visit_current_X,MERF,300,0.49715567463808175,0.057994736428567784,0.0033483276688615004,0.40128082418988187,0.050883073942367935,0.0029377356437821755,0.5197786488258218,0.081709448460611,0.004717497206406961,0.419576261972869,0.06932690402069935,0.004002590669843412,0.8507490015962162,0.08764716740269947,0.005060311569365672,0.6864386261005669,0.07613816763170606,0.004395839157777034,0.20512621001104014,0.14404571920797077,0.008316483476033516,0.8507490015962162,0.08764716740269947,0.005060311569365672,0.6864386261005669,0.07613816763170606,0.004395839157777034
F3,known_ID_last_visit_current_X,Mean,300,0.7427750549350003,0.061293272825153296,0.0035387687565115425,0.6025232727342544,0.05611232953891592,0.0032396468564150093,0.7744509254481887,0.08510932918667641,0.004913789411647609,0.6283038487429267,0.0750358081710582,0.004332194404642157,1.011837451787733,0.09855737761474608,0.005690212849649724,0.8160730369592799,0.08577033484854989,0.004951952591329461,-0.11249667482462337,0.10050057696785995,0.005802403516610664,1.011837451787733,0.09855737761474608,0.005690212849649724,0.8160730369592799,0.08577033484854989,0.004951952591329461
F3,known_ID_last_visit_current_X,RF,300,0.5532119199899191,0.059175692192022726,0.0034165101816546754,0.4451005667130974,0.04999287288970714,0.002886339862043516,0.5775492875011013,0.080516622844098,0.004648629387327954,0.46481879208184634,0.06759649578431744,0.0039026855037351074,0.8832016728189891,0.08924337011452828,0.00515246837590123,0.7119367037701105,0.07544719095095682,0.0043559456005136015,0.14794782026255418,0.12264807348367543,0.007081089824138901,0.8832016728189891,0.08924337011452828,0.00515246837590123,0.7119367037701105,0.07544719095095682,0.0043559456005136015
F3,new_ID_independent_test,GAM,300,0.4146260074077179,0.043072280313831174,0.0024867792633801442,0.329718555783197,0.03503037657966749,0.0020224797348084985,0.41912847047282525,0.04335333510931511,0.002503005969563113,0.3332966247714912,0.03523798533991833,0.002034466032170193,0.9024210400885754,0.022926499957215594,0.0013236620921874365,0.7225446694897836,0.018331286945965176,0.0010583573452845267,0.1549339320525364,0.04131512051860181,0.0023853295953016585,0.9023473903225577,0.023068549823538502,0.0013318633450434246,0.7225763269807285,0.01852950875893068,0.0010698016869920156
F3,new_ID_independent_test,GPR,300,0.6043527365160757,0.05808137337171987,0.0033533296551065627,0.4834223442974121,0.04772648064820034,0.002755489644971193,0.6109346769039167,0.05870052579394371,0.003389076436870597,0.4886890286521441,0.04825393193429134,0.0027859420591720982,1.0045669484887718,0.03617437050758925,0.002088528255032191,0.8037832515146449,0.029035181974130325,0.001676347012873391,-0.04791896602546828,0.0740373802249242,0.0042745501402954664,1.004480472954244,0.03608249862917862,0.002083224029659058,0.803802271183182,0.028914418258740138,0.0016693747165145048
F3,new_ID_independent_test,LMM,300,0.5245255524722783,0.05330520378045687,0.0030775773751854627,0.4130902830059298,0.04366596432236628,0.0025210556255942764,0.5302651850200508,0.054217064885024716,0.0031302237006040423,0.41760876647366235,0.04437164777041029,0.0025617982784633636,0.9586254644665292,0.030921680365986998,0.0017852640483098157,0.7656913900343932,0.02484251295388091,0.0014342831541269906,0.04587526560950302,0.0621831007600389,0.0035901429962854076,0.958650671818696,0.030787507937671203,0.0017775175995492208,0.7657342712250994,0.02475289256041167,0.0014291089182975562
F3,new_ID_independent_test,MERF,300,0.4115755553239451,0.027949736016943116,0.0016136787613161086,0.32839726639249534,0.023493098618913633,0.0013563746811728209,0.4160560994146933,0.028265639910079535,0.0016319174810901448,0.3319699890791136,0.02372301875643875,0.0013696491265020453,0.9002298272520435,0.014570913152446463,0.0008412520630903623,0.7212857277935393,0.01212016935735137,0.0006997583041090667,0.15934383965378757,0.023461174417684964,0.0013545315365555174,0.9000887291865919,0.014567970559196022,0.0008410821723898366,0.7213246203933494,0.01207438645995113,0.0006971150272952357
F3,new_ID_independent_test,Mean,300,0.5792490463200056,0.01266124462931192,0.000730997299500894,0.47582018386068586,0.010052396833485681,0.0005803754017813899,0.5855629115623987,0.013087394546329633,0.0007556010764314253,0.481004797015518,0.010316150666443962,0.0005956032364272158,0.9871409909815649,0.010942516185151074,0.0006317664665108809,0.7930815936260376,0.009498976751985506,0.0005484236784784828,-0.010653694410352528,0.013858659680940532,0.0008001300897398429,0.9867705105227959,0.01093659498687567,0.0006314246059690579,0.7930008164630538,0.009581264185175182,0.0005531745456487811
F3,new_ID_independent_test,RF,300,0.3765821536742437,0.02952627696171254,0.0017047003952012179,0.30006543900682253,0.024902325091841027,0.0014377364095221987,0.38068882890944455,0.02992004160873493,0.0017274344076967912,0.30333588396877803,0.02520504364525346,0.001455213873352335,0.8849456210715514,0.014201952801432967,0.0008199501272925683,0.7089839800305495,0.011853650859517742,0.0006843708514622407,0.18762427832996495,0.023404120309587245,0.0013512375160886583,0.8848657372077474,0.014168934622644153,0.000818043821851381,0.7090818372946524,0.011765354812734653,0.000679273076824381
S0,known_ID_last_visit_current_X,GAM,200,0.464526602333146,0.05191697490226759,0.0036710845012085207,0.37345250146502834,0.04565547310994341,0.003228329463432106,0.5494763545425895,0.07462726221551241,0.005276944317397544,0.44181437945920005,0.06473171094534204,0.004577223176725881,0.8366168504704646,0.08585353573811833,0.006070761730926507,0.6695471876477428,0.07132944894123922,0.005043753704464985,0.025584668397494067,0.12815432443231917,0.009061879184447372,0.8366168504704646,0.08585353573811833,0.006070761730926507,0.6695471876477428,0.07132944894123922,0.005043753704464985
S0,known_ID_last_visit_current_X,GPR,200,0.5650838579514585,0.0805412195775614,0.005695124252832838,0.4526816195826949,0.06729263188687733,0.004758307633110106,0.6689585967464684,0.11152587530918366,0.00788607027088891,0.5360129952178998,0.09273766165378525,0.00655754294267752,0.8951247225412869,0.10029997762418201,0.007092279433091808,0.7173864665829638,0.08275763017227987,0.0058518481489747524,-0.12310240917402501,0.21015009502350537,0.014859855725811798,0.8951247225412869,0.10029997762418201,0.007092279433091808,0.7173864665829638,0.08275763017227987,0.0058518481489747524
S0,known_ID_last_visit_current_X,LMM,200,0.436242726099311,0.060095816168959704,0.004249415913401157,0.3512232673517835,0.05075733543117272,0.0035890856078342444,0.5168095287423459,0.0865544851942648,0.006120326342297527,0.4161019837840637,0.07221875793580468,0.005106637346527728,0.8193705775954865,0.08553929078459224,0.006048541257167313,0.6587419935614804,0.07039811712810005,0.0049778986004044385,0.05972786101242468,0.16049053984394807,0.011348394903994547,0.8193705775954865,0.08553929078459224,0.006048541257167313,0.6587419935614804,0.07039811712810005,0.0049778986004044385
S0,known_ID_last_visit_current_X,MERF,200,0.4012526536627617,0.04298935985044486,0.0030398067869118264,0.32414981347766186,0.038261378077747495,0.0027054879896317562,0.4751157487204384,0.06595780316389806,0.004663920988935984,0.3839011696851861,0.057196096854229175,0.0040443747943028005,0.8024129777801405,0.08095543687774666,0.0057244138390174166,0.6440516145584084,0.0678652850523754,0.004798800326769268,0.09960599316472088,0.14214442808114752,0.010051128900406292,0.8024129777801405,0.08095543687774666,0.0057244138390174166,0.6440516145584084,0.0678652850523754,0.004798800326769268
S0,known_ID_last_visit_current_X,Mean,200,0.5594818655521269,0.05084323864820964,0.0035951598825634985,0.4504158837007706,0.04319792235414571,0.003054554382978638,0.6611545406660815,0.07331400308188366,0.005184082873513137,0.5323913966264014,0.062435640696435334,0.00441486649241762,0.8923624049788634,0.08405557311480129,0.005943626574599764,0.7137365374800874,0.07191574961651276,0.005085211422795002,-0.10430638762742202,0.08489074578301942,0.006002682200315634,0.8923624049788634,0.08405557311480129,0.005943626574599764,0.7137365374800874,0.07191574961651276,0.005085211422795002
S0,known_ID_last_visit_current_X,RF,200,0.47596526782624266,0.04597478480314378,0.00325090820978952,0.38286275328685776,0.04019752804429924,0.002842394466706041,0.5633236504664776,0.07209128769786274,0.005097623839562908,0.4532026996076417,0.0611986160504936,0.004327395640853591,0.8423350240932186,0.08246305873192775,0.005831018802673065,0.6751533639736255,0.06918746908622654,0.004892292856400541,0.012583699202999515,0.11843111046301447,0.00837434413118506,0.8423350240932186,0.08246305873192775,0.005831018802673065,0.6751533639736255,0.06918746908622654,0.004892292856400541
S0,new_ID_independent_test,GAM,200,0.2561210210955057,0.04769064750528677,0.0033722380250165583,0.2042397475361281,0.038878396811716995,0.0027491178027226537,0.2921385011890254,0.05420117433612416,0.003832601792134766,0.23296243660698635,0.04419540609344391,0.003125087134596745,0.84582416682337,0.0172685281173495,0.0012210693332888396,0.6759391210798134,0.013899545955568166,0.00098284632005963,0.06254128922792512,0.03469330835612149,0.002453187360040942,0.84582416682337,0.017268528117349514,0.0012210693332888405,0.6759391210798134,0.013899545955568166,0.00098284632005963
S0,new_ID_independent_test,GPR,200,0.43803871440426256,0.04907090422220105,0.0034698369134473946,0.34836323845280054,0.03885377357813947,0.0027473766771789125,0.4997863903491351,0.056537662587391735,0.003997816460798166,0.3974679280446054,0.044744366698725176,0.0031639045112566103,0.9171995822766749,0.024657798811249503,0.0017435696748568114,0.7326331685162987,0.019516960210672084,0.0013800574913114259,-0.10281643532014918,0.058715774674238906,0.004151832243477567,0.9171995822766749,0.024657798811249503,0.0017435696748568114,0.7326331685162987,0.019516960210672087,0.001380057491311426
S0,new_ID_independent_test,LMM,200,0.30657095007332286,0.04861284879404987,0.003437447503506894,0.24527277393544542,0.0391805362633212,0.0027704822882319855,0.3497324761848183,0.055402075400639066,0.00391751832076003,0.27980300917325923,0.04464367819581917,0.003156784758937375,0.862412424471469,0.018985248826211828,0.0013424598187528325,0.6890011884349412,0.015416145193367422,0.0010900860805986505,0.025260774234966022,0.04146613838101405,0.0029320987638834805,0.862412424471469,0.018985248826211824,0.0013424598187528323,0.6890011884349412,0.015416145193367418,0.00109008608059865
S0,new_ID_independent_test,MERF,200,0.3008482735651705,0.032487909521930716,0.0022972421129532215,0.24046485821035318,0.026135642602739432,0.001848069011506508,0.3432243498186613,0.03712721919073832,0.0026252908456370384,0.27433293657274627,0.029842592483336417,0.0021101899513153873,0.8593990329543305,0.013962149371060878,0.0009872730500216636,0.6868276519974031,0.011273519151114747,0.0007971581839589648,0.03234859248040237,0.026481320648726905,0.0018725121405490138,0.8593990329543305,0.01396214937106088,0.0009872730500216638,0.6868276519974031,0.011273519151114747,0.0007971581839589648
S0,new_ID_independent_test,Mean,200,0.3508271707337365,0.014571556127065505,0.0010303646149888404,0.2816997829224419,0.012014781021056267,0.0008495733134460317,0.400249250679525,0.01704275913285197,0.0012051050552968593,0.3213814087510782,0.013981404613255267,0.0009886346012545678,0.877632015037828,0.010127525430552061,0.0007161241908582571,0.7015561919402259,0.008348369481268126,0.0005903188672055511,-0.00899190920013498,0.013699529190896646,0.0009687029989946075,0.877632015037828,0.010127525430552061,0.0007161241908582571,0.7015561919402259,0.008348369481268126,0.0005903188672055511
S0,new_ID_independent_test,RF,200,0.26484295798370894,0.03214130130081157,0.002272733210596386,0.21147866428002804,0.02610886248032244,0.001846175370890302,0.30213436971153823,0.03661768336528962,0.002589261221893813,0.24125517318282058,0.029734113424209382,0.002102519323482841,0.8479899818326948,0.01303218668187785,0.000921514757644484,0.6776505705778001,0.010609123062140208,0.000750178285968193,0.0578907711390497,0.024106723097748337,0.0017046027374604223,0.8479899818326948,0.013032186681877854,0.0009215147576444842,0.6776505705778001,0.010609123062140215,0.0007501782859681936
S1,known_ID_last_visit_current_X,GAM,200,0.5768859666491121,0.0756020214095855,0.005345870201012845,0.45944160416481905,0.061184018347452546,0.004326363427372583,0.5800903251875372,0.09264164471954658,0.00655075352014663,0.461799961169835,0.07326636763854084,0.005180714539011885,0.8898753328716141,0.09388517893667174,0.0066386846679033,0.7136323019255643,0.07884617295173432,0.005575266356477868,0.19572338828059033,0.15670613547251067,0.011080797104615007,0.8898753328716141,0.09388517893667174,0.0066386846679033,0.7136323019255643,0.07884617295173432,0.005575266356477868
S1,known_ID_last_visit_current_X,GPR,200,0.6268500750096114,0.11003851529600463,0.00778089803575045,0.5001659123280823,0.09135156247770043,0.0064595309299968545,0.6302447705021665,0.12454723498223604,0.008806819443397349,0.5028948320839741,0.10246832173737791,0.007245604515730483,0.9301915823274054,0.11263036930455472,0.007964169790279581,0.7465799856069966,0.09926225088668436,0.00701890107178149,0.11480925700563546,0.2176355335954499,0.01538915616324953,0.9301915823274054,0.11263036930455472,0.007964169790279581,0.7465799856069966,0.09926225088668436,0.00701890107178149
S1,known_ID_last_visit_current_X,LMM,200,0.43984488259015647,0.0641159225866407,0.004533680364304536,0.3538508545148946,0.0540736183845065,0.003823582224297811,0.44273598544781934,0.07946400639173168,0.005618953777984463,0.356224457520413,0.06634557085394252,0.004691340305251532,0.8121908791271538,0.0902386922748588,0.006380839123295877,0.6513949841627756,0.07655772669481187,0.005413448769812784,0.3243687821186061,0.1636325266793966,0.011570566923768998,0.8121908791271538,0.0902386922748588,0.006380839123295877,0.6513949841627756,0.07655772669481187,0.005413448769812784
S1,known_ID_last_visit_current_X,MERF,200,0.49502384969824503,0.06853940891210847,0.004846468082026959,0.39252635904960953,0.05498798247897743,0.0038882375294652,0.49818501547420047,0.08483889398250753,0.005999015724339765,0.39501587710744235,0.06803470660527057,0.004810780239662402,0.8456468428267628,0.09349460319888414,0.0066110667926276455,0.6766470065767279,0.07878074165550454,0.005570639665151277,0.26973777596655857,0.16758771904607858,0.01185024125810681,0.8456468428267628,0.09349460319888414,0.0066110667926276455,0.6766470065767279,0.07878074165550454,0.005570639665151277
S1,known_ID_last_visit_current_X,Mean,200,0.8956280259950965,0.08196989346189805,0.005796146752004696,0.7234456376029709,0.06984611601000468,0.004938866227021659,0.8988535868541799,0.10030580329660654,0.007092691370339444,0.7261131084507414,0.08473604759882992,0.00599174338680787,1.123552828831694,0.11030452622898167,0.007799707849208233,0.9051535158407543,0.09623450097057497,0.006804806822039695,-0.2720266437866895,0.16912569199355407,0.011958992368150947,1.123552828831694,0.11030452622898167,0.007799707849208233,0.9051535158407543,0.09623450097057497,0.006804806822039695
S1,known_ID_last_visit_current_X,RF,200,0.5615532571147465,0.0613235029694625,0.0043362264795820315,0.4480642644638008,0.04955855920577178,0.0035043193280236223,0.5646527630503857,0.07992979556475932,0.005651890046269575,0.45050206199722326,0.06394264509901032,0.004521427795651496,0.8808446832189509,0.090318297434718,0.006386468058131266,0.705942323358519,0.07780380848220911,0.005501560057990949,0.21307257928594767,0.14218645464194787,0.01005410062701948,0.8808446832189509,0.090318297434718,0.006386468058131266,0.705942323358519,0.07780380848220911,0.005501560057990949
S1,new_ID_independent_test,GAM,200,0.3851514262746791,0.04362058323919588,0.0030844410207747663,0.30337655368545424,0.03636723842733115,0.0025715520904993853,0.3614748920254954,0.041064759148765013,0.0029037169661884055,0.28472691237089864,0.034239333389863076,0.002421086482327916,0.8858776642378839,0.020798630628049222,0.0014706852756487827,0.7097189653349016,0.01671875895224364,0.0011821947828154775,0.29367319552293203,0.032917612136447734,0.002327626676215079,0.8858776642378839,0.020798630628049226,0.0014706852756487829,0.7097189653349016,0.016718758952243635,0.0011821947828154773
S1,new_ID_independent_test,GPR,200,0.45858604174434114,0.09014005832281183,0.006373864649661113,0.36501952984145425,0.07273257135636123,0.005142969441921747,0.4303139179240332,0.08436041743515815,0.005965182323212818,0.34251883643506786,0.06808607225381162,0.004814412339502743,0.9241896671107332,0.04484513607384151,0.00317102998210468,0.7396518850115027,0.03591768608282552,0.002539763939369561,0.2299824679292775,0.07322200889318663,0.005177577902047395,0.9241896671107332,0.04484513607384151,0.00317102998210468,0.7396518850115027,0.03591768608282553,0.0025397639393695613
S1,new_ID_independent_test,LMM,200,0.30877269232650834,0.054387076746111596,0.00384574707760887,0.24699033935395287,0.044338959992114554,0.003135237928118323,0.28979899969300965,0.051182257758224256,0.0036191321537278154,0.23181713223656752,0.04175632693190826,0.0029526181930994797,0.8581592078264149,0.02129146100324479,0.0015055336456763324,0.6867565859627771,0.017144789846178135,0.0012123197162250824,0.33710551916475906,0.03337516376631957,0.002359980462237612,0.8581592078264149,0.021291461003244787,0.0015055336456763322,0.6867565859627771,0.017144789846178142,0.0012123197162250828
S1,new_ID_independent_test,MERF,200,0.3803569436776057,0.03348516155778779,0.0023677584806638843,0.29974636096340285,0.02717571765043304,0.001921613423423215,0.3569640094410593,0.031393542980006794,0.002219858712663414,0.2813092013003588,0.025460384786775894,0.0018003210734348044,0.8831355250725204,0.016123890422464246,0.0011401312256833294,0.7079809700363936,0.013310467762971906,0.000941192201596237,0.2982256579153195,0.02390539297992946,0.001690366548303741,0.8831355250725204,0.016123890422464243,0.0011401312256833292,0.7079809700363936,0.013310467762971906,0.000941192201596237
S1,new_ID_independent_test,Mean,200,0.7012592299353261,0.01014525466310963,0.0007173778369149262,0.5646713166358829,0.008465959113659279,0.0005986337098516529,0.6581381343322233,0.009766370164758153,0.000690586657107847,0.5299487418971416,0.008110762599492897,0.0005735175234695657,1.058629686323565,0.010337852218567353,0.000730996540665337,0.8503575509460961,0.008853366551576768,0.0006260275524950093,-0.008123055160453703,0.011537497535094804,0.0008158242744988613,1.058629686323565,0.010337852218567345,0.0007309965406653364,0.8503575509460961,0.008853366551576761,0.0006260275524950088
S1,new_ID_independent_test,RF,200,0.3442199793247398,0.037367294269294415,0.0026422667172411297,0.2695799625998753,0.030324032107488477,0.0021442328736123693,0.32305931862286585,0.035145855942980996,0.0024851873067887383,0.25300814516252246,0.028527052475839674,0.0020171672252930722,0.8688036282360388,0.016435197375683837,0.0011621439514485391,0.6963303134197565,0.013401888339742993,0.0009476566125737191,0.3207801465487223,0.02475008446608849,0.0017500952560911003,0.8688036282360388,0.016435197375683837,0.0011621439514485391,0.6963303134197565,0.01340188833974299,0.0009476566125737188
S2,known_ID_last_visit_current_X,GAM,200,0.5717303237308597,0.06800298724429116,0.0048085373421380565,0.4605545004152259,0.058938467440816246,0.004167579000014371,0.5518825410378456,0.07670090027813567,0.005423572670978288,0.44465811078509776,0.06597585020967962,0.0046651971077812365,0.9054579050394648,0.09530415273023665,0.006739021267078875,0.7296122020403055,0.08303878116466433,0.00587172852629999,0.23384425815098708,0.11604482427870816,0.008205608216907585,0.9054579050394648,0.09530415273023665,0.006739021267078875,0.7296122020403055,0.08303878116466433,0.00587172852629999
S2,known_ID_last_visit_current_X,GPR,200,0.6209270367254401,0.09826462395209278,0.006948358194727084,0.49969590609759484,0.08244064090314437,0.005829433622797845,0.600217032993277,0.10923963101103333,0.007724408386221794,0.4830922703846335,0.09100312742915223,0.006434892851433704,0.9324353327802755,0.11362848487695384,0.008034747219244713,0.7497191003802448,0.09556628567425351,0.006757556865307547,0.17920413616742167,0.18925432468330775,0.01338230163524475,0.9324353327802755,0.11362848487695384,0.008034747219244713,0.7497191003802448,0.09556628567425351,0.006757556865307547
S2,known_ID_last_visit_current_X,LMM,200,0.570773553543081,0.07423692055998456,0.0052493429942372105,0.4561388489894792,0.06365857861073695,0.004501341261634901,0.5521111421882139,0.08820155548369504,0.006236791799372228,0.44125621808185217,0.0740611844522181,0.005236916574887111,0.9013274234741143,0.09221332590104235,0.0065204668060392145,0.7244225942197852,0.07899261912645104,0.00558562166479997,0.2353996129733724,0.1451129880558438,0.010261037789252962,0.9013274234741143,0.09221332590104235,0.0065204668060392145,0.7244225942197852,0.07899261912645104,0.00558562166479997
S2,known_ID_last_visit_current_X,MERF,200,0.47048301565651074,0.05965664604514066,0.00421836189613646,0.3796233026373692,0.051809133812757896,0.0036634589846402357,0.45440485945711273,0.06754661376810019,0.004776266864161226,0.36665040922448755,0.057920257146873586,0.004095580659662291,0.8434971004705213,0.09457277424559253,0.006687304998468295,0.6790990639675313,0.08026282171458983,0.005675438551155335,0.3315962525383174,0.1276420769903481,0.009025657820461053,0.8434971004705213,0.09457277424559253,0.006687304998468295,0.6790990639675313,0.08026282171458983,0.005675438551155335
S2,known_ID_last_visit_current_X,Mean,200,0.9021646741412523,0.0753244762845575,0.005326244797013589,0.7491935720506254,0.07302667168593471,0.005163765475660808,0.8702691073047063,0.09048893076905025,0.006398533656911546,0.7225929898070271,0.08228602931696583,0.005818500932694159,1.1450722588888922,0.11332982616039265,0.008013628858870624,0.9323557821222528,0.10397734164231945,0.007352308336503447,-0.22130429882946218,0.148698784627873,0.010514591896456696,1.1450722588888922,0.11332982616039265,0.008013628858870624,0.9323557821222528,0.10397734164231945,0.007352308336503447
S2,known_ID_last_visit_current_X,RF,200,0.5382009914871315,0.06281590609393725,0.00444175531654004,0.4354963500153773,0.051480524999959185,0.0036402228326514728,0.5194704633473909,0.07053643463715216,0.004987679125265196,0.42048720943167495,0.05896597942222539,0.0041695243908761994,0.8826476189194196,0.09655674428163849,0.0068275928650841965,0.7091229973328405,0.08406838945236415,0.0059445328265198315,0.2720849306435177,0.11454366806119409,0.00809946044280513,0.8826476189194196,0.09655674428163849,0.0068275928650841965,0.7091229973328405,0.08406838945236415,0.0059445328265198315
S2,new_ID_independent_test,GAM,200,0.41349695778570916,0.04887884584223152,0.0034562563351613787,0.3271715398227659,0.039857997008980885,0.0028183859969563513,0.38290649090869167,0.04556082157292291,0.0032216365890644135,0.30296786824187955,0.03714467932755178,0.0026265254637511627,0.8993751097627478,0.024628792192975972,0.001741518597208761,0.7199802540372101,0.019197617914804174,0.001357476581018638,0.2917351108518604,0.039450580441666536,0.002789577295204779,0.8993751097627478,0.024628792192975972,0.001741518597208761,0.7199802540372101,0.01919761791480417,0.0013574765810186378
S2,new_ID_independent_test,GPR,200,0.4583522580032448,0.08538248936371864,0.0060374537223673716,0.3634329867477439,0.07051490935600332,0.004986157058038467,0.4243634560815138,0.07895370208713715,0.005582869814559715,0.33649140582970716,0.06526036830077875,0.004614604896821226,0.9237324270131251,0.042778677218628,0.0030249092751482333,0.7391414517939592,0.03455113916211397,0.0024431344799250875,0.25191861494097567,0.06856416377632034,0.004848218515262116,0.9237324270131251,0.042778677218628,0.0030249092751482333,0.7391414517939592,0.03455113916211397,0.0024431344799250875
S2,new_ID_independent_test,LMM,200,0.5101382372155063,0.037771252668018826,0.0026708308895466585,0.3833899943494163,0.03568306035027736,0.002523173394716994,0.47237694813971415,0.035285443850027014,0.002495057662353126,0.3550096032546143,0.03321575804178306,0.00234870877535964,0.9475104990959441,0.021748030757271886,0.0015378180025920555,0.7518168578203159,0.01796169102718822,0.0012700833526902353,0.2140750815827768,0.03623618298885358,0.0025622850715734985,0.9475104990959441,0.021748030757271886,0.0015378180025920555,0.7518168578203159,0.017961691027188222,0.0012700833526902355
S2,new_ID_independent_test,MERF,200,0.3983452575383666,0.028912196501173184,0.002044401020497753,0.31052854341692676,0.025784329913344867,0.00182322745300773,0.3688429786256509,0.026793513745056348,0.0018945875260944311,0.2875288231655849,0.023869363469813196,0.001687818877211137,0.8911597120009503,0.014725639456625951,0.0010412599517088397,0.7133682739503694,0.01210526562601634,0.000855971541222057,0.30503013156732345,0.02030870102251407,0.001436042021010987,0.8911597120009503,0.01472563945662595,0.0010412599517088394,0.7133682739503694,0.012105265626016342,0.0008559715412220573
S2,new_ID_independent_test,Mean,200,0.7229554156839798,0.010457121184376217,0.0007394301301161925,0.6156395677578081,0.007436581028419821,0.0005258456874038884,0.6694213974464427,0.010345270961948348,0.0007315211250405953,0.5700537319654664,0.007672108772916629,0.000542500013933015,1.0734926696471652,0.011012797456834634,0.0007787223761561734,0.8688651047302861,0.009491709032410095,0.0006711651821866781,-0.008255112658535582,0.011871282465066114,0.0008394264332429203,1.0734926696471652,0.011012797456834622,0.0007787223761561725,0.8688651047302861,0.009491709032410091,0.0006711651821866779
S2,new_ID_independent_test,RF,200,0.3670036341751579,0.029354712293996724,0.00207569161228652,0.2830273222421782,0.026582772540444506,0.0018796858726087857,0.33981811432055536,0.027156156773356362,0.0019202302605405277,0.26206208761326005,0.024589375371573307,0.0017387314070380967,0.8780008856120866,0.013884219072467384,0.0009817625457621284,0.7024658692521524,0.011521038945148344,0.0008146604764428702,0.32540176806888793,0.019193555785286424,0.001357189345085832,0.8780008856120866,0.013884219072467384,0.0009817625457621284,0.7024658692521524,0.01152103894514835,0.0008146604764428705
S2_N100_V2,known_ID_last_visit_current_X,GAM,200,0.7664554970702071,0.07609747037699283,0.0053809037334714045,0.6300748318650379,0.06831255800052097,0.004830427300236771,0.7416156814084283,0.08504381140368258,0.00601350557414938,0.6097551165226306,0.07576062995899159,0.005357085519096767,1.0343810329422745,0.08452028425871357,0.005976486614715097,0.834242511842578,0.07326675128686237,0.005180741667044859,-0.009032281344871093,0.1485325670544011,0.010502838539121259,1.0343810329422745,0.08452028425871357,0.005976486614715097,0.834242511842578,0.07326675128686237,0.005180741667044859
S2_N100_V2,known_ID_last_visit_current_X,GPR,200,0.9282337742544816,0.07847906468928399,0.005549307882297044,0.768399621525032,0.0731797798079474,0.005174591854793799,0.8981670364739083,0.09256165581220384,0.006545097450266454,0.7436579986977218,0.08497084900415466,0.006008346353401596,1.1567330873764887,0.09050499928022245,0.006399669872232889,0.9375454268669643,0.078976165154828,0.00558445819330876,-0.259881119935865,0.165267365891242,0.011686167513053554,1.1567330873764887,0.09050499928022245,0.006399669872232889,0.9375454268669643,0.078976165154828,0.00558445819330876
S2_N100_V2,known_ID_last_visit_current_X,LMM,200,0.8277888936437051,0.10476522242325656,0.007408019920800165,0.6714612292976534,0.09103096507010548,0.006436861269902732,0.801305078856272,0.11370285382770859,0.008040005898183553,0.6502360859903056,0.09958363022882108,0.007041626022997304,1.0784735450072447,0.09767850325452342,0.006906913202742576,0.8646434403481555,0.08338760201863861,0.005896393885426439,-0.10228997319231077,0.20704584148134625,0.01464035185279349,1.0784735450072447,0.09767850325452342,0.006906913202742576,0.8646434403481555,0.08338760201863861,0.005896393885426439
S2_N100_V2,known_ID_last_visit_current_X,MERF,200,0.6799568197583988,0.0867457359830344,0.006133849815262152,0.5579868111663154,0.07837425927377235,0.005541897020295709,0.6576883407436434,0.09106549333525804,0.00643930278694593,0.5399008882445201,0.08266134330028235,0.005845039638961884,0.9701657572791558,0.08493687237085869,0.006005943842621048,0.7808758836764161,0.07198535210492213,0.005090133061949175,0.11177467769715545,0.1402235083701223,0.009915299365028208,0.9701657572791558,0.08493687237085869,0.006005943842621048,0.7808758836764161,0.07198535210492213,0.005090133061949175
S2_N100_V2,known_ID_last_visit_current_X,Mean,200,1.0212917284830043,0.0772221617704879,0.005460431424579655,0.8493759479836726,0.07230407910652337,0.005112670464367124,0.9884627200739127,0.09764968869908697,0.006904875705987977,0.8222543265819501,0.08952010874937825,0.006330027594924254,1.2316779890956011,0.0916983801513997,0.006484054642887664,1.0019640396373213,0.08113809383484157,0.005737329636316687,-0.429480910650333,0.1920430247300407,0.013579492506618763,1.2316779890956011,0.0916983801513997,0.006484054642887664,1.0019640396373213,0.08113809383484157,0.005737329636316687
S2_N100_V2,known_ID_last_visit_current_X,RF,200,0.6906842043499466,0.08318081992517147,0.005881772183374583,0.5637347014921582,0.07349455815424487,0.005196850045117562,0.6682580700413949,0.08948323522965926,0.006327420243340303,0.5454964168503601,0.07861658358715794,0.005559031936819841,0.9789153555630908,0.08536232885149542,0.006036028158876848,0.7877311991648861,0.07352085761901431,0.0051987096981055666,0.09672737398801141,0.13511742192516193,0.00955424452997259,0.9789153555630908,0.08536232885149542,0.006036028158876848,0.7877311991648861,0.07352085761901431,0.0051987096981055666
S2_N100_V2,new_ID_independent_test,GAM,200,0.3947445555379211,0.043821677614853026,0.0030986605404433303,0.31219697171432803,0.036740320285280736,0.002597932961668768,0.3592788337842768,0.039835712032873574,0.0028168102111839452,0.28414540138839706,0.03339164281699286,0.002361145707085472,0.889421730218033,0.02232727880320022,0.0015787770247185538,0.7127408006131912,0.017896768033528822,0.0012654926037830863,0.3303004058684623,0.03233096734482768,0.0022861446251848483,0.889421730218033,0.02232727880320022,0.0015787770247185538,0.7127408006131912,0.01789676803352882,0.001265492603783086
S2_N100_V2,new_ID_independent_test,GPR,200,0.450022915655224,0.08355949452176398,0.005908548520885948,0.35643436071661666,0.06861590288416282,0.004851877022662912,0.40959002208821826,0.07602712689432624,0.005375929698110822,0.3244109854102439,0.06242673895699192,0.00441423704438514,0.9184534061220611,0.0413196461910917,0.002921740201794984,0.7351530488785951,0.03334468564218267,0.002357825333412107,0.2848305046897949,0.06389812596232984,0.004518279817307562,0.9184534061220611,0.0413196461910917,0.002921740201794984,0.7351530488785951,0.03334468564218266,0.0023578253334121065
S2_N100_V2,new_ID_independent_test,LMM,200,0.5108622392631733,0.03617664360790229,0.0025580750015716676,0.3836961271208385,0.035920482630059786,0.0025399616851208865,0.46500868474443435,0.03351793903790699,0.0023700761985101333,0.3492596630635107,0.03308108519580908,0.0023391859670966507,0.9464147070764665,0.022342889362476144,0.0015798808579507659,0.7515181032336615,0.019068258636318287,0.001348329498715961,0.24172041688267548,0.03526925781081436,0.002493913136544344,0.9464147070764665,0.022342889362476144,0.0015798808579507659,0.7515181032336615,0.019068258636318294,0.0013483294987159614
S2_N100_V2,new_ID_independent_test,MERF,200,0.3963844799932692,0.0289269843886553,0.002045446682049556,0.30804860337675,0.025141879864224122,0.001777799374377039,0.3607659688670526,0.026205255243562688,0.0018529913685447507,0.2803731015373835,0.022845394034167226,0.0016154133040438342,0.8892150345044492,0.016431949063710045,0.0011619142611061313,0.7122825978619286,0.013360554267826886,0.0009447338523191259,0.3308175566931142,0.02189667422105811,0.0015483286827142854,0.8892150345044492,0.01643194906371004,0.0011619142611061309,0.7122825978619286,0.01336055426782689,0.0009447338523191262
S2_N100_V2,new_ID_independent_test,Mean,200,0.7496756212854914,0.009013260621153256,0.000637333770581914,0.6392671439349747,0.0072744791180571955,0.0005143833513978178,0.6823443363864147,0.009686657147253752,0.0006849500955852265,0.5818498210923754,0.007771160088728047,0.0005495039996425854,1.0907260123644291,0.011971341572492127,0.000846501680580961,0.8845243311365353,0.01060472297413233,0.0007498671527613743,-0.00657219324823775,0.009221217344407168,0.0006520385315025316,1.090726012364429,0.011971341572492123,0.0008465016805809607,0.8845243311365352,0.010604722974132324,0.0007498671527613738
S2_N100_V2,new_ID_independent_test,RF,200,0.37738778854882055,0.030344011604404364,0.0021456456373877613,0.2919694322239177,0.02669218874926156,0.001887422766931412,0.34347478079939137,0.027517376263897848,0.001945772335666391,0.265738089473194,0.0242747815186712,0.0017164862623674283,0.8811688944176421,0.016339069957777938,0.0011553467165426176,0.7056205986751968,0.013133192274923329,0.0009286569316225066,0.3428645010823044,0.021853695721684958,0.0015452896438790875,0.8811688944176421,0.01633906995777793,0.0011553467165426171,0.7056205986751968,0.013133192274923329,0.0009286569316225066
S2_N100_V4,known_ID_last_visit_current_X,GAM,200,0.5343408685592564,0.046740123723436174,0.003305025843833994,0.42784358815948376,0.039743330047197926,0.002810277818330872,0.5099583612348275,0.052283804179827795,0.003697023248178579,0.4083192790184573,0.0438109808306439,0.003097904163578214,0.8738644887167965,0.06128485475772061,0.004333493638321689,0.7011732070033215,0.05383088807382938,0.00380641859942988,0.29886753571205704,0.07880009927514155,0.005572008455562574,0.8738644887167965,0.06128485475772061,0.004333493638321689,0.7011732070033215,0.05383088807382938,0.00380641859942988
S2_N100_V4,known_ID_last_visit_current_X,GPR,200,0.5459509105910951,0.08761821031959519,0.006195543067241489,0.4362314684379601,0.07295902274929777,0.005158981973477204,0.5218544029712978,0.09325621965392701,0.0065942105305113975,0.41705757817969524,0.0775503558856459,0.005483638253017031,0.8851288809677132,0.07493981926007198,0.005299045437969114,0.7095688485059009,0.06580983299189569,0.004653457917732362,0.2771779512610549,0.12022308727819223,0.008501056026959187,0.8851288809677132,0.07493981926007198,0.005299045437969114,0.7095688485059009,0.06580983299189569,0.004653457917732362
S2_N100_V4,known_ID_last_visit_current_X,LMM,200,0.5114565280109291,0.051862611445836745,0.0036672404243394217,0.404826774303398,0.03912871725652741,0.002766818131122161,0.4880787324656604,0.05577300096631629,0.0039437467190406115,0.386350084769214,0.04291052792256881,0.00303423252783431,0.861737909637946,0.06680166397272028,0.004723590958965559,0.6896232251467584,0.05525398563355826,0.003907046792907312,0.31765595001432506,0.08784355714828294,0.006211477494309889,0.861737909637946,0.06680166397272028,0.004723590958965559,0.6896232251467584,0.05525398563355826,0.003907046792907312
S2_N100_V4,known_ID_last_visit_current_X,MERF,200,0.4491499745858371,0.04583895273913621,0.003241303432433288,0.35852471674862246,0.03726268068597388,0.0026348694198241123,0.4288121569046423,0.0507348383216695,0.003587494821965562,0.34228181573269906,0.04105552321239608,0.002903063886864698,0.8249778100387801,0.05938956812495054,0.004199476635289296,0.661121606738385,0.05456629015367439,0.0038584193791855897,0.3737363672965028,0.0837285538478604,0.005920502820476509,0.8249778100387801,0.05938956812495054,0.004199476635289296,0.661121606738385,0.05456629015367439,0.0038584193791855897
S2_N100_V4,known_ID_last_visit_current_X,Mean,200,0.9092416617736473,0.051712621285187554,0.0036566345183687917,0.7493887901955145,0.04938097385766988,0.0034917621476354,0.8672006720157688,0.060154345924034666,0.004253554592072627,0.7147528684473363,0.0553337127714563,0.003912684352892542,1.145434565055977,0.0722077491818002,0.00510585891006683,0.9248563051692582,0.06649411470466951,0.004701843941666793,-0.20121862533874876,0.08487544185284206,0.006001600049034913,1.145434565055977,0.0722077491818002,0.00510585891006683,0.9248563051692582,0.06649411470466951,0.004701843941666793
S2_N100_V4,known_ID_last_visit_current_X,RF,200,0.5204499970710645,0.04310114673264918,0.003047711313157264,0.4142689674844601,0.036104230736383046,0.002552954638322023,0.4967335412410971,0.04944938818022659,0.003496599770776413,0.39543603792133525,0.0412814460371591,0.002919039043006173,0.86677329968267,0.060613833425793545,0.004286045264909043,0.6938406945957678,0.053792115201678876,0.00380367694334751,0.3100221476986658,0.07886312918890799,0.005576465343506759,0.86677329968267,0.060613833425793545,0.004286045264909043,0.6938406945957678,0.053792115201678876,0.00380367694334751
S2_N100_V4,new_ID_independent_test,GAM,200,0.32596738001417036,0.029907958166719283,0.002114812003113079,0.25439367016797915,0.02522200182569474,0.0017834648526048231,0.30197098764435887,0.027726776166544256,0.001960579144780499,0.23566418288018107,0.02335744817048758,0.0016516209992565084,0.8618729169284021,0.01365049314953002,0.0009652356272573189,0.6905033426700882,0.010986542582814288,0.000776865876210275,0.3495231190321927,0.019407278469917078,0.0013723018210454049,0.8618729169284021,0.013650493149530025,0.0009652356272573193,0.6905033426700882,0.010986542582814294,0.0007768658762102753
S2_N100_V4,new_ID_independent_test,GPR,200,0.31117001257361054,0.07947273484140283,0.005619570972579634,0.24363294460481733,0.06448914361820941,0.004560071076534904,0.288227803573989,0.07346125995669937,0.005194495506988991,0.22566781428556415,0.05961031686479083,0.004215085928377242,0.8599448626143361,0.030828679256002155,0.002179916815694417,0.6885483241293646,0.024323745228070594,0.0017199485194622642,0.3517861521556449,0.04623521924263855,0.0032693237056116466,0.8599448626143361,0.03082867925600215,0.002179916815694417,0.6885483241293646,0.024323745228070598,0.0017199485194622644
S2_N100_V4,new_ID_independent_test,LMM,200,0.4426130852729419,0.02101435606471225,0.0014859393675626684,0.32698508018279865,0.02102888658931034,0.0014869668308104189,0.4100423265459181,0.01978592997585441,0.0013990765258008835,0.3029211692603014,0.019613410118356732,0.001386877529688289,0.9118925123909355,0.012726284867338171,0.0008998842329006562,0.7239763320362914,0.010620697351913923,0.0007509967118468343,0.27184861213738054,0.019645744997096072,0.0013891639508908323,0.9118925123909355,0.012726284867338166,0.0008998842329006559,0.7239763320362914,0.010620697351913923,0.0007509967118468343
S2_N100_V4,new_ID_independent_test,MERF,200,0.3515750647871375,0.026467058340490995,0.0018715036430621153,0.2733837619338829,0.021085561880204867,0.001490974379062143,0.32567945293849476,0.024344166220734164,0.0017213925017013614,0.25324605661628974,0.019376183857159144,0.0013701030998914544,0.8713717262446343,0.013345248414186881,0.0009436515650290563,0.6981049789473821,0.010670802872973218,0.0007545397072184256,0.33515615567191687,0.01765342414282551,0.0012482855922554233,0.8713717262446343,0.013345248414186881,0.0009436515650290563,0.6981049789473821,0.010670802872973216,0.0007545397072184255
S2_N100_V4,new_ID_independent_test,Mean,200,0.7200659341299365,0.007033159402835525,0.0004973194706910928,0.6133113126711764,0.005541651198126009,0.0003918539141165457,0.6670680165821077,0.007840146042280725,0.0005543820431989573,0.5681690025935371,0.006182447381330387,0.00043716504676677296,1.0715031368059689,0.009019829435471725,0.0006377982558968085,0.8671023215969709,0.007800699906183268,0.0005515927801663453,-0.005148622971133945,0.007482687911484411,0.0005291059363713231,1.0715031368059689,0.009019829435471726,0.0006377982558968086,0.8671023215969708,0.007800699906183271,0.0005515927801663456
S2_N100_V4,new_ID_independent_test,RF,200,0.3193856688672645,0.02495664469372336,0.0017647012698595056,0.24493431674078633,0.01903816882527764,0.0013462018277728145,0.2958595975204164,0.02295915805854335,0.0016234576353529773,0.226895115467159,0.017543779377485674,0.0012405325365460827,0.8591790615433922,0.012048087572533972,0.0008519284422868142,0.687955151386379,0.00954584026643617,0.0006749928384520615,0.35363940719710757,0.015880011620668308,0.0011228863902295737,0.8591790615433922,0.012048087572533976,0.0008519284422868144,0.687955151386379,0.009545840266436165,0.0006749928384520612
S2_N25_V2,known_ID_last_visit_current_X,GAM,200,0.9035657011102196,0.1448386224211033,0.010241637209168005,0.7513426203945552,0.13305539766843796,0.009408437396482523,0.9028877026127934,0.18170050783486755,0.012848166123507424,0.7507448016835854,0.16174526602644948,0.011437117443212453,1.1317406779677706,0.15906800031416504,0.011247806169192997,0.9200999915744051,0.14590285565087477,0.010316889862521553,-0.2897575072172092,0.36253384003046313,0.02563501366951395,1.1317406779677706,0.15906800031416504,0.011247806169192997,0.9200999915744051,0.14590285565087477,0.010316889862521553
S2_N25_V2,known_ID_last_visit_current_X,GPR,200,0.9889172934457713,0.14990343434958492,0.010599773495174393,0.8281172941058178,0.13805631523951178,0.009762055669148648,0.9854955683902926,0.1790399277793538,0.012660034703593078,0.8250554914271627,0.15950854345967716,0.011278957273752685,1.1977338428097566,0.17120405024492338,0.012105954489478772,0.9770595047737396,0.1583683917066576,0.011198336370138498,-0.4305347315321724,0.355162586956134,0.02511378736604392,1.1977338428097566,0.17120405024492338,0.012105954489478772,0.9770595047737396,0.1583683917066576,0.011198336370138498
S2_N25_V2,known_ID_last_visit_current_X,LMM,200,2.496117173811846,1.1035572980097657,0.0780332848850609,2.0010824479858162,0.895200029322286,0.06330020112521846,2.498284430202221,1.160826950853708,0.082082860873276,2.0011491972023094,0.9376175971045041,0.0662995761072431,2.5939147190611065,1.081199759701876,0.07645236819024623,2.083756813629254,0.8794312313054674,0.062185178724333115,-7.060550657031108,8.133567343065478,0.5751300623519049,2.5939147190611065,1.081199759701876,0.07645236819024623,2.083756813629254,0.8794312313054674,0.062185178724333115
S2_N25_V2,known_ID_last_visit_current_X,MERF,200,0.8820507987643275,0.17815673773648835,0.01259758373675442,0.735500101003195,0.16506932699643584,0.011672164048507941,0.8819038480138611,0.21069391231482845,0.014898309415253903,0.7355608926281499,0.1904101548750773,0.01346403117189479,1.110124953546096,0.18183734925113595,0.012857842272846481,0.8998941598703621,0.16524167330470285,0.011684350772836749,-0.25195679843816854,0.4167151297047951,0.029466209403729227,1.110124953546096,0.18183734925113595,0.012857842272846481,0.8998941598703621,0.16524167330470285,0.011684350772836749
S2_N25_V2,known_ID_last_visit_current_X,Mean,200,1.014094779506368,0.14868314191087367,0.010513485789330054,0.8494303055843326,0.13740505873176817,0.00971600487985691,1.0102970929563155,0.17915446320751624,0.012668133581387056,0.846192220499985,0.16064804137247146,0.011359531943881162,1.2190489739787487,0.17303984309973283,0.01223576464712773,0.9941178590333597,0.16001965974211407,0.011315098652681283,-0.4800349170650551,0.36150250799900485,0.025562087482204045,1.2190489739787487,0.17303984309973283,0.01223576464712773,0.9941178590333597,0.16001965974211407,0.011315098652681283
S2_N25_V2,known_ID_last_visit_current_X,RF,200,0.8814349846090029,0.1751156894184479,0.012382549147994186,0.7323182388747804,0.16013677756854322,0.011323380133607872,0.8796220354128234,0.20073199873974895,0.014193895751000598,0.7309845423280881,0.18042832180159912,0.012758208986401932,1.1147011492446348,0.18259907210993684,0.012911704212730772,0.9069255933896744,0.15963362044711213,0.01128780155235125,-0.25093036677001374,0.3759538700480516,0.02658395309243033,1.1147011492446348,0.18259907210993684,0.012911704212730772,0.9069255933896744,0.15963362044711213,0.01128780155235125
S2_N25_V2,new_ID_independent_test,GAM,200,0.6188694093468241,0.08873480097342827,0.0062744979495549785,0.5019968366248605,0.06863429053180461,0.00485317722569667,0.5628484748269291,0.08001020768265082,0.00565757604165464,0.45655315185844203,0.06183587821890892,0.004372456880921603,1.0105149020066089,0.05982289154281283,0.004230117228011031,0.810514331443551,0.04745679059681552,0.0033557018444358238,0.13433503563580074,0.10335993663176624,0.007308651209533374,1.0105149020066089,0.059822891542812826,0.004230117228011031,0.810514331443551,0.04745679059681553,0.0033557018444358246
S2_N25_V2,new_ID_independent_test,GPR,200,0.7532470880504638,0.12283389918205664,0.008685668307121697,0.6069454783857426,0.10029312098098793,0.007091794595201937,0.6852186704245906,0.1120246502721176,0.007921338986746577,0.552127128861468,0.09141416941221354,0.0064639579087912066,1.1000576739314656,0.08662304999048805,0.00612517460553354,0.8818477711408711,0.06999977202692717,0.00494973134817526,-0.028999398050838784,0.1657597612704343,0.011720985124218732,1.1000576739314656,0.08662304999048805,0.00612517460553354,0.8818477711408711,0.06999977202692716,0.004949731348175259
S2_N25_V2,new_ID_independent_test,LMM,200,0.9560635040395019,0.1827706394382674,0.012923835854860032,0.7544433792218457,0.14898318092708152,0.010534701751628165,0.8696477927787251,0.16613846738667293,0.011747763690505649,0.6862494672763794,0.13539373534961513,0.009573782839588962,1.2503143346749457,0.14335218159889535,0.010136529970646431,0.9947826134471953,0.11507838426554132,0.008137270588215555,-0.3382882119392181,0.320056151497615,0.022631387508443256,1.2503143346749457,0.14335218159889535,0.010136529970646431,0.9947826134471953,0.11507838426554132,0.008137270588215555
S2_N25_V2,new_ID_independent_test,MERF,200,0.5282289172161387,0.062562927731502,0.004423867044982897,0.42528338234133783,0.05876178323401699,0.004155085539938739,0.48049665409298414,0.05705139829188027,0.004034143060836316,0.3868540767316685,0.05354553000746059,0.0037862407370503146,0.9563644487240134,0.03605923289241595,0.0025497728102612323,0.7675311833263078,0.03071922532638217,0.0021721772541082366,0.22602393270753274,0.056826903257028,0.00401826886468764,0.9563644487240134,0.036059232892415936,0.002549772810261231,0.7675311833263078,0.030719225326382167,0.002172177254108236
S2_N25_V2,new_ID_independent_test,Mean,200,0.760685523206216,0.01968387493856934,0.0013918601449090318,0.6459354405528416,0.013110725140715693,0.0009270682653273019,0.6919360644363727,0.01827130269328784,0.0012919762035535861,0.5875563922809711,0.01229545737355185,0.000869420128662865,1.0986604006833047,0.01820335575372408,0.0012871716293809453,0.8903090148826215,0.015168841872085635,0.0010725990950498196,-0.020210156633987886,0.025484394732558802,0.001802018832982706,1.0986604006833047,0.018203355753724084,0.0012871716293809457,0.8903090148826215,0.015168841872085635,0.0010725990950498196
S2_N25_V2,new_ID_independent_test,RF,200,0.5220555993511802,0.06742643460982892,0.004767768914384135,0.4206492628559652,0.06303951081289859,0.004457566557848328,0.4748767484933177,0.06143394985681216,0.0043440362538826206,0.38263664880321,0.057428816691663165,0.004060830571819421,0.9532014942279439,0.03821691315382633,0.0027023438447087967,0.7648199936442248,0.03255892693129776,0.0023022638021277957,0.23099717748270657,0.060242782671375124,0.004259808014447679,0.9532014942279439,0.03821691315382634,0.002702343844708797,0.7648199936442248,0.03255892693129776,0.0023022638021277957
S2_N25_V4,known_ID_last_visit_current_X,GAM,200,0.6366227905957331,0.10039318530550623,0.007098870211444111,0.5236225480965251,0.08783820735320243,0.00621109920667195,0.6324235227604104,0.12775405315341587,0.009033575730884699,0.5200901649163056,0.10947909265743676,0.007741340881622389,0.9352248854783788,0.13760545805525953,0.009730175251915505,0.7582852034964384,0.12331408648361362,0.008719622676838757,0.12846056470538386,0.2549247860278261,0.018025904489280545,0.9352248854783788,0.13760545805525953,0.009730175251915505,0.7582852034964384,0.12331408648361362,0.008719622676838757
S2_N25_V4,known_ID_last_visit_current_X,GPR,200,0.7061618915859426,0.13344055409877595,0.009435672068853481,0.5716991863820641,0.11386629144586073,0.00805156268299319,0.7026867626775624,0.1628967070874833,0.011518536621451818,0.5689573804411472,0.1369495161250889,0.00968379315322668,0.9913289847087472,0.14450872263144826,0.010218309771330297,0.8032104191436185,0.1225625429107601,0.008666480521166569,0.00795563333309214,0.3287920482303484,0.023249108690389375,0.9913289847087472,0.14450872263144826,0.010218309771330297,0.8032104191436185,0.1225625429107601,0.008666480521166569
S2_N25_V4,known_ID_last_visit_current_X,LMM,200,0.6992665541130992,0.1317648333465931,0.009317180718129132,0.5578988536079977,0.10806561567715106,0.007641392965841279,0.6974720108492661,0.1680063075054742,0.011879839931923316,0.5569745398642572,0.13941128319921,0.00985786637240796,0.9806102107275124,0.1547842758957674,0.01094490111069466,0.7882122310480082,0.12733141963601158,0.00900369102827337,0.02374895054335866,0.3433765134509977,0.02428038611613942,0.9806102107275124,0.1547842758957674,0.01094490111069466,0.7882122310480082,0.12733141963601158,0.00900369102827337
S2_N25_V4,known_ID_last_visit_current_X,MERF,200,0.5301495921129663,0.09280942175687126,0.006562617148228597,0.4310987220126022,0.07971702120385926,0.005636844626924068,0.5273597447324405,0.11622624050692013,0.008218436281426182,0.4287268772840659,0.0979733570473857,0.006927762514381725,0.8699729178287786,0.12394666312251437,0.008764352599937448,0.7033671166601355,0.1084756756953235,0.007670388587795601,0.24140675347404097,0.2236554092057277,0.015814825649842226,0.8699729178287786,0.12394666312251437,0.008764352599937448,0.7033671166601355,0.1084756756953235,0.007670388587795601
S2_N25_V4,known_ID_last_visit_current_X,Mean,200,0.8954206153753533,0.1029519303981048,0.0072798008120745356,0.7477780669274233,0.09683914456164322,0.00684756158038423,0.8873523876616154,0.13684868787347745,0.009676663519181715,0.7410195533395465,0.12389444208549955,0.00876066001499807,1.1306681460015389,0.14424386110990237,0.010199581233534248,0.922680073819297,0.13161994787282827,0.009306935768029677,-0.25529024936639866,0.26722911584056813,0.018895951994135116,1.1306681460015389,0.14424386110990237,0.010199581233534248,0.922680073819297,0.13161994787282827,0.009306935768029677
S2_N25_V4,known_ID_last_visit_current_X,RF,200,0.5933102728947663,0.09807822439434717,0.006935177755597875,0.4824426633590095,0.08513537539761193,0.006019980126251376,0.5885754607559823,0.11816428335878837,0.008355476605704796,0.4786501034767784,0.10049161636016485,0.007105830338066956,0.9140735411558398,0.13063199622418195,0.009237077037005452,0.7373551981954953,0.11581711017749217,0.008189506398393422,0.1713227893700875,0.20712968551510264,0.014646280521276608,0.9140735411558398,0.13063199622418195,0.009237077037005452,0.7373551981954953,0.11581711017749217,0.008189506398393422
S2_N25_V4,new_ID_independent_test,GAM,200,0.5305980240857054,0.08177292132514527,0.005782218718644426,0.42606911103201156,0.0658046094547781,0.0046530885578806,0.490951537876615,0.07590569431763311,0.005367343118267156,0.39422993244743076,0.06105753105309918,0.004317419425015463,0.9610257791401979,0.04801752379120106,0.003395351668854465,0.7697545100468031,0.03772086935005862,0.0026672682509678246,0.19133752514589566,0.08419311358221747,0.005953352154319518,0.9610257791401979,0.04801752379120106,0.003395351668854465,0.7697545100468031,0.03772086935005862,0.0026672682509678246
S2_N25_V4,new_ID_independent_test,GPR,200,0.6117047019340542,0.07901171403477293,0.005586971878716025,0.48995171370406454,0.06652339926068414,0.004703914672480991,0.5659875882515487,0.07316250648361165,0.005173370446316655,0.4533309913559673,0.061556488421200116,0.00435270103886618,1.0083692156863535,0.04815912372780961,0.0034053642963936138,0.807006452498703,0.03936940646896817,0.0027838374285496926,0.10990834216378971,0.08505067919262066,0.0060139912001623665,1.0083692156863535,0.04815912372780961,0.0034053642963936138,0.807006452498703,0.03936940646896817,0.0027838374285496926
S2_N25_V4,new_ID_independent_test,LMM,200,0.6657153441369814,0.08264612183056198,0.005843963318515994,0.5148054221462194,0.07056573032558414,0.004989750643260174,0.6159422170939977,0.07649447998577846,0.005408976552128259,0.47631079924937714,0.0652791486651444,0.004615932869120836,1.0417319534189087,0.05476101579758823,0.003872188561513829,0.8270949814351326,0.04421408058637382,0.0031264076206553412,0.04960463826920319,0.10127149701484262,0.007160976228010841,1.0417319534189087,0.05476101579758822,0.0038721885615138284,0.8270949814351326,0.044214080586373807,0.00312640762065534
S2_N25_V4,new_ID_independent_test,MERF,200,0.4522206906318496,0.038259813580459046,0.0027053773629675754,0.35632171805997886,0.03497403782080611,0.002473037930856678,0.4183865247064428,0.0350541578255901,0.0024787032707258238,0.32966168163760856,0.0321175597037546,0.0022710544261688678,0.9172413684567072,0.020683101391345406,0.0014625161249789253,0.7343583891131698,0.017379010704403102,0.001228881631939703,0.2649250509638813,0.03033208637821932,0.002144802396557499,0.9172413684567072,0.02068310139134541,0.0014625161249789255,0.73435838911317,0.017379010704403106,0.0012288816319397033
S2_N25_V4,new_ID_independent_test,Mean,200,0.7280152226567617,0.017123132030822868,0.0012107882774147428,0.6184542685178277,0.011320367129538487,0.0008004708362817956,0.6735914867896278,0.015974679183139488,0.0011295803977677508,0.5722230049210867,0.010740705474187338,0.000759482567552534,1.0779024482723059,0.014349790986772639,0.0010146834515356532,0.8720129665060532,0.011956546796992547,0.0008454555319727724,-0.014827535444058943,0.02095070034593842,0.0014814382285220403,1.0779024482723059,0.014349790986772639,0.0010146834515356532,0.8720129665060532,0.011956546796992538,0.0008454555319727718
S2_N25_V4,new_ID_independent_test,RF,200,0.43202072326923285,0.04653594704348163,0.0032905883723383924,0.3394501568806303,0.04357830260574312,0.0030814513285120355,0.39967169101193717,0.04250726759334053,0.0030057177164962263,0.3140296141412379,0.03991976275533804,0.0028227534947657703,0.9082713683102959,0.024258541819496944,0.0017153379422263737,0.7269105234565378,0.020395545296140436,0.0014421828384898294,0.27911624606140184,0.035887756022146645,0.002537647564482825,0.9082713683102959,0.024258541819496944,0.0017153379422263737,0.7269105234565378,0.02039554529614044,0.0014421828384898296
S2_N50_V2,known_ID_last_visit_current_X,GAM,200,0.8453125820542382,0.10521532856652277,0.007439847231415892,0.6953685747415577,0.09598100597122936,0.006786882018736278,0.8226236562444399,0.11959100516052944,0.008456361071792576,0.6767360429041299,0.10650039531379615,0.007530715172543326,1.0851537754392464,0.1165896720374197,0.008244134771397507,0.8764797283442136,0.10106145235769674,0.007146123827868857,-0.12748287697279914,0.22346296909457522,0.015801218079085404,1.0851537754392464,0.1165896720374197,0.008244134771397507,0.8764797283442136,0.10106145235769674,0.007146123827868857
S2_N50_V2,known_ID_last_visit_current_X,GPR,200,0.9635658017789018,0.10394908898842067,0.007350310572187613,0.7989992293109167,0.09671475944222958,0.0068387662242426215,0.9364471176565439,0.1124379446588041,0.007950563313091814,0.776723583687145,0.10367881944761984,0.007331199629682769,1.1771274508834084,0.12248081374847918,0.008660701396679614,0.9586974288197524,0.10849314094869898,0.007671623567705295,-0.32041683960869954,0.22463653067200326,0.015884201414039338,1.1771274508834084,0.12248081374847918,0.008660701396679614,0.9586974288197524,0.10849314094869898,0.007671623567705295
S2_N50_V2,known_ID_last_visit_current_X,LMM,200,1.0134757286431986,0.18518068540504568,0.013094251839468052,0.8165433145745027,0.1603762083022335,0.01134031044314956,0.9856817699145985,0.18771993205402748,0.013273803691928078,0.7943293692717355,0.1611124756117055,0.011392372403878921,1.224314769171952,0.18486461980284521,0.013071902626406477,0.9881831170133247,0.15496078331142643,0.010957382069748882,-0.45532595868976783,0.43732419240605447,0.030923490202725154,1.224314769171952,0.18486461980284521,0.013071902626406477,0.9881831170133247,0.15496078331142643,0.010957382069748882
S2_N50_V2,known_ID_last_visit_current_X,MERF,200,0.7840446815449391,0.13864666621796723,0.009803799787163245,0.6485783141242705,0.12541250931424588,0.008868003578172431,0.7626161466646932,0.1446804957712967,0.010230455966531552,0.6309581303968048,0.13017929413027118,0.009205066164959287,1.0425870296573485,0.14038947324714496,0.00992703485402636,0.846739558078432,0.11947408415923758,0.008448093508504917,-0.046666267109447455,0.2666727902339431,0.018856613833235888,1.0425870296573485,0.14038947324714496,0.00992703485402636,0.846739558078432,0.11947408415923758,0.008448093508504917
S2_N50_V2,known_ID_last_visit_current_X,Mean,200,1.0242254942431017,0.09398976615851573,0.006646080101282435,0.8518701192338537,0.08893386974161288,0.006288574237145557,0.9959729979673227,0.11082595325441799,0.007836578307766228,0.8285885063580295,0.10246409025418952,0.007245305304684785,1.225054483536876,0.1163400710123744,0.008226485313657442,0.998905932676757,0.10348655318407424,0.007317604351808119,-0.43025414289512015,0.22986685649291555,0.016254041299617557,1.225054483536876,0.1163400710123744,0.008226485313657442,0.998905932676757,0.10348655318407424,0.007317604351808119
S2_N50_V2,known_ID_last_visit_current_X,RF,200,0.7864257524169309,0.13726807710794733,0.009706318816346744,0.6452636011663421,0.12287241576898748,0.008688391841102393,0.7646315306796819,0.14181243821870057,0.01002765367210415,0.6275686981239376,0.12683532684222049,0.008968611970414623,1.040151227443112,0.13723462576304185,0.009703953449064497,0.8412168230656561,0.11609940861594105,0.008209467912407979,-0.038372106567053386,0.24756680546225665,0.017505616693905247,1.040151227443112,0.13723462576304185,0.009703953449064497,0.8412168230656561,0.11609940861594105,0.008209467912407979
S2_N50_V2,new_ID_independent_test,GAM,200,0.4933239548996032,0.06353162595985244,0.0044923643536018965,0.39707755030566816,0.052078991265919534,0.003682540788148668,0.44913073685163957,0.057857709312839456,0.004091157859902884,0.3615079363100692,0.047438256455761184,0.0033543912827535246,0.9384354806781704,0.036609399128685736,0.002588675437905857,0.7526777209036405,0.02942741205319827,0.002080832261558724,0.2531880000657918,0.057847587647221324,0.004090442150063336,0.9384354806781704,0.03660939912868574,0.0025886754379058573,0.7526777209036407,0.02942741205319827,0.002080832261558724
S2_N50_V2,new_ID_independent_test,GPR,200,0.5966062702503594,0.08828697177785504,0.006242831643454664,0.4770136026498338,0.07295277473334623,0.005158540172032374,0.5432080737165651,0.08099935589900854,0.005727519382793152,0.43431650829745805,0.0668569313002029,0.004727498949169661,0.9988373834133888,0.053002236050358434,0.003747824052925854,0.7995580443465029,0.04297233025642203,0.003038602612770387,0.15264469287107857,0.09228401397095708,0.006525465207397784,0.9988373834133888,0.053002236050358434,0.003747824052925854,0.7995580443465028,0.04297233025642204,0.0030386026127703874
S2_N50_V2,new_ID_independent_test,LMM,200,0.6325891623784221,0.07507155671929529,0.005308360683044422,0.4879624725799813,0.06314826746536477,0.004465256814494127,0.5759861395479429,0.06895047578957347,0.004875534899684627,0.4443027142396324,0.057914464893782075,0.004095171085518354,1.0195394832142357,0.04854631998266754,0.0034327432061396217,0.8101987774890508,0.038831053563655155,0.002745770129547861,0.1176767987857152,0.08555594111932253,0.006049718613626994,1.0195394832142357,0.04854631998266753,0.003432743206139621,0.8101987774890508,0.038831053563655155,0.002745770129547861
S2_N50_V2,new_ID_independent_test,MERF,200,0.445221204383861,0.0408611919657265,0.002889322592633048,0.35054109338105777,0.03757724850008429,0.002657112723274162,0.40530316746609935,0.03686882226448897,0.0026070194237581713,0.3191084073990264,0.033930949226478394,0.002399280429013931,0.9119724245824355,0.022617075118245743,0.00159926871867171,0.7305440062272046,0.01914001378131754,0.0013534033536773604,0.295403092410789,0.03172207383774806,0.0022430893523972023,0.9119724245824355,0.02261707511824574,0.0015992687186717099,0.7305440062272046,0.019140013781317543,0.0013534033536773608
S2_N50_V2,new_ID_independent_test,Mean,200,0.7513434458923117,0.012431368588100993,0.0008790305028075649,0.6403772569536003,0.009489816315886216,0.0006710313469177883,0.6840056690684907,0.010800433412883758,0.0007637059706003872,0.582988882924932,0.008467258651671689,0.0005987256010657515,1.0918099213880084,0.014933325789822538,0.0010559455931651472,0.8852500007001638,0.01305375264799293,0.0009230397017327652,-0.009411642870303107,0.013967550359451695,0.0009876549575732892,1.0918099213880084,0.014933325789822543,0.0010559455931651476,0.8852500007001638,0.013053752647992927,0.000923039701732765
S2_N50_V2,new_ID_independent_test,RF,200,0.43071557904710717,0.042057560355865484,0.002973918612779499,0.3383853472175487,0.038383602904194056,0.0027141305899927273,0.3920906001269391,0.03785849051493294,0.002676999536859567,0.30803298726076817,0.03454659286420572,0.002442813008117066,0.9051908545164506,0.02286119634334436,0.00161653069604159,0.7248625214144474,0.019346467437055218,0.001368001831674647,0.30583078006226516,0.03182946392186135,0.0022506829780680722,0.9051908545164506,0.02286119634334436,0.00161653069604159,0.7248625214144474,0.01934646743705521,0.0013680018316746465
S3,known_ID_last_visit_current_X,GAM,200,0.6464680495894578,0.09874868483838523,0.00698258646824754,0.49883023374238733,0.07001946147916377,0.0049511236026946945,0.5969555052900521,0.08806213973684814,0.006226933617372264,0.4611025417604246,0.06601501466558989,0.004667966453016799,0.952485525939079,0.11266933930628716,0.007966925385528366,0.7558873104863241,0.09405168393339057,0.006650458349131433,0.22038903280813266,0.1380356357224247,0.009760593406472253,0.952485525939079,0.11266933930628716,0.007966925385528366,0.7558873104863241,0.09405168393339057,0.006650458349131433
S3,known_ID_last_visit_current_X,GPR,200,0.7017773702956931,0.14237587316623518,0.01006749453932007,0.5505734670717026,0.10589383053254864,0.007487824565538421,0.6482985356567648,0.12928968512737224,0.009142161309103843,0.5089875974442833,0.09854032433667415,0.006967853155878407,0.990449193394457,0.13800195830341502,0.009758212053336794,0.7847872712512488,0.11246106313626132,0.007952198036309885,0.14945061791607078,0.20871178089091327,0.014758151558148566,0.990449193394457,0.13800195830341502,0.009758212053336794,0.7847872712512488,0.11246106313626132,0.007952198036309885
S3,known_ID_last_visit_current_X,LMM,200,0.5885503245657102,0.07189018601313506,0.005083403803065009,0.46962115489411765,0.06002185780744761,0.004244186267506092,0.5448716277444587,0.07517645829333289,0.005315778344480335,0.4348808348019981,0.06322940671861486,0.004470994226113482,0.9139333652277185,0.09846035706697653,0.006962198616010791,0.7300347115851915,0.08335826136381523,0.005894319187827434,0.2780530484875719,0.14329368971145265,0.010132393969620918,0.9139333652277185,0.09846035706697653,0.006962198616010791,0.7300347115851915,0.08335826136381523,0.005894319187827434
S3,known_ID_last_visit_current_X,MERF,200,0.5202657831019365,0.0832383333391646,0.0058858389958789566,0.39746907832758455,0.05821182596496716,0.004116197688507942,0.48064611937594465,0.07587845141025004,0.0053654167538121755,0.3678430603975297,0.05760691320918331,0.004073423897343842,0.8716100717080184,0.10055961596977392,0.007110638636574218,0.6922544050530681,0.08325626783641693,0.005887107156341386,0.3455180985040036,0.12436706762606904,0.008794079687467937,0.8716100717080184,0.10055961596977392,0.007110638636574218,0.6922544050530681,0.08325626783641693,0.005887107156341386
S3,known_ID_last_visit_current_X,Mean,200,0.9618453235922447,0.11207816476535912,0.00792512303285286,0.7232559706600532,0.08089727907742922,0.005720301461519081,0.8873010151888906,0.08948467045645404,0.006327521729200216,0.6679577670376825,0.07166411921526852,0.0050674184664877536,1.1892904612614683,0.12341283966389201,0.008726605581182616,0.9320509116215416,0.101010403611158,0.007142514136383994,-0.20584487846290198,0.11486187635061222,0.008121961166732862,1.1892904612614683,0.12341283966389201,0.008726605581182616,0.9320509116215416,0.101010403611158,0.007142514136383994
S3,known_ID_last_visit_current_X,RF,200,0.5747049299983487,0.08425855466886772,0.00595797953793338,0.4457561926872024,0.05869204913804176,0.004150154594724339,0.5310510007551753,0.07682790120105502,0.0054325529923596105,0.41254765986724223,0.05897554075928718,0.004170200479503559,0.9042559964406485,0.10282575555387777,0.007270878903277727,0.7190814061597385,0.08619710060024162,0.006095055435304988,0.2973810989017412,0.11920395537898833,0.008428992519274127,0.9042559964406485,0.10282575555387777,0.007270878903277727,0.7190814061597385,0.08619710060024162,0.006095055435304988
S3,new_ID_independent_test,GAM,200,0.4176961738067431,0.04860698123337333,0.0034370326043125536,0.3193328750657034,0.03634199509205075,0.0025697671171437315,0.39137676850627157,0.04556863080821723,0.003222188785387663,0.2992017866047989,0.034014397105195666,0.002405181085105593,0.904902577750497,0.023430532227683844,0.001656788822500519,0.7221249977155949,0.01837863336644345,0.001299565628235351,0.27253749058014753,0.037476746423666774,0.0026500061532983466,0.9049025777504969,0.023430532227683844,0.001656788822500519,0.7221249977155949,0.01837863336644345,0.001299565628235351
S3,new_ID_independent_test,GPR,200,0.4649827957291397,0.10802023958703157,0.007638184391738557,0.3652314997671385,0.08587173166684763,0.006072048377385955,0.43570404249775163,0.10137684334346049,0.007168425338344722,0.34223639178469,0.08060802172646112,0.00569984787808132,0.9313426747902619,0.053881582714932395,0.003810003251879256,0.7438041896096973,0.04246195108763132,0.00300251335564756,0.22729537512163198,0.09060988536797432,0.0064070864386230365,0.9313426747902619,0.05388158271493241,0.003810003251879257,0.7438041896096973,0.04246195108763132,0.00300251335564756
S3,new_ID_independent_test,LMM,200,0.46319263812796124,0.04512935758015514,0.003191127477552022,0.36687164116837434,0.03591965123906173,0.0025399028968996324,0.43397963271333806,0.04206732875380047,0.0029746093428216144,0.3437343971137974,0.03350672219300186,0.0023692830478005402,0.9270840965877164,0.024053550548282922,0.0017008428704304252,0.7407391912539956,0.019288739817430775,0.0013639198725448269,0.23645973358840927,0.039336034846623166,0.0027814776985037575,0.9270840965877164,0.02405355054828291,0.0017008428704304243,0.7407391912539956,0.019288739817430768,0.0013639198725448264
S3,new_ID_independent_test,MERF,200,0.37920701112299215,0.030838929829000095,0.002180641640662206,0.2918450470475531,0.02494695318907795,0.0017640159769940385,0.3552854696420076,0.02861882426713534,0.0020236564708877524,0.27343163778364143,0.023152096794810947,0.0016371004642298152,0.8869340169844722,0.015614544802442178,0.0011041150514948023,0.7086419801493435,0.012239150227211263,0.0008654386121621958,0.3014433777255104,0.022859132811391406,0.001616384782297877,0.8869340169844722,0.015614544802442176,0.0011041150514948023,0.7086419801493435,0.012239150227211261,0.0008654386121621957
S3,new_ID_independent_test,Mean,200,0.7034255649849176,0.012559994517328286,0.0008881257294868688,0.5402500812288354,0.02247911835599854,0.0015895137024621562,0.6590670477799191,0.010758033905972358,0.0007607078727147855,0.5061851122685712,0.02082412822669229,0.0014724882281392313,1.0656699740295323,0.011908579124341364,0.0008420637053118337,0.843747027771478,0.010749425524915684,0.0007600991682527643,-0.008187450181245842,0.011586150628805775,0.0008192645677477345,1.0656699740295323,0.011908579124341356,0.000842063705311833,0.843747027771478,0.010749425524915687,0.0007600991682527646
S3,new_ID_independent_test,RF,200,0.3446947764457653,0.03418432278185808,0.002417196644932163,0.2620865660072016,0.027057734733440513,0.0019132707713562568,0.3229657014397326,0.03195067985458508,0.002259254238869752,0.24556384420263483,0.025312728812013997,0.0017898802193311199,0.8730212567565245,0.015368094283416686,0.0010866883681718155,0.6974981854778676,0.01215442676489077,0.0008594477586889534,0.32315448711450806,0.02308787992469525,0.0016325596457972766,0.8730212567565245,0.01536809428341669,0.0010866883681718157,0.6974981854778676,0.012154426764890768,0.0008594477586889533
S4,known_ID_last_visit_current_X,GAM,200,0.6603140526730532,0.08131263616488588,0.005749671642834531,0.5256856125736743,0.06776761028372065,0.004791893677642608,0.5249886139090626,0.07116810696253983,0.0050323451037421465,0.4177637872478374,0.05747714221430592,0.004064247702295929,0.9488466038675276,0.10201072715370686,0.007213247692415679,0.7597869871476192,0.08513618288150362,0.006020037223984928,0.4193310353409842,0.11687658634180592,0.008264422676422599,0.9488466038675276,0.10201072715370686,0.007213247692415679,0.7597869871476192,0.08513618288150362,0.006020037223984928
S4,known_ID_last_visit_current_X,GPR,200,0.6330315475736806,0.1069963907149706,0.007565787343704105,0.5066860463350981,0.08809917089916756,0.006229552115971393,0.504688318748879,0.09933425090803785,0.007023992242115953,0.40411665684987624,0.08270351379309938,0.005848021543105574,0.9306987033265557,0.10281387975968832,0.0072700391578173935,0.747022586640202,0.08393266587398751,0.005934935720256129,0.4365300884887723,0.13877922872442966,0.009813173371888311,0.9306987033265557,0.10281387975968832,0.0072700391578173935,0.747022586640202,0.08393266587398751,0.005934935720256129
S4,known_ID_last_visit_current_X,LMM,200,0.6541533608685871,0.09196434681826278,0.00650286132625851,0.5200872320483332,0.07505696253372518,0.00530732871828617,0.5211728748720722,0.08760422197472018,0.0061945539418896195,0.4143038310227067,0.07058049610449042,0.004990794741499588,0.9535015484976267,0.10222706236017949,0.007228544901566298,0.7658463013483273,0.08581604946736993,0.006068111051301749,0.4084330205068316,0.14839288930605982,0.01049296183081796,0.9535015484976267,0.10222706236017949,0.007228544901566298,0.7658463013483273,0.08581604946736993,0.006068111051301749
S4,known_ID_last_visit_current_X,MERF,200,0.5619056793890809,0.06979107173117548,0.004934974008739094,0.4444828903500827,0.05529842041375488,0.003910188806347068,0.44772927418196146,0.06985941571897515,0.004939806658461742,0.35413421654242955,0.05530770309047867,0.003910845190712964,0.8925410354237865,0.09149786512328921,0.00646987608927699,0.7145406145235634,0.07552236399563901,0.005340237571255511,0.4836679186951607,0.11864033923736354,0.008389138839701219,0.8925410354237865,0.09149786512328921,0.00646987608927699,0.7145406145235634,0.07552236399563901,0.005340237571255511
S4,known_ID_last_visit_current_X,Mean,200,1.1585134560695391,0.1017059335800434,0.007191695532135728,0.9381034461388101,0.09404569753919434,0.006650035047138332,0.9196819272613976,0.08489292825089399,0.006002836524099018,0.7441529041515287,0.0720994326775546,0.005098199776600181,1.3482119752047204,0.1219538287071525,0.008623437927049019,1.0876792189078763,0.10444336363312814,0.007385261067491736,-0.15839564082363222,0.11506507387901604,0.008136329401758333,1.3482119752047204,0.1219538287071525,0.008623437927049019,1.0876792189078763,0.10444336363312814,0.007385261067491736
S4,known_ID_last_visit_current_X,RF,200,0.613208947773659,0.07364956641749622,0.00520781078452606,0.4857309329206892,0.05949895362517272,0.0042072113581863545,0.48822166656550936,0.07101537521515296,0.005021545338314173,0.3867454748942395,0.05765345911584671,0.004076715189967659,0.9217118473918088,0.09247104873829247,0.006538690562627834,0.7385063498075877,0.07448314888239756,0.0052667539658870525,0.4518710847611398,0.1104494476201922,0.0078099553390546285,0.9217118473918088,0.09247104873829247,0.006538690562627834,0.7385063498075877,0.07448314888239756,0.0052667539658870525
S4,new_ID_independent_test,GAM,200,0.5301495406653676,0.04848589724904439,0.0034284706736713456,0.41046732305357436,0.039916197835448204,0.0028225014168629216,0.4115587325481565,0.03814660517116925,0.00269737231957796,0.318645277885462,0.031321176512969645,0.002214741630706166,0.9482250714379248,0.028171935781287988,0.001992056683010067,0.7592547875256007,0.02200329577985467,0.001555867965438858,0.43840672212113035,0.03510699867565051,0.0024824396830659618,0.9482250714379248,0.02817193578128799,0.0019920566830100676,0.7592547875256007,0.022003295779854673,0.0015558679654388583
S4,new_ID_independent_test,GPR,200,0.45834043210851705,0.10574988731117388,0.007477646242744428,0.35733254809145926,0.08686388199755077,0.006142204000065621,0.35571703791036924,0.0817294153976271,0.005779142385007435,0.27732379958758097,0.06715640120663843,0.004748674669329848,0.9167996432341855,0.054369342682179606,0.0038444930899224393,0.7334487505965864,0.04311579061289261,0.0030487467918595655,0.47380406976585104,0.0625811918963703,0.004425158516466006,0.9167996432341855,0.054369342682179606,0.0038444930899224393,0.7334487505965863,0.043115790612892606,0.003048746791859565
S4,new_ID_independent_test,LMM,200,0.618945991127855,0.03798655910256872,0.0026860553535369915,0.46090907298913963,0.03811728525350272,0.002695299088317376,0.48046525639946724,0.029893211887450158,0.002113769283706232,0.35779925601119417,0.029955365358597098,0.0021181641977984604,1.001999027141386,0.024065158540608304,0.0017016636794393491,0.7922503559058268,0.020473220918902985,0.001447675334448658,0.3731264904450161,0.03161755709530848,0.0022356989026645468,1.001999027141386,0.024065158540608294,0.0017016636794393483,0.7922503559058268,0.020473220918902985,0.001447675334448658
S4,new_ID_independent_test,MERF,200,0.5120917303657082,0.035307210809340725,0.0024965968188067796,0.3967502300704129,0.029840701461155743,0.0021100562358546543,0.39750389258103724,0.02746243700626714,0.0019418875435039881,0.30796797129045106,0.023133334839936175,0.0016357737936777885,0.9364831323170599,0.01990217678908359,0.0014072964167934515,0.7506376833543084,0.01606975085697886,0.0011363029802948085,0.45254489676060744,0.02320859563574619,0.0016410955355852643,0.9364831323170599,0.019902176789083587,0.0014072964167934513,0.7506376833543084,0.016069750856978857,0.0011363029802948083
S4,new_ID_independent_test,Mean,200,1.0105670025098863,0.014229483374142572,0.0010061764186637446,0.8380329602810886,0.014225102925572122,0.0010058666741748644,0.7844185666583806,0.01026071951507522,0.0007255424348962832,0.650494084856725,0.010453025200194123,0.0007391405002971132,1.2719699294582703,0.01351955358321721,0.0009559768017307777,1.0335774224232441,0.012331325400535356,0.0008719563811736469,-0.009480638478019974,0.013584314962910493,0.0009605561228047893,1.2719699294582703,0.01351955358321721,0.0009559768017307777,1.0335774224232441,0.012331325400535356,0.0008719563811736469
S4,new_ID_independent_test,RF,200,0.4667111126641121,0.03578405766245213,0.0025303149831490336,0.3584425863809075,0.02993807179026247,0.0021169413578544273,0.36226846130599505,0.0276867963310863,0.0019577521435041947,0.2782254800383107,0.02312550487950476,0.0016352201318660408,0.9134830285707747,0.019189608608653996,0.001356910237549499,0.7317604160453896,0.015375065455829406,0.0010871813045004008,0.4791137136970457,0.021843555069733567,0.0015445725915030394,0.9134830285707747,0.019189608608654006,0.0013569102375494996,0.7317604160453897,0.015375065455829402,0.0010871813045004006
S6,known_ID_last_visit_current_X,GAM,200,0.8416797258119202,0.08838093093249821,0.006249475558994938,0.6774591949736032,0.07376207696438486,0.005215766481592056,0.6974256966730497,0.08050306555197713,0.005692426355810818,0.5611811895921557,0.06549104705018878,0.0046309163476195726,1.086177055796959,0.10511475804235927,0.0074327358214535426,0.876582216252356,0.09426530619207688,0.00666556372390438,0.17057418425575438,0.13309932825866286,0.009411543758307477,1.086177055796959,0.10511475804235927,0.0074327358214535426,0.876582216252356,0.09426530619207688,0.00666556372390438
S6,known_ID_last_visit_current_X,GPR,200,0.846883776546289,0.13407376920339772,0.009480447138296263,0.6748591469872811,0.1110674458445739,0.007853654412576783,0.7033031160178226,0.12544362725150837,0.008870203948617915,0.5605574705757647,0.10395865157984788,0.007350986749512002,1.0899524038793498,0.13857387247415984,0.009798652492175828,0.8780955275895596,0.11466873189128671,0.008108303791039094,0.15377430465375824,0.2188688149507071,0.015476362324190859,1.0899524038793498,0.13857387247415984,0.009798652492175828,0.8780955275895596,0.11466873189128671,0.008108303791039094
S6,known_ID_last_visit_current_X,LMM,200,0.6416501257367119,0.09228078317325555,0.006525236755501445,0.5124354474147939,0.07481317600483496,0.00529009040751215,0.5330313489217191,0.09192527770380397,0.006500098722681633,0.4255242163227764,0.07236598119514978,0.005117047603030858,0.9389569064660056,0.10842529286874042,0.007666825983962376,0.7550688789459012,0.09282208430988996,0.006563512525939262,0.3716063942235631,0.16478902499490783,0.01165234370390188,0.9389569064660056,0.10842529286874042,0.007666825983962376,0.7550688789459012,0.09282208430988996,0.006563512525939262
S6,known_ID_last_visit_current_X,MERF,200,0.5199329330485053,0.06517503089643047,0.004608570631090873,0.41922677954079324,0.0531391999942766,0.0037575088662781127,0.43192859005858536,0.0663317604637637,0.004690363763196904,0.348241806153129,0.05314011412117184,0.003757573504810762,0.8655147052659032,0.08771075344632434,0.006202086854487728,0.6954592789965853,0.07669547896365554,0.005423189326155104,0.46804953769201113,0.1156929646134038,0.00818072798137131,0.8655147052659032,0.08771075344632434,0.006202086854487728,0.6954592789965853,0.07669547896365554,0.005423189326155104
S6,known_ID_last_visit_current_X,Mean,200,1.0985499025250225,0.09500187027071472,0.0067176466693827045,0.8927371440988972,0.08263807330358455,0.0058433942017155635,0.9094069143814623,0.07948302021882468,0.00562029825859184,0.7389255018477965,0.0677309426526839,0.004789300884586995,1.2951959509952728,0.11584401834229643,0.00819140909297366,1.0479232126588303,0.1015772686855996,0.007182597550199542,-0.1712039504901446,0.10803324614357436,0.007639104094171686,1.2951959509952728,0.11584401834229643,0.00819140909297366,1.0479232126588303,0.1015772686855996,0.007182597550199542
S6,known_ID_last_visit_current_X,RF,200,0.8149075806565194,0.09085125853079366,0.006424154098645637,0.6556765630397069,0.07569424793905441,0.005352391601452122,0.6755233265433369,0.08398824306768723,0.005938865621310568,0.5434618111657792,0.06887186806362797,0.004869976494077655,1.0636844360892517,0.10716027022267566,0.0075773753748236816,0.8609902936009304,0.09348473757883793,0.006610369187944117,0.20444459847868426,0.13073030315387235,0.009244028386667623,1.0636844360892517,0.10716027022267566,0.0075773753748236816,0.8609902936009304,0.09348473757883793,0.006610369187944117
S6,new_ID_independent_test,GAM,200,0.504716354657125,0.06427292691362066,0.004544782246732853,0.4029825127397736,0.052625446731280306,0.0037211810246659733,0.39866117511062116,0.051007689030543715,0.0036067882806152135,0.31830488341027124,0.0417516769202693,0.002952289387623229,1.1314667724163114,0.030915678420360047,0.00218606858560192,0.9110308468417074,0.025035095831297725,0.0017702486029965688,0.1579935871201397,0.04562017819740311,0.0032258337362322427,1.1314667724163114,0.030915678420360058,0.002186068585601921,0.9110308468417074,0.02503509583129772,0.0017702486029965683
S6,new_ID_independent_test,GPR,200,0.6740450885439189,0.10318909005188921,0.007296570532016017,0.5403206036589735,0.08474453312004751,0.005992343403767356,0.5324232395645637,0.08198122368368277,0.005796947919670328,0.42680090739846194,0.06733085026690518,0.004761010080678471,1.218296526972364,0.05597013908509367,0.003957686489102396,0.9790577668909423,0.04540686386132063,0.00321075013487542,0.022386228867032978,0.09006002889360028,0.006368205714452116,1.218296526972364,0.05597013908509366,0.003957686489102395,0.9790577668909421,0.04540686386132064,0.0032107501348754204
S6,new_ID_independent_test,LMM,200,0.5758468225171492,0.05919091823973708,0.004185429967197659,0.4426942826319222,0.05164446468340601,0.0036518151188385554,0.45486076676499354,0.0472531392950639,0.00334130152278922,0.3496908344064633,0.04119894240704293,0.0029132051553734076,1.165303896566503,0.03163367064129529,0.00223683830242817,0.9332962457969991,0.025377415401747244,0.0017944542519563408,0.10683907810562285,0.049099575160239106,0.0034718642549183636,1.165303896566503,0.03163367064129529,0.00223683830242817,0.9332962457969991,0.025377415401747254,0.0017944542519563417
S6,new_ID_independent_test,MERF,200,0.4273059112418227,0.03763730050193586,0.0026613590410474695,0.3365367826382567,0.03332430357775709,0.0023563841038151167,0.33751478840001453,0.029984910957043896,0.002120253387100055,0.2658199514549912,0.026513494378550863,0.0018747871668024722,1.0973206176507198,0.017241130538729877,0.001219132031925837,0.8845121917799581,0.014891620724768876,0.0010529965997342202,0.20849534654268403,0.021547370473805373,0.001523629177876657,1.0973206176507198,0.01724113053872988,0.0012191320319258371,0.8845121917799581,0.014891620724768882,0.0010529965997342205
S6,new_ID_independent_test,Mean,200,0.7273002563524199,0.014402879976679838,0.0010184374100126257,0.6185039178110849,0.010154990813008155,0.0007180662866765157,0.5744473638184665,0.01210973619356717,0.0008562876580851515,0.4885150788045255,0.008696607465165618,0.000614943011193616,1.239486698960961,0.013433574004121264,0.0009498971273885468,1.0047957097726226,0.011482811605591696,0.0008119573953401475,-0.009719601368123516,0.012671905652215756,0.0008960390417237901,1.239486698960961,0.013433574004121266,0.0009498971273885469,1.0047957097726226,0.011482811605591704,0.0008119573953401482
S6,new_ID_independent_test,RF,200,0.42057074240674297,0.04411583472176432,0.00311946058894645,0.3305106263885068,0.04167253577383693,0.002946693263491908,0.3322109459229803,0.035212660095949394,0.002489911073746276,0.26107833595273333,0.033209303906567594,0.002348252399081885,1.0955868763364378,0.019129170931843794,0.0013526366484383334,0.882397673568413,0.016187980064078934,0.0011446630477022857,0.21092724851383854,0.025363559612595052,0.0017934744997095203,1.0955868763364378,0.019129170931843794,0.0013526366484383334,0.882397673568413,0.016187980064078924,0.0011446630477022848
S9,known_ID_last_visit_current_X,GAM,300,0.7459072317481763,0.09569884481953429,0.005525175381769434,0.5791284055961098,0.06954029346096954,0.004014910714921633,0.6400684196461063,0.08595076137371653,0.0049623695216168525,0.4975533359683849,0.0680334973623716,0.003927915801607694,1.1689495868035629,0.14871499001539087,0.008586063951791843,0.899885275055632,0.10711780155611793,0.006184449156342559,0.17048195918785491,0.12964911065205492,0.007485294893515948,1.1689495868035629,0.14871499001539087,0.008586063951791843,0.899885275055632,0.10711780155611793,0.006184449156342559
S9,known_ID_last_visit_current_X,GPR,300,0.9886359724351533,0.13646783019959732,0.007878973850146164,0.7691589708641112,0.10375152043512022,0.005990096825204961,0.8481954366872114,0.12026795930111128,0.006943673867738355,0.6602630238514599,0.0941767613549149,0.005437297851966726,1.3433177897755233,0.17483184463553333,0.0100939212563244,1.0429395052472652,0.13042267086368123,0.007529956413157631,-0.10423901140675672,0.2240984068637939,0.012938327552777767,1.3433177897755233,0.17483184463553333,0.0100939212563244,1.0429395052472652,0.13042267086368123,0.007529956413157631
S9,known_ID_last_visit_current_X,LMM,300,0.9250191253315192,0.13065382062981584,0.007543301851127725,0.7357751705760177,0.10817942476012972,0.0062457420006039755,0.7971876355973037,0.13974287092356513,0.008068058414505145,0.6342910790779435,0.1154779931718469,0.006667125044324357,1.280607203019574,0.16103588894853763,0.009297411383362887,1.0039450802746421,0.12320589651970446,0.007113295752140054,-0.0088083068492914,0.22747852861119908,0.013133478972853576,1.280607203019574,0.16103588894853763,0.009297411383362887,1.0039450802746421,0.12320589651970446,0.007113295752140054
S9,known_ID_last_visit_current_X,MERF,300,0.6681706030008601,0.10433287509521415,0.006023661352154948,0.5054481771486349,0.07036261671226801,0.00406238756997144,0.5724565035603467,0.08575498281259891,0.004951066241120571,0.4337517640372418,0.06302736852844557,0.003638886818621179,1.1288906857652228,0.1527610173829905,0.008819661450775066,0.8613510708964562,0.10850171376040289,0.006264349364710433,0.22674580441734662,0.12844548155874638,0.007415803335413333,1.1288906857652228,0.1527610173829905,0.008819661450775066,0.8613510708964562,0.10850171376040289,0.006264349364710433
S9,known_ID_last_visit_current_X,Mean,300,0.9853721044539696,0.11969965530782932,0.006910862821388066,0.7560033811076634,0.08585308306137272,0.004956730061624283,0.8426043440908256,0.08070437226898898,0.0046594691054280555,0.6471520132282702,0.06332490944910804,0.00365606535168512,1.3487371213739736,0.16533594481777253,0.009545675224726206,1.0399800771922045,0.1227917060240698,0.0070893824527250085,-0.09487842329014422,0.07864538649668848,0.004540593506438525,1.3487371213739736,0.16533594481777253,0.009545675224726206,1.0399800771922045,0.1227917060240698,0.0070893824527250085
S9,known_ID_last_visit_current_X,RF,300,0.6859495770323415,0.10423401756497566,0.006017953809985487,0.521280212808835,0.07021384254577907,0.004053798089464354,0.5875187666633562,0.08455101272162042,0.004881554995508302,0.44714041965235213,0.06204500482171644,0.003582170023568961,1.135096356741852,0.14640052398676023,0.008452438193325827,0.8688884971714882,0.10349161307575484,0.0059750910668155644,0.2196096029832385,0.11215077821681561,0.0064750281993304504,1.135096356741852,0.14640052398676023,0.008452438193325827,0.8688884971714882,0.10349161307575484,0.0059750910668155644
S9,new_ID_independent_test,GAM,300,0.5872826083586858,0.04763186248488861,0.0027500268627653674,0.4596075274058721,0.04197366509460752,0.0024233506841246848,0.5098229669649612,0.041218756743435725,0.0023797660301484317,0.3989903803879193,0.03637648317166649,0.0021001972351333536,1.1234183565024833,0.026037907601879764,0.0015032992963079884,0.869405461093783,0.022077490145668323,0.0012746444878632916,0.21102072884705997,0.034785536410946255,0.0020083438810765348,1.1213559008655223,0.025977278854423774,0.0014997988939415537,0.8679862144511723,0.022087093981209772,0.0012751989655668023
S9,new_ID_independent_test,GPR,300,0.8269298230152848,0.0903024555620202,0.005213614702721658,0.6443248366844329,0.07101862685697448,0.00410026233333518,0.7178502706998211,0.0781663057404729,0.004512933766082061,0.5593356553685706,0.061498460723140726,0.003550615285325292,1.2697424352171296,0.05904232925215308,0.0034088104687313094,0.9884658342659808,0.04814696384210157,0.002779766253490052,-0.009513874410710296,0.09254375689952482,0.005343016295775994,1.2674563474898177,0.05883397616254949,0.003396781197494397,0.9869804486922819,0.04800410832176738,0.002771518486178035
S9,new_ID_independent_test,LMM,300,0.7231498778266026,0.0628647176027987,0.0036294961630505634,0.5731940529569508,0.05130721105957854,0.0029622232116616612,0.6278104846614895,0.05494874584508351,0.0031724673205291293,0.4976285733428019,0.044872602124887986,0.002590720891604305,1.2018696618531437,0.03729281821471525,0.0021531018635105627,0.9361878978542245,0.03164672399936689,0.0018271244620004263,0.09647983137749987,0.05666164231938284,0.003271361444582197,1.2000219790387558,0.03707355647051227,0.0021404427808067047,0.9347489579171376,0.03147048752065814,0.0018169494441580734
S9,new_ID_independent_test,MERF,300,0.548360564064634,0.03828203077893294,0.002210214077534247,0.42586038770653567,0.0384683024082533,0.002220968475067297,0.4760192616380084,0.03283524372424549,0.0018957436803100102,0.3696749660104827,0.03310680282916222,0.0019114221525424672,1.1033689582109625,0.020164591385694965,0.0011642032264629796,0.8514747489063605,0.017236775576076935,0.0009951657018809185,0.23908369764684048,0.025393690543732046,0.001466105407114175,1.1013350994406665,0.020074104777851886,0.0011589789797233538,0.8505358960675643,0.017324451044099198,0.0010002276473873163
S9,new_ID_independent_test,Mean,300,0.8392464356439214,0.02055598944911614,0.001186800604190631,0.6800837837814911,0.03384227265183153,0.0019538845225523646,0.728553630128516,0.01712510619173447,0.0009887184669698822,0.5903831067853481,0.029080016296978383,0.0016789355237099171,1.2694789227299994,0.012800781549219688,0.0007390534673279581,0.9939652109765139,0.014465644038636915,0.0008351743479708328,-0.0069928814052119155,0.009545274637019173,0.0005510966881171926,1.2660327030002732,0.013055361730744956,0.0007537516609613538,0.9926327029182342,0.015528822678105075,0.0008965569953401929
S9,new_ID_independent_test,RF,300,0.5232297793657738,0.03822566374153591,0.002206959725112787,0.4056248253223405,0.03877304144376463,0.002238562591485802,0.4542163608770307,0.033013367818023866,0.0019060276796592204,0.35212082444877113,0.03353869837558173,0.0019363576535411774,1.0910860077915865,0.01933799444415998,0.0011164796297923251,0.8410895422561764,0.01647302750663666,0.0009510706865324785,0.25593165776877796,0.024400212122881015,0.0014087469037429323,1.0891581746350694,0.019354552646415953,0.0011174356180453033,0.840256401450074,0.016716075894249904,0.0009651030917339395
