kind,x,estimate,truth,local_slope,z,model,scenario,mass
PD,-1.6021763462454373,-6.938893903907228e-18,0.0,0.0,,Mean,D0,
PD,-1.508514433834912,-6.938893903907228e-18,0.0,0.0,,Mean,D0,
PD,-1.4148525214243863,-6.938893903907228e-18,0.0,0.0,,Mean,D0,
PD,-1.321190609013861,-6.938893903907228e-18,0.0,0.0,,Mean,D0,
PD,-1.2275286966033354,-6.938893903907228e-18,0.0,0.0,,Mean,D0,
PD,-1.13386678419281,-6.938893903907228e-18,0.0,0.0,,Mean,D0,
PD,-1.0402048717822847,-6.938893903907228e-18,0.0,0.0,,Mean,D0,
PD,-0.9465429593717591,-6.938893903907228e-18,0.0,-6.162975822039155e-33,,Mean,D0,
PD,-0.8528810469612337,-6.938893903907228e-18,0.0,0.0,,Mean,D0,
PD,-0.7592191345507082,-6.938893903907228e-18,0.0,0.0,,Mean,D0,
PD,-0.6655572221401828,-6.938893903907228e-18,0.0,0.0,,Mean,D0,
PD,-0.5718953097296573,-6.938893903907228e-18,0.0,0.0,,Mean,D0,
PD,-0.47823339731913195,-6.938893903907228e-18,0.0,0.0,,Mean,D0,
PD,-0.3845714849086064,-6.938893903907228e-18,0.0,0.0,,Mean,D0,
PD,-0.290909572498081,-6.938893903907228e-18,0.0,0.0,,Mean,D0,
PD,-0.19724766008755545,-6.938893903907228e-18,0.0,0.0,,Mean,D0,
PD,-0.1035857476770301,-6.938893903907228e-18,0.0,0.0,,Mean,D0,
PD,-0.009923835266504755,-6.938893903907228e-18,0.0,0.0,,Mean,D0,
PD,0.08373807714402082,-6.938893903907228e-18,0.0,0.0,,Mean,D0,
PD,0.17739998955454617,-6.938893903907228e-18,0.0,0.0,,Mean,D0,
PD,0.27106190196507174,-6.938893903907228e-18,0.0,0.0,,Mean,D0,
PD,0.3647238143755971,-6.938893903907228e-18,0.0,0.0,,Mean,D0,
PD,0.45838572678612266,-6.938893903907228e-18,0.0,0.0,,Mean,D0,
PD,0.552047639196648,-6.938893903907228e-18,0.0,0.0,,Mean,D0,
PD,0.6457095516071734,-6.938893903907228e-18,0.0,0.0,,Mean,D0,
PD,0.7393714640176987,-6.938893903907228e-18,0.0,0.0,,Mean,D0,
PD,0.8330333764282245,-6.938893903907228e-18,0.0,0.0,,Mean,D0,
PD,0.9266952888387499,-6.938893903907228e-18,0.0,0.0,,Mean,D0,
PD,1.0203572012492752,-6.938893903907228e-18,0.0,0.0,,Mean,D0,
PD,1.1140191136598006,-6.938893903907228e-18,0.0,0.0,,Mean,D0,
PD,1.2076810260703263,-6.938893903907228e-18,0.0,0.0,,Mean,D0,
PD,1.3013429384808517,-6.938893903907228e-18,0.0,0.0,,Mean,D0,
PD,1.395004850891377,-6.938893903907228e-18,0.0,0.0,,Mean,D0,
PD,1.4886667633019024,-6.938893903907228e-18,0.0,0.0,,Mean,D0,
PD,1.5823286757124277,-6.938893903907228e-18,0.0,0.0,,Mean,D0,
PD,1.6759905881229535,-6.938893903907228e-18,0.0,0.0,,Mean,D0,
PD,1.769652500533479,-6.938893903907228e-18,0.0,0.0,,Mean,D0,
PD,1.8633144129440042,-6.938893903907228e-18,0.0,0.0,,Mean,D0,
PD,1.9569763253545296,-6.938893903907228e-18,0.0,0.0,,Mean,D0,
PD,2.0506382377650554,-6.938893903907228e-18,0.0,0.0,,Mean,D0,
PD,2.1443001501755807,-6.938893903907228e-18,0.0,0.0,,Mean,D0,
ALE,-1.4035666193721,0.0,0.0,,,Mean,D0,0.056074766355140186
ALE,-1.0896921330333391,0.0,0.0,,,Mean,D0,0.049399198931909215
ALE,-0.8665866525832169,0.0,0.0,,,Mean,D0,0.06408544726301736
ALE,-0.6306986036219172,0.0,0.0,,,Mean,D0,0.0801068090787717
ALE,-0.40017488342594454,0.0,0.0,,,Mean,D0,0.09746328437917223
ALE,-0.19641432852667068,0.0,0.0,,,Mean,D0,0.07476635514018691
ALE,0.011800582748868568,0.0,0.0,,,Mean,D0,0.09479305740987984
ALE,0.2486089599554013,0.0,0.0,,,Mean,D0,0.1041388518024032
ALE,0.5363494589395748,0.0,0.0,,,Mean,D0,0.10947930574098798
ALE,0.8645239747841558,0.0,0.0,,,Mean,D0,0.11081441922563418
ALE,1.2290778946216232,0.0,0.0,,,Mean,D0,0.07610146862483311
ALE,1.7838101595816842,0.0,0.0,,,Mean,D0,0.08277703604806408
PD,-1.6021763462454373,-0.003584620779590833,0.0,0.001913595765522747,,LMM,D0,
PD,-1.508514433834912,-0.0034053897406112893,0.0,0.0019135957655227395,,LMM,D0,
PD,-1.4148525214243863,-0.0032261587016317456,0.0,0.00191359576552275,,LMM,D0,
PD,-1.321190609013861,-0.003046927662652202,0.0,0.0019135957655227447,,LMM,D0,
PD,-1.2275286966033354,-0.002867696623672658,0.0,0.0019135957655227447,,LMM,D0,
PD,-1.13386678419281,-0.0026884655846931144,0.0,0.0019135957655227482,,LMM,D0,
PD,-1.0402048717822847,-0.0025092345457135706,0.0,0.001913595765522743,,LMM,D0,
PD,-0.9465429593717591,-0.002330003506734027,0.0,0.0019135957655225938,,LMM,D0,
PD,-0.8528810469612337,-0.002150772467754511,0.0,0.0019135957655226701,,LMM,D0,
PD,-0.7592191345507082,-0.0019715414287749533,0.0,0.0019135957655228193,,LMM,D0,
PD,-0.6655572221401828,-0.0017923103897954096,0.0,0.0019135957655227447,,LMM,D0,
PD,-0.5718953097296573,-0.0016130793508158658,0.0,0.0019135957655227473,,LMM,D0,
PD,-0.47823339731913195,-0.0014338483118363221,0.0,0.0019135957655226693,,LMM,D0,
PD,-0.3845714849086064,-0.0012546172728567923,0.0,0.001913595765522671,,LMM,D0,
PD,-0.290909572498081,-0.0010753862338772485,0.0,0.0019135957655227447,,LMM,D0,
PD,-0.19724766008755545,-0.0008961551948977048,0.0,0.0019135957655228193,,LMM,D0,
PD,-0.1035857476770301,-0.0007169241559181472,0.0,0.0019135957655226732,,LMM,D0,
PD,-0.009923835266504755,-0.0005376931169386312,0.0,0.0019135957655226704,,LMM,D0,
PD,0.08373807714402082,-0.0003584620779590736,0.0,0.0019135957655227447,,LMM,D0,
PD,0.17739998955454617,-0.00017923103897954373,0.0,0.0019135957655226704,,LMM,D0,
PD,0.27106190196507174,0.0,0.0,0.0019135957655228187,,LMM,D0,
PD,0.3647238143755971,0.0001792310389795576,0.0,0.0019135957655227447,,LMM,D0,
PD,0.45838572678612266,0.00035846207795908747,0.0,0.0019135957655226704,,LMM,D0,
PD,0.552047639196648,0.0005376931169386312,0.0,0.0019135957655226727,,LMM,D0,
PD,0.6457095516071734,0.0007169241559181611,0.0,0.001913595765522747,,LMM,D0,
PD,0.7393714640176987,0.0008961551948977187,0.0,0.001913595765522743,,LMM,D0,
PD,0.8330333764282245,0.0010753862338772485,0.0,0.0019135957655226675,,LMM,D0,
PD,0.9266952888387499,0.0012546172728567923,0.0,0.0019135957655227465,,LMM,D0,
PD,1.0203572012492752,0.001433848311836336,0.0,0.0019135957655227465,,LMM,D0,
PD,1.1140191136598006,0.0016130793508158797,0.0,0.0019135957655227421,,LMM,D0,
PD,1.2076810260703263,0.0017923103897954235,0.0,0.001913595765522743,,LMM,D0,
PD,1.3013429384808517,0.001971541428774967,0.0,0.0019135957655227482,,LMM,D0,
PD,1.395004850891377,0.002150772467754511,0.0,0.0019135957655226719,,LMM,D0,
PD,1.4886667633019024,0.0023300035067340408,0.0,0.0019135957655227465,,LMM,D0,
PD,1.5823286757124277,0.0025092345457135984,0.0,0.0019135957655228159,,LMM,D0,
PD,1.6759905881229535,0.002688465584693142,0.0,0.001913595765522743,,LMM,D0,
PD,1.769652500533479,0.002867696623672686,0.0,0.0019135957655226719,,LMM,D0,
PD,1.8633144129440042,0.0030469276626522157,0.0,0.00191359576552271,,LMM,D0,
PD,1.9569763253545296,0.0032261587016317664,0.0,0.0019135957655227812,,LMM,D0,
PD,2.0506382377650554,0.00340538974061131,0.0,0.0019135957655227812,,LMM,D0,
PD,2.1443001501755807,0.003584620779590861,0.0,0.001913595765522821,,LMM,D0,
ALE,-1.4035666193721,-0.002935471494686365,0.0,,,LMM,D0,0.056074766355140186
ALE,-1.0896921330333391,-0.002334842606722896,0.0,,,LMM,D0,0.049399198931909215
ALE,-0.8665866525832169,-0.0019079089040686292,0.0,,,LMM,D0,0.06408544726301736
ALE,-0.6306986036219172,-0.001456514532438868,0.0,,,LMM,D0,0.0801068090787717
ALE,-0.40017488342594454,-0.0010153853176193082,0.0,,,LMM,D0,0.09746328437917223
ALE,-0.19641432852667068,-0.0006254699825834981,0.0,,,LMM,D0,0.07476635514018691
ALE,0.011800582748868568,-0.00022703081004793544,0.0,,,LMM,D0,0.09479305740987984
ALE,0.2486089599554013,0.00022612469781479409,0.0,,,LMM,D0,0.1041388518024032
ALE,0.5363494589395748,0.0007767436982403031,0.0,,,LMM,D0,0.10947930574098798
ALE,0.8645239747841558,0.0014047370621129585,0.0,,,LMM,D0,0.11081441922563418
ALE,1.2290778946216232,0.002102345899418638,0.0,,,LMM,D0,0.07610146862483311
ALE,1.7838101595816842,0.0031638792126450427,0.0,,,LMM,D0,0.08277703604806408
PD,-1.6021763462454373,-0.016900844564684322,0.0,0.03529321614736799,,GAM,D0,
PD,-1.508514433834912,-0.013595214445203802,0.0,0.03460282644786744,,GAM,D0,
PD,-1.4148525214243863,-0.010418910764850773,0.0,0.03267571883789028,,GAM,D0,
PD,-1.321190609013861,-0.00747427381371293,0.0,0.029655954805961345,,GAM,D0,
PD,-1.2275286966033354,-0.004863643881877867,0.0,0.025543508789112032,,GAM,D0,
PD,-1.13386678419281,-0.0026893660479863322,0.0,0.02038379387615455,,GAM,D0,
PD,-1.0402048717822847,-0.001045273648632685,0.0,0.014515892186340229,,GAM,D0,
PD,-0.9465429593717591,2.9806397048925265e-05,0.0,0.00840824344098008,,GAM,D0,
PD,-0.8528810469612337,0.0005297906727582194,0.0,0.0025826512102391547,,GAM,D0,
PD,-0.7592191345507082,0.0005135984999296399,0.0,-0.002496235627814334,,GAM,D0,
PD,-0.6655572221401828,6.218626730146101e-05,0.0,-0.006710680242200747,,GAM,D0,
PD,-0.5718953097296573,-0.0007434717901904607,0.0,-0.010060587363684686,,GAM,D0,
PD,-0.47823339731913195,-0.001822401437610286,0.0,-0.012545956992266544,,GAM,D0,
PD,-0.3845714849086064,-0.0030936284400222384,0.0,-0.014166789127946323,,GAM,D0,
PD,-0.290909572498081,-0.004476178562490472,0.0,-0.014923083770723485,,GAM,D0,
PD,-0.19724766008755545,-0.005889077570079112,0.0,-0.014814840920598468,,GAM,D0,
PD,-0.1035857476770301,-0.007251351227852396,0.0,-0.013842060577571383,,GAM,D0,
PD,-0.009923835266504755,-0.008482025300874465,0.0,-0.012004742741641941,,GAM,D0,
PD,0.08373807714402082,-0.009500125554209513,0.0,-0.009346575628672048,,GAM,D0,
PD,0.17739998955454617,-0.010232861596616533,0.0,-0.006191005101717176,,GAM,D0,
PD,0.27106190196507174,-0.010659848309349813,0.0,-0.0029249988863923326,,GAM,D0,
PD,0.3647238143755971,-0.010780783575612862,0.0,0.00031730504153741623,,GAM,D0,
PD,0.45838572678612266,-0.01060040951533402,0.0,0.003499581309741706,,GAM,D0,
PD,0.552047639196648,-0.010125228619399785,0.0,0.006612426132101341,,GAM,D0,
PD,0.6457095516071734,-0.00936174456092213,0.0,0.009655833197484288,,GAM,D0,
PD,0.7393714640176987,-0.008316461013012953,0.0,0.012629802505890665,,GAM,D0,
PD,0.8330333764282245,-0.006995881648784192,0.0,0.015534334057320576,,GAM,D0,
PD,0.9266952888387499,-0.005406510141347746,0.0,0.01836942785177383,,GAM,D0,
PD,1.0203572012492752,-0.003554850163815581,0.0,0.021135083889250575,,GAM,D0,
PD,1.1140191136598006,-0.0014474053892995602,0.0,0.023831302169750802,,GAM,D0,
PD,1.2076810260703263,0.0009093205090883565,0.0,0.026458082693274286,,GAM,D0,
PD,1.3013429384808517,0.0035088238582362367,0.0,0.029021801830773422,,GAM,D0,
PD,1.395004850891377,0.006345795431227406,0.0,0.03166258466160246,,GAM,D0,
PD,1.4886667633019024,0.009439980320767944,0.0,0.034381037719623316,,GAM,D0,
PD,1.5823286757124277,0.01278618291818406,0.0,0.036698004557727384,,GAM,D0,
PD,1.6759905881229535,0.016314390897821808,0.0,0.03821589161225995,,GAM,D0,
PD,1.769652500533479,0.019944929903939323,0.0,0.0388830949063729,,GAM,D0,
PD,1.8633144129440042,0.023598120956563492,0.0,0.038699589754304764,,GAM,D0,
PD,1.9569763253545296,0.027194285075721237,0.0,0.0376653761560557,,GAM,D0,
PD,2.0506382377650554,0.030653743281439463,0.0,0.03578045411162553,,GAM,D0,
PD,2.1443001501755807,0.033896816593745036,0.0,0.03462531597786519,,GAM,D0,
ALE,-1.4035666193721,-0.007359534580374746,0.0,,,GAM,D0,0.056074766355140186
ALE,-1.0896921330333391,0.0009760348207093605,0.0,,,GAM,D0,0.049399198931909215
ALE,-0.8665866525832169,0.0033801462688421383,0.0,,,GAM,D0,0.06408544726301736
ALE,-0.6306986036219172,0.0027353434677379104,0.0,,,GAM,D0,0.0801068090787717
ALE,-0.40017488342594454,0.0002921848937276813,0.0,,,GAM,D0,0.09746328437917223
ALE,-0.19641432852667068,-0.0026326924553410364,0.0,,,GAM,D0,0.07476635514018691
ALE,0.011800582748868568,-0.005350529308406911,0.0,,,GAM,D0,0.09479305740987984
ALE,0.2486089599554013,-0.0070525002427789365,0.0,,,GAM,D0,0.1041388518024032
ALE,0.5363494589395748,-0.006575283691907451,0.0,,,GAM,D0,0.10947930574098798
ALE,0.8645239747841558,-0.0028115937039201126,0.0,,,GAM,D0,0.11081441922563418
ALE,1.2290778946216232,0.005242211548424651,0.0,,,GAM,D0,0.07610146862483311
ALE,1.7838101595816842,0.023813433823112844,0.0,,,GAM,D0,0.08277703604806408
PD,-1.6021763462454373,-0.048302258907456645,0.0,0.16986123347107787,,RF,D0,
PD,-1.508514433834912,-0.032392730936144754,0.0,0.18607199213092895,,RF,D0,
PD,-1.4148525214243863,-0.013446541649418532,0.0,0.20722368548436035,,RF,D0,
PD,-1.321190609013861,0.006425202422300116,0.0,0.12184966913881597,,RF,D0,
PD,-1.2275286966033354,0.009378804426844006,0.0,0.014663233277211356,,RF,D0,
PD,-1.13386678419281,0.009171975364030669,0.0,-0.011877763196799326,,RF,D0,
PD,-1.0402048717822847,0.0071538163945008455,0.0,-0.021044022578089284,,RF,D0,
PD,-0.9465429593717591,0.0052299285650824305,0.0,-0.08697459735552371,,RF,D0,
PD,-0.8528810469612337,-0.00913859784440671,0.0,-0.20288521932649892,,RF,D0,
PD,-0.7592191345507082,-0.03277530671881515,0.0,-0.2158306682661235,,RF,D0,
PD,-0.6655572221401828,-0.049568824137700376,0.0,-0.11780288313538032,,RF,D0,
PD,-0.5718953097296573,-0.054842593362681866,0.0,-0.07216650724289253,,RF,D0,
PD,-0.47823339731913195,-0.06308733029841507,0.0,-0.033869975097131466,,RF,D0,
PD,-0.3845714849086064,-0.06118724664447024,0.0,0.08993544040304705,,RF,D0,
PD,-0.290909572498081,-0.04624027961515065,0.0,0.11690016546725265,,RF,D0,
PD,-0.19724766008755545,-0.03928906052693075,0.0,0.13015751599289388,,RF,D0,
PD,-0.1035857476770301,-0.021858675890154687,0.0,0.11263175233193838,,RF,D0,
PD,-0.009923835266504755,-0.018190449883814755,0.0,-0.0041417169487025784,,RF,D0,
PD,0.08373807714402082,-0.022634518150311846,0.0,-0.044431864999593285,,RF,D0,
PD,0.17739998955454617,-0.026513596779471155,0.0,-0.055433345991722366,,RF,D0,
PD,0.27106190196507174,-0.033018504544109956,0.0,0.1252576586795842,,RF,D0,
PD,0.3647238143755971,-0.003049853067481822,0.0,0.2147550385272386,,RF,D0,
PD,0.45838572678612266,0.007210230672404486,0.0,0.06658183677534459,,RF,D0,
PD,0.552047639196648,0.009422511260886652,0.0,0.0026435678823215833,,RF,D0,
PD,0.6457095516071734,0.007705433919295051,0.0,0.010505805736220453,,RF,D0,
PD,0.7393714640176987,0.011390498974222401,0.0,0.04021394422756544,,RF,D0,
PD,0.8330333764282245,0.015238463763143043,0.0,0.03782604119553687,,RF,D0,
PD,0.9266952888387499,0.018476217688809016,0.0,-0.013180612479581452,,RF,D0,
PD,1.0203572012492752,0.012769421019983771,0.0,-0.038034139799606875,,RF,D0,
PD,1.1140191136598006,0.011351517147768105,0.0,-0.027863814451438623,,RF,D0,
PD,1.2076810260703263,0.007549864722836197,0.0,-0.03721433993270411,,RF,D0,
PD,1.3013429384808517,0.004380384653383189,0.0,0.0027876034317461315,,RF,D0,
PD,1.395004850891377,0.00807204925975517,0.0,0.14545257895699715,,RF,D0,
PD,1.4886667633019024,0.03162711807369377,0.0,0.199185663939423,,RF,D0,
PD,1.5823286757124277,0.04538426967840832,0.0,0.08471484480359437,,RF,D0,
PD,1.6759905881229535,0.047496226821424764,0.0,0.019877536014212493,,RF,D0,
PD,1.769652500533479,0.0491078057526088,0.0,0.047506117229583256,,RF,D0,
PD,1.8633144129440042,0.056395254403267515,0.0,0.049969529344389585,,RF,D0,
PD,1.9569763253545296,0.05846828911390759,0.0,0.05706632850504828,,RF,D0,
PD,2.0506382377650554,0.06708513732732777,0.0,0.05646723489256339,,RF,D0,
PD,2.1443001501755807,0.06904594753105131,0.0,0.02093497936631067,,RF,D0,
ALE,-1.4035666193721,-0.0028186377015447205,0.0,,,RF,D0,0.056074766355140186
ALE,-1.0896921330333391,0.023205544386869024,0.0,,,RF,D0,0.049399198931909215
ALE,-0.8665866525832169,0.0012036207924985623,0.0,,,RF,D0,0.06408544726301736
ALE,-0.6306986036219172,-0.03228984025494873,0.0,,,RF,D0,0.0801068090787717
ALE,-0.40017488342594454,-0.0390184273155495,0.0,,,RF,D0,0.09746328437917223
ALE,-0.19641432852667068,-0.022022839313405096,0.0,,,RF,D0,0.07476635514018691
ALE,0.011800582748868568,-0.01172681113659597,0.0,,,RF,D0,0.09479305740987984
ALE,0.2486089599554013,-0.0011776275046469602,0.0,,,RF,D0,0.1041388518024032
ALE,0.5363494589395748,0.00964861484554616,0.0,,,RF,D0,0.10947930574098798
ALE,0.8645239747841558,0.012583319337370343,0.0,,,RF,D0,0.11081441922563418
ALE,1.2290778946216232,0.021211413256585716,0.0,,,RF,D0,0.07610146862483311
ALE,1.7838101595816842,0.05001329858213522,0.0,,,RF,D0,0.08277703604806408
PD,-1.6021763462454373,-0.013283765538528815,0.0,0.003368232623591046,,GPR,D0,
PD,-1.508514433834912,-0.012968290429559756,0.0,0.003405006943660735,,GPR,D0,
PD,-1.4148525214243863,-0.012645926614300048,0.0,0.0034616858497730635,,GPR,D0,
PD,-1.321190609013861,-0.012319834195851358,0.0,0.0034959943114058617,,GPR,D0,
PD,-1.2275286966033354,-0.011991043588334867,0.0,0.003532107387246207,,GPR,D0,
PD,-1.13386678419281,-0.01165818633039371,0.0,0.003596762026690757,,GPR,D0,
PD,-1.0402048717822847,-0.01131728436852404,0.0,0.0037169109783761617,,GPR,D0,
PD,-0.9465429593717591,-0.010961920349404932,0.0,0.003913196016962404,,GPR,D0,
PD,-0.8528810469612337,-0.010584249523352138,0.0,0.004194619596016677,,GPR,D0,
PD,-0.7592191345507082,-0.010176168163009756,0.0,0.004561691828725012,,GPR,D0,
PD,-0.6655572221401828,-0.009729735962340435,0.0,0.00501087419786668,,GPR,D0,
PD,-0.5718953097296573,-0.009237512042568254,0.0,0.005534312874794299,,GPR,D0,
PD,-0.47823339731913195,-0.008693027306877581,0.0,0.0061186018303391945,,GPR,D0,
PD,-0.3845714849086064,-0.008091352145152032,0.0,0.006743854774670495,,GPR,D0,
PD,-0.290909572498081,-0.007429742636448598,0.0,0.007383731755164623,,GPR,D0,
PD,-0.19724766008755545,-0.0067082032713219435,0.0,0.008008703838865566,,GPR,D0,
PD,-0.1035857476770301,-0.005929521601493267,0.0,0.008593652451475225,,GPR,D0,
PD,-0.009923835266504755,-0.005098407424928805,0.0,0.009123419421098927,,GPR,D0,
PD,0.08373807714402082,-0.004220487780086357,0.0,0.009591934805406165,,GPR,D0,
PD,0.17739998955454617,-0.0033016095097459595,0.0,0.009999627618293695,,GPR,D0,
PD,0.27106190196507174,-0.002347319287841366,0.0,0.010351872065007274,,GPR,D0,
PD,0.3647238143755971,-0.0013624572404706062,0.0,0.010657737834309493,,GPR,D0,
PD,0.45838572678612266,-0.0003508710727784872,0.0,0.01092859602118624,,GPR,D0,
PD,0.552047639196648,0.0006847291661421194,0.0,0.011176355503593513,,GPR,D0,
PD,0.6457095516071734,0.00174272658771445,0.0,0.01141153371455982,,GPR,D0,
PD,0.7393714640176987,0.0028223813086278374,0.0,0.011642060859495467,,GPR,D0,
PD,0.8330333764282245,0.0039235619567145955,0.0,0.0118734269467938,,GPR,D0,
PD,0.9266952888387499,0.005046557058034588,0.0,0.012108970437571635,,GPR,D0,
PD,1.0203572012492752,0.0061918606137255465,0.0,0.012348736276890662,,GPR,D0,
PD,1.1140191136598006,0.0073597695691282085,0.0,0.012588135627084149,,GPR,D0,
PD,1.2076810260703263,0.00854991832675709,0.0,0.012819219436014787,,GPR,D0,
PD,1.3013429384808517,0.009761114785102856,0.0,0.013033682137645976,,GPR,D0,
PD,1.395004850891377,0.010991437516282742,0.0,0.013223553793279899,,GPR,D0,
PD,1.4886667633019024,0.01223820145938696,0.0,0.013380017644399271,,GPR,D0,
PD,1.5823286757124277,0.013497833597604758,0.0,0.013494743929989728,,GPR,D0,
PD,1.6759905881229535,0.0147660885073333,0.0,0.0135623690796461,,GPR,D0,
PD,1.769652500533479,0.016038388447238823,0.0,0.013580317871933811,,GPR,D0,
PD,1.8633144129440042,0.017310005593389615,0.0,0.013547638105181753,,GPR,D0,
PD,1.9569763253545296,0.01857618383439288,0.0,0.013464758291054951,,GPR,D0,
PD,2.0506382377650554,0.01983227561676099,0.0,0.013333587475960099,,GPR,D0,
PD,2.1443001501755807,0.021073882438975792,0.0,0.01325626169976939,,GPR,D0,
ALE,-1.4035666193721,-0.006718448654274823,0.0,,,GPR,D0,0.056074766355140186
ALE,-1.0896921330333391,-0.00645544678074667,0.0,,,GPR,D0,0.049399198931909215
ALE,-0.8665866525832169,-0.005605928141515731,0.0,,,GPR,D0,0.06408544726301736
ALE,-0.6306986036219172,-0.005582927309952329,0.0,,,GPR,D0,0.0801068090787717
ALE,-0.40017488342594454,-0.005512713043703021,0.0,,,GPR,D0,0.09746328437917223
ALE,-0.19641432852667068,-0.0052766209321592015,0.0,,,GPR,D0,0.07476635514018691
ALE,0.011800582748868568,-0.0031060498350281387,0.0,,,GPR,D0,0.09479305740987984
ALE,0.2486089599554013,-0.0003640772150010135,0.0,,,GPR,D0,0.1041388518024032
ALE,0.5363494589395748,0.0018534248731128721,0.0,,,GPR,D0,0.10947930574098798
ALE,0.8645239747841558,0.00481966888858235,0.0,,,GPR,D0,0.11081441922563418
ALE,1.2290778946216232,0.009499149132742486,0.0,,,GPR,D0,0.07610146862483311
ALE,1.7838101595816842,0.015781743407926853,0.0,,,GPR,D0,0.08277703604806408
PD,-1.6021763462454373,-0.00787842368284642,0.0,0.09696218541443755,,MERF,D0,
PD,-1.508514433834912,0.0012032400345737488,0.0,0.12151421508517377,,MERF,D0,
PD,-1.4148525214243863,0.014884083857036184,0.0,0.17719539332265133,,MERF,D0,
PD,-1.321190609013861,0.03439615885244329,0.0,0.12720922256766334,,MERF,D0,
PD,-1.2275286966033354,0.03871340198092319,0.0,-0.00030820841344336714,,MERF,D0,
PD,-1.13386678419281,0.034338424073595074,0.0,-0.04868221541492099,,MERF,D0,
PD,-1.0402048717822847,0.02959406318863788,0.0,-0.06157693229108324,,MERF,D0,
PD,-0.9465429593717591,0.022803597596082477,0.0,-0.0758827179114119,,MERF,D0,
PD,-0.8528810469612337,0.015379422231655317,0.0,-0.12602731315111335,,MERF,D0,
PD,-0.7592191345507082,-0.0008043207353044075,0.0,-0.1920574992185985,,MERF,D0,
PD,-0.6655572221401828,-0.020597523107538554,0.0,-0.15340256390580273,,MERF,D0,
PD,-0.5718953097296573,-0.02954027574349507,0.0,-0.0718102890748391,,MERF,D0,
PD,-0.47823339731913195,-0.03404930111854274,0.0,-0.06187238143811266,,MERF,D0,
PD,-0.3845714849086064,-0.04113044688526933,0.0,0.023458027956916705,,MERF,D0,
PD,-0.290909572498081,-0.02965505359889401,0.0,0.07024816133276757,,MERF,D0,
PD,-0.19724766008755545,-0.02797129261776908,0.0,0.04829045691245455,,MERF,D0,
PD,-0.1035857476770301,-0.020609100507696883,0.0,0.052067535231127574,,MERF,D0,
PD,-0.009923835266504755,-0.018217802769269452,0.0,0.018567383043176455,,MERF,D0,
PD,0.08373807714402082,-0.017130987299131546,0.0,-0.055562331169341034,,MERF,D0,
PD,0.17739998955454617,-0.028625951159884283,0.0,-0.1307804095042412,,MERF,D0,
PD,0.27106190196507174,-0.04162927381912933,0.0,0.0658593589946579,,MERF,D0,
PD,0.3647238143755971,-0.016288924132742376,0.0,0.17967490166932892,,MERF,D0,
PD,0.45838572678612266,-0.007971884014084444,0.0,0.06120581028472876,,MERF,D0,
PD,0.552047639196648,-0.004823617648935358,0.0,-0.023373109657300523,,MERF,D0,
PD,0.6457095516071734,-0.012350224313051817,0.0,-0.01583058963637383,,MERF,D0,
PD,0.7393714640176987,-0.007789064248793391,0.0,0.0709513642533748,,MERF,D0,
PD,0.8330333764282245,0.000940656615161975,0.0,0.05475962936378174,,MERF,D0,
PD,0.9266952888387499,0.002468718969413382,0.0,-0.029905365683102453,,MERF,D0,
PD,1.0203572012492752,-0.004661330867268971,0.0,-0.0821944535027081,,MERF,D0,
PD,1.1140191136598006,-0.012928260439789906,0.0,-0.06122377521407169,,MERF,D0,
PD,1.2076810260703263,-0.016130002610353127,0.0,0.004280410084201117,,MERF,D0,
PD,1.3013429384808517,-0.012126437651014791,0.0,0.026718567325313004,,MERF,D0,
PD,1.395004850891377,-0.011124978385236742,0.0,0.07220416100925059,,MERF,D0,
PD,1.4886667633019024,0.001399121957233006,0.0,0.1582735697525183,,MERF,D0,
PD,1.5823286757124277,0.018523432068886347,0.0,0.1408696412092705,,MERF,D0,
PD,1.6759905881229535,0.027787361949722686,0.0,0.08012971407321112,,MERF,D0,
PD,1.769652500533479,0.03353363659089748,0.0,0.038028005269166026,,MERF,D0,
PD,1.8633144129440042,0.03491091334705793,0.0,0.014696898624966287,,MERF,D0,
PD,1.9569763253545296,0.03628671585433341,0.0,0.013137709938398273,,MERF,D0,
PD,2.0506382377650554,0.037371919422108234,0.0,0.01715154447127218,,MERF,D0,
PD,2.1443001501755807,0.03949960876628046,0.0,0.022716697635282602,,MERF,D0,
ALE,-1.4035666193721,0.022290359127505464,0.0,,,MERF,D0,0.056074766355140186
ALE,-1.0896921330333391,0.03824034029575476,0.0,,,MERF,D0,0.049399198931909215
ALE,-0.8665866525832169,0.0204980768121601,0.0,,,MERF,D0,0.06408544726301736
ALE,-0.6306986036219172,-0.005212818876430744,0.0,,,MERF,D0,0.0801068090787717
ALE,-0.40017488342594454,-0.016844531367877873,0.0,,,MERF,D0,0.09746328437917223
ALE,-0.19641432852667068,-0.012631932620560204,0.0,,,MERF,D0,0.07476635514018691
ALE,0.011800582748868568,-0.009391848608806127,0.0,,,MERF,D0,0.09479305740987984
ALE,0.2486089599554013,-0.006110149402906201,0.0,,,MERF,D0,0.1041388518024032
ALE,0.5363494589395748,-0.006774979901693544,0.0,,,MERF,D0,0.10947930574098798
ALE,0.8645239747841558,-0.006272180867176382,0.0,,,MERF,D0,0.11081441922563418
ALE,1.2290778946216232,-0.003071587589427941,0.0,,,MERF,D0,0.07610146862483311
ALE,1.7838101595816842,0.021120089501198105,0.0,,,MERF,D0,0.08277703604806408
PD,-1.6903732544516872,0.0,-1.0197322478370883,0.0,,Mean,D1,
PD,-1.6053955671319298,0.0,-0.9687456354452343,0.0,,Mean,D1,
PD,-1.5204178798121724,0.0,-0.9177590230533798,0.0,,Mean,D1,
PD,-1.4354401924924152,0.0,-0.8667724106615254,0.0,,Mean,D1,
PD,-1.3504625051726578,0.0,-0.8157857982696709,0.0,,Mean,D1,
PD,-1.2654848178529003,0.0,-0.7647991858778164,0.0,,Mean,D1,
PD,-1.180507130533143,0.0,-0.7138125734859619,0.0,,Mean,D1,
PD,-1.0955294432133855,0.0,-0.6628259610941076,0.0,,Mean,D1,
PD,-1.0105517558936281,0.0,-0.6118393487022532,0.0,,Mean,D1,
PD,-0.9255740685738707,0.0,-0.5608527363103987,0.0,,Mean,D1,
PD,-0.8405963812541133,0.0,-0.5098661239185444,0.0,,Mean,D1,
PD,-0.755618693934356,0.0,-0.4588795115266898,0.0,,Mean,D1,
PD,-0.6706410066145987,0.0,-0.4078928991348354,0.0,,Mean,D1,
PD,-0.5856633192948413,0.0,-0.356906286742981,0.0,,Mean,D1,
PD,-0.5006856319750839,0.0,-0.30591967435112655,0.0,,Mean,D1,
PD,-0.41570794465532646,0.0,-0.2549330619592722,0.0,,Mean,D1,
PD,-0.33073025733556904,0.0,-0.20394644956741767,0.0,,Mean,D1,
PD,-0.24575257001581163,0.0,-0.15295983717556325,0.0,,Mean,D1,
PD,-0.16077488269605422,0.0,-0.1019732247837088,0.0,,Mean,D1,
PD,-0.07579719537629681,0.0,-0.05098661239185436,0.0,,Mean,D1,
PD,0.0091804919434606,0.0,9.194034422677078e-17,0.0,,Mean,D1,
PD,0.09415817926321779,0.0,0.05098661239185441,0.0,,Mean,D1,
PD,0.1791358665829752,0.0,0.10197322478370888,0.0,,Mean,D1,
PD,0.2641135539027326,0.0,0.1529598371755633,0.0,,Mean,D1,
PD,0.3490912412224898,0.0,0.2039464495674176,0.0,,Mean,D1,
PD,0.4340689285422472,0.0,0.25493306195927207,0.0,,Mean,D1,
PD,0.5190466158620046,0.0,0.30591967435112644,0.0,,Mean,D1,
PD,0.604024303181762,0.0,0.35690628674298097,0.0,,Mean,D1,
PD,0.6890019905015194,0.0,0.4078928991348354,0.0,,Mean,D1,
PD,0.7739796778212769,0.0,0.4588795115266899,0.0,,Mean,D1,
PD,0.8589573651410343,0.0,0.5098661239185444,0.0,,Mean,D1,
PD,0.9439350524607917,0.0,0.5608527363103987,0.0,,Mean,D1,
PD,1.028912739780549,0.0,0.6118393487022531,0.0,,Mean,D1,
PD,1.1138904271003065,0.0,0.6628259610941074,0.0,,Mean,D1,
PD,1.198868114420064,0.0,0.7138125734859619,0.0,,Mean,D1,
PD,1.2838458017398213,0.0,0.7647991858778164,0.0,,Mean,D1,
PD,1.3688234890595787,0.0,0.8157857982696709,0.0,,Mean,D1,
PD,1.4538011763793361,0.0,0.8667724106615253,0.0,,Mean,D1,
PD,1.5387788636990936,0.0,0.9177590230533798,0.0,,Mean,D1,
PD,1.623756551018851,0.0,0.9687456354452343,0.0,,Mean,D1,
PD,1.7087342383386082,0.0,1.0197322478370883,0.0,,Mean,D1,
ALE,-1.5010526853467074,0.0,-0.9091927125820787,,,Mean,D1,0.061711079943899017
ALE,-1.1210730957416137,0.0,-0.6812049588190225,,,Mean,D1,0.0729312762973352
ALE,-0.8162237414423663,0.0,-0.49829534623947414,,,Mean,D1,0.07713884992987377
ALE,-0.6005501687032594,0.0,-0.3688912025960098,,,Mean,D1,0.0785413744740533
ALE,-0.38049556194248213,0.0,-0.23685843853954347,,,Mean,D1,0.08555399719495091
ALE,-0.13807651230975637,0.0,-0.09140700875990804,,,Mean,D1,0.10659186535764376
ALE,0.09626515581660143,0.0,0.049197992115906475,,,Mean,D1,0.10659186535764376
ALE,0.27233442194394486,0.0,0.15483955179231246,,,Mean,D1,0.06030855539971949
ALE,0.4035320051190162,0.0,0.23355810169735536,,,Mean,D1,0.04908835904628331
ALE,0.57089533200242,0.0,0.3339760978273978,,,Mean,D1,0.0729312762973352
ALE,0.8771788031120624,0.0,0.5177461804931831,,,Mean,D1,0.11781206171107994
ALE,1.3952277445195365,0.0,0.8285755453376675,,,Mean,D1,0.11079943899018233
PD,-1.6903732544516872,-0.8892657975522996,-1.0197322478370883,0.5232348782369978,,LMM,D1,
PD,-1.6053955671319298,-0.8448025076746847,-0.9687456354452343,0.5232348782369991,,LMM,D1,
PD,-1.5204178798121724,-0.8003392177970695,-0.9177590230533798,0.5232348782369991,,LMM,D1,
PD,-1.4354401924924152,-0.7558759279194547,-0.8667724106615254,0.5232348782369982,,LMM,D1,
PD,-1.3504625051726578,-0.7114126380418396,-0.8157857982696709,0.5232348782369987,,LMM,D1,
PD,-1.2654848178529003,-0.6669493481642247,-0.7647991858778164,0.5232348782369978,,LMM,D1,
PD,-1.180507130533143,-0.6224860582866097,-0.7138125734859619,0.5232348782369987,,LMM,D1,
PD,-1.0955294432133855,-0.5780227684089947,-0.6628259610941076,0.5232348782369982,,LMM,D1,
PD,-1.0105517558936281,-0.5335594785313797,-0.6118393487022532,0.5232348782369973,,LMM,D1,
PD,-0.9255740685738707,-0.48909618865376486,-0.5608527363103987,0.5232348782369982,,LMM,D1,
PD,-0.8405963812541133,-0.4446328987761498,-0.5098661239185444,0.5232348782369982,,LMM,D1,
PD,-0.755618693934356,-0.40016960889853487,-0.4588795115266898,0.5232348782369987,,LMM,D1,
PD,-0.6706410066145987,-0.3557063190209199,-0.4078928991348354,0.5232348782369989,,LMM,D1,
PD,-0.5856633192948413,-0.31124302914330493,-0.356906286742981,0.5232348782369982,,LMM,D1,
PD,-0.5006856319750839,-0.26677973926569,-0.30591967435112655,0.5232348782369984,,LMM,D1,
PD,-0.41570794465532646,-0.22231644938807493,-0.2549330619592722,0.5232348782369989,,LMM,D1,
PD,-0.33073025733556904,-0.17785315951045993,-0.20394644956741767,0.5232348782369985,,LMM,D1,
PD,-0.24575257001581163,-0.13338986963284494,-0.15295983717556325,0.5232348782369984,,LMM,D1,
PD,-0.16077488269605422,-0.08892657975522995,-0.1019732247837088,0.5232348782369984,,LMM,D1,
PD,-0.07579719537629681,-0.044463289877614956,-0.05098661239185436,0.5232348782369984,,LMM,D1,
PD,0.0091804919434606,4.163336342344337e-17,9.194034422677078e-17,0.5232348782369984,,LMM,D1,
PD,0.09415817926321779,0.04446328987761493,0.05098661239185441,0.5232348782369984,,LMM,D1,
PD,0.1791358665829752,0.08892657975522993,0.10197322478370888,0.5232348782369982,,LMM,D1,
PD,0.2641135539027326,0.13338986963284488,0.1529598371755633,0.5232348782369981,,LMM,D1,
PD,0.3490912412224898,0.17785315951045977,0.2039464495674176,0.5232348782369985,,LMM,D1,
PD,0.4340689285422472,0.22231644938807477,0.25493306195927207,0.5232348782369987,,LMM,D1,
PD,0.5190466158620046,0.2667797392656898,0.30591967435112644,0.5232348782369984,,LMM,D1,
PD,0.604024303181762,0.31124302914330476,0.35690628674298097,0.5232348782369984,,LMM,D1,
PD,0.6890019905015194,0.3557063190209198,0.4078928991348354,0.5232348782369987,,LMM,D1,
PD,0.7739796778212769,0.40016960889853476,0.4588795115266899,0.5232348782369978,,LMM,D1,
PD,0.8589573651410343,0.4446328987761497,0.5098661239185444,0.5232348782369991,,LMM,D1,
PD,0.9439350524607917,0.48909618865376486,0.5608527363103987,0.5232348782369995,,LMM,D1,
PD,1.028912739780549,0.5335594785313799,0.6118393487022531,0.5232348782369982,,LMM,D1,
PD,1.1138904271003065,0.5780227684089948,0.6628259610941074,0.5232348782369978,,LMM,D1,
PD,1.198868114420064,0.6224860582866097,0.7138125734859619,0.5232348782369991,,LMM,D1,
PD,1.2838458017398213,0.6669493481642249,0.7647991858778164,0.5232348782369995,,LMM,D1,
PD,1.3688234890595787,0.7114126380418399,0.8157857982696709,0.5232348782369973,,LMM,D1,
PD,1.4538011763793361,0.7558759279194548,0.8667724106615253,0.5232348782369982,,LMM,D1,
PD,1.5387788636990936,0.8003392177970698,0.9177590230533798,0.5232348782369991,,LMM,D1,
PD,1.623756551018851,0.8448025076746848,0.9687456354452343,0.5232348782369973,,LMM,D1,
PD,1.7087342383386082,0.8892657975522996,1.0197322478370883,0.5232348782369979,,LMM,D1,
ALE,-1.5010526853467074,-0.7928688971030838,-0.9091927125820787,,,LMM,D1,0.061711079943899017
ALE,-1.1210730957416137,-0.5940503228035181,-0.6812049588190225,,,LMM,D1,0.0729312762973352
ALE,-0.8162237414423663,-0.43454250802612376,-0.49829534623947414,,,LMM,D1,0.07713884992987377
ALE,-0.6005501687032594,-0.32169457245503874,-0.3688912025960098,,,LMM,D1,0.0785413744740533
ALE,-0.38049556194248213,-0.2065543270810729,-0.23685843853954347,,,LMM,D1,0.08555399719495091
ALE,-0.13807651230975637,-0.07971222516416465,-0.09140700875990804,,,LMM,D1,0.10659186535764376
ALE,0.09626515581660143,0.04290350902378526,0.049197992115906475,,,LMM,D1,0.10659186535764376
ALE,0.27233442194394486,0.13502909004720343,0.15483955179231246,,,LMM,D1,0.06030855539971949
ALE,0.4035320051190162,0.20367624150480046,0.23355810169735536,,,LMM,D1,0.04908835904628331
ALE,0.57089533200242,0.2912465714679774,0.3339760978273978,,,LMM,D1,0.0729312762973352
ALE,0.8771788031120624,0.4515047661800361,0.5177461804931831,,,LMM,D1,0.11781206171107994
ALE,1.3952277445195365,0.7225660409581819,0.8285755453376675,,,LMM,D1,0.11079943899018233
PD,-1.6903732544516872,-0.4027871014648792,-1.0197322478370883,0.011242279069259937,,GAM,D1,
PD,-1.6053955671319298,-0.4018317585893702,-0.9687456354452343,0.02037435348744987,,GAM,D1,
PD,-1.5204178798121724,-0.3993243705848818,-0.9177590230533798,0.03920196348224447,,GAM,D1,
PD,-1.4354401924924152,-0.3951691741991409,-0.8667724106615254,0.05890458064316162,,GAM,D1,
PD,-1.3504625051726578,-0.3893132205136898,-0.8157857982696709,0.07920400100306546,,GAM,D1,
PD,-1.2654848178529003,-0.3817080285357164,-0.7647991858778164,0.10007393574552514,,GAM,D1,
PD,-1.180507130533143,-0.3723051172724083,-0.7138125734859619,0.12151438487054245,,GAM,D1,
PD,-1.0955294432133855,-0.3610560057309532,-0.6628259610941076,0.1435253483781147,,GAM,D1,
PD,-1.0105517558936281,-0.3479122129185389,-0.6118393487022532,0.16610682626824347,,GAM,D1,
PD,-0.9255740685738707,-0.33282525784235306,-0.5608527363103987,0.18925881854092919,,GAM,D1,
PD,-0.8405963812541133,-0.31574665950958336,-0.5098661239185444,0.21298132519617075,,GAM,D1,
PD,-0.755618693934356,-0.2966279369274175,-0.4588795115266898,0.23727434623396926,,GAM,D1,
PD,-0.6706410066145987,-0.2754206091030432,-0.4078928991348354,0.2620452796386161,,GAM,D1,
PD,-0.5856633192948413,-0.25209193325392015,-0.356906286742981,0.2866288823014289,,GAM,D1,
PD,-0.5006856319750839,-0.22670649002899845,-0.30591967435112655,0.31023387024473803,,GAM,D1,
PD,-0.41570794465532646,-0.19936601961060907,-0.2549330619592722,0.3326406627872689,,GAM,D1,
PD,-0.33073025733556904,-0.17017242156465165,-0.20394644956741767,0.35368985166756306,,GAM,D1,
PD,-0.24575257001581163,-0.13925452836425395,-0.15295983717556325,0.3728396081762936,,GAM,D1,
PD,-0.16077488269605422,-0.10680632627659978,-0.1019732247837088,0.38964974817152925,,GAM,D1,
PD,-0.07579719537629681,-0.0730314594355691,-0.05098661239185436,0.4040218240286095,,GAM,D1,
PD,0.0091804919434606,-0.038140645811277324,9.194034422677078e-17,0.4156176039039565,,GAM,D1,
PD,0.09415817926321779,-0.002395013857294792,0.05098661239185441,0.4240117218807241,,GAM,D1,
PD,0.1791358665829752,0.033922425232506825,0.10197322478370888,0.4290748993136457,,GAM,D1,
PD,0.2641135539027326,0.07052857140396795,0.1529598371755633,0.43080661335789755,,GAM,D1,
PD,0.3490912412224898,0.10714032460292883,0.2039464495674176,0.42920686401347974,,GAM,D1,
PD,0.4340689285422472,0.1434745847752301,0.25493306195927207,0.42427565128039335,,GAM,D1,
PD,0.5190466158620046,0.17924825186671223,0.30591967435112644,0.4160129751586369,,GAM,D1,
PD,0.604024303181762,0.21417822582321538,0.35690628674298097,0.4044188356482106,,GAM,D1,
PD,0.6890019905015194,0.2479814065905802,0.4078928991348354,0.3894932327491154,,GAM,D1,
PD,0.7739796778212769,0.28037469411464705,0.4588795115266899,0.37125239966991064,,GAM,D1,
PD,0.8589573651410343,0.31107774726229875,0.5098661239185444,0.35000841821021345,,GAM,D1,
PD,0.9439350524607917,0.33986050595854783,0.5608527363103987,0.32631542065631036,,GAM,D1,
PD,1.028912739780549,0.36653680683059287,0.6118393487022531,0.30044036748005554,,GAM,D1,
PD,1.1138904271003065,0.3909219611704542,0.6628259610941074,0.2723919354580744,,GAM,D1,
PD,1.198868114420064,0.4128312802701524,0.7138125734859619,0.2421701265523657,,GAM,D1,
PD,1.2838458017398213,0.4320800757551602,0.7647991858778164,0.2099224931156578,,GAM,D1,
PD,1.3688234890595787,0.44850873623288506,0.8157857982696709,0.17635176945374242,,GAM,D1,
PD,1.4538011763793361,0.4620520068010124,0.8667724106615253,0.1424956841862226,,GAM,D1,
PD,1.5387788636990936,0.4727266436232685,0.9177590230533798,0.109371150336802,,GAM,D1,
PD,1.623756551018851,0.48064022163125825,0.9687456354452343,0.07755669895359762,,GAM,D1,
PD,1.7087342383386082,0.48590782144973127,1.0197322478370883,0.06198803456078893,,GAM,D1,
ALE,-1.5010526853467074,-0.38398212822971667,-0.9091927125820787,,,GAM,D1,0.061711079943899017
ALE,-1.1210730957416137,-0.34945736880159906,-0.6812049588190225,,,GAM,D1,0.0729312762973352
ALE,-0.8162237414423663,-0.2981746138919755,-0.49829534623947414,,,GAM,D1,0.07713884992987377
ALE,-0.6005501687032594,-0.24440764057282957,-0.3688912025960098,,,GAM,D1,0.0785413744740533
ALE,-0.38049556194248213,-0.17528820088846608,-0.23685843853954347,,,GAM,D1,0.08555399719495091
ALE,-0.13807651230975637,-0.08611114959251703,-0.09140700875990804,,,GAM,D1,0.10659186535764376
ALE,0.09626515581660143,0.00942200774761609,0.049197992115906475,,,GAM,D1,0.10659186535764376
ALE,0.27233442194394486,0.08451308838197913,0.15483955179231246,,,GAM,D1,0.06030855539971949
ALE,0.4035320051190162,0.14077558132747808,0.23355810169735536,,,GAM,D1,0.04908835904628331
ALE,0.57089533200242,0.2103953704907709,0.3339760978273978,,,GAM,D1,0.0729312762973352
ALE,0.8771788031120624,0.3222169280750384,0.5177461804931831,,,GAM,D1,0.11781206171107994
ALE,1.3952277445195365,0.44438473569147524,0.8285755453376675,,,GAM,D1,0.11079943899018233
PD,-1.6903732544516872,-0.7012495249461752,-1.0197322478370883,0.9740429558743554,,RF,D1,
PD,-1.6053955671319298,-0.618477607205872,-0.9687456354452343,0.6082265963381928,,RF,D1,
PD,-1.5204178798121724,-0.5978781458998007,-0.9177590230533798,0.18382159932449627,,RF,D1,
PD,-1.4354401924924152,-0.5872361384258424,-0.8667724106615254,0.4953201978062718,,RF,D1,
PD,-1.3504625051726578,-0.513695816115117,-0.8157857982696709,0.7679067111542071,,RF,D1,
PD,-1.2654848178529003,-0.45672626564343144,-0.7647991858778164,0.4783707781361568,,RF,D1,
PD,-1.180507130533143,-0.4323941313003903,-0.7138125734859619,0.18125065176160993,,RF,D1,
PD,-1.0955294432133855,-0.4259217432196308,-0.6628259610941076,0.07062315381101891,,RF,D1,
PD,-1.0105517558936281,-0.4203913467362145,-0.6118393487022532,0.05965147420303252,,RF,D1,
PD,-0.9255740685738707,-0.41578365457365507,-0.5608527363103987,0.06674948581933338,,RF,D1,
PD,-0.8405963812541133,-0.40904691286679473,-0.5098661239185444,0.04756737229602992,,RF,D1,
PD,-0.755618693934356,-0.40769932399446596,-0.4588795115266898,0.2709530508881679,,RF,D1,
PD,-0.6706410066145987,-0.36299698559337673,-0.4078928991348354,0.3116276543517218,,RF,D1,
PD,-0.5856633192948413,-0.35473652925108595,-0.356906286742981,0.03493335137989817,,RF,D1,
PD,-0.5006856319750839,-0.35705987477219236,-0.30591967435112655,-0.003968749216419543,,RF,D1,
PD,-0.41570794465532646,-0.3554110395110128,-0.2549330619592722,0.03956409366952007,,RF,D1,
PD,-0.33073025733556904,-0.35033574441031623,-0.20394644956741767,0.15637769481643415,,RF,D1,
PD,-0.24575257001581163,-0.3288338098032221,-0.15295983717556325,0.15097147289001844,,RF,D1,
PD,-0.16077488269605422,-0.32467733117541375,-0.1019732247837088,0.3494664089708426,,RF,D1,
PD,-0.07579719537629681,-0.2694401153426566,-0.05098661239185436,0.7233713617722306,,RF,D1,
PD,0.0091804919434606,-0.20173648038191833,9.194034422677078e-17,1.2960777396206051,,RF,D1,
PD,0.09415817926321779,-0.049164737543501646,0.05098661239185441,0.9662000288830901,,RF,D1,
PD,0.1791358665829752,-0.037525592496383285,0.10197322478370888,0.4783036129541782,,RF,D1,
PD,0.2641135539027326,0.032125532187559216,0.1529598371755633,0.7542049905160542,,RF,D1,
PD,0.3490912412224898,0.09065559922176429,0.2039464495674176,0.9488161987180012,,RF,D1,
PD,0.4340689285422472,0.19338194470471737,0.25493306195927207,0.734761059876798,,RF,D1,
PD,0.5190466158620046,0.21553219042365246,0.30591967435112644,0.10632335003390714,,RF,D1,
PD,0.604024303181762,0.21145216949265833,0.35690628674298097,-0.018406647083003103,,RF,D1,
PD,0.6890019905015194,0.21240388182280334,0.4078928991348354,0.20181575888785308,,RF,D1,
PD,0.7739796778212769,0.2457518424026014,0.4588795115266899,0.4220170451695533,,RF,D1,
PD,0.8589573651410343,0.28412794683885584,0.5098661239185444,1.5530250389667115,,RF,D1,
PD,0.9439350524607917,0.509696794724736,0.5608527363103987,2.4940263701885517,,RF,D1,
PD,1.028912739780549,0.7080011329450804,0.6118393487022531,1.293448736717608,,RF,D1,
PD,1.1138904271003065,0.7295253593505842,0.6628259610941074,0.20538816624278322,,RF,D1,
PD,1.198868114420064,0.7429079556853956,0.7138125734859619,0.1414962216170288,,RF,D1,
PD,1.2838458017398213,0.753573402705582,0.7647991858778164,0.2222230286704363,,RF,D1,
PD,1.3688234890595787,0.7806759537766071,0.8157857982696709,0.22874729067236732,,RF,D1,
PD,1.4538011763793361,0.7924502341895783,0.8667724106615253,0.25820537289226486,,RF,D1,
PD,1.5387788636990936,0.8245593446604477,0.9177590230533798,0.19941905628786838,,RF,D1,
PD,1.623756551018851,0.8263425746112414,0.9687456354452343,0.004093114475685944,,RF,D1,
PD,1.7087342383386082,0.8252549914646055,1.0197322478370883,-0.012798455464474228,,RF,D1,
ALE,-1.5010526853467074,-0.5571934719391984,-0.9091927125820787,,,RF,D1,0.061711079943899017
ALE,-1.1210730957416137,-0.40622713291909696,-0.6812049588190225,,,RF,D1,0.0729312762973352
ALE,-0.8162237414423663,-0.3538913297243806,-0.49829534623947414,,,RF,D1,0.07713884992987377
ALE,-0.6005501687032594,-0.3220364324768524,-0.3688912025960098,,,RF,D1,0.0785413744740533
ALE,-0.38049556194248213,-0.3092615293014855,-0.23685843853954347,,,RF,D1,0.08555399719495091
ALE,-0.13807651230975637,-0.2355163231655214,-0.09140700875990804,,,RF,D1,0.10659186535764376
ALE,0.09626515581660143,-0.07134015432205498,0.049197992115906475,,,RF,D1,0.10659186535764376
ALE,0.27233442194394486,0.06083161166890194,0.15483955179231246,,,RF,D1,0.06030855539971949
ALE,0.4035320051190162,0.16224363830373323,0.23355810169735536,,,RF,D1,0.04908835904628331
ALE,0.57089533200242,0.23199812652477103,0.3339760978273978,,,RF,D1,0.0729312762973352
ALE,0.8771788031120624,0.49110905012744066,0.5177461804931831,,,RF,D1,0.11781206171107994
ALE,1.3952277445195365,0.8064947237306626,0.8285755453376675,,,RF,D1,0.11079943899018233
PD,-1.6903732544516872,-0.6778762287530189,-1.0197322478370883,0.3018624639732738,,GPR,D1,
PD,-1.6053955671319298,-0.6522246546759265,-0.9687456354452343,0.30122483676068157,,GPR,D1,
PD,-1.5204178798121724,-0.6266814487706306,-0.9177590230533798,0.3000001184139518,,GPR,D1,
PD,-1.4354401924924152,-0.6012380221589846,-0.8667724106615254,0.2990703209654715,,GPR,D1,
PD,-1.3504625051726578,-0.5758528403273839,-0.8157857982696709,0.29879663390052347,,GPR,D1,
PD,-1.2654848178529003,-0.5504559283033952,-0.7647991858778164,0.29954762728059325,,GPR,D1,
PD,-1.180507130533143,-0.5249431111105329,-0.7138125734859619,0.3018128514096392,,GPR,D1,
PD,-1.0955294432133855,-0.4991612120710497,-0.6628259610941076,0.3061851306729362,,GPR,D1,
PD,-1.0105517558936281,-0.47290530251796525,-0.6118393487022532,0.3131757417939198,,GPR,D1,
PD,-0.9255740685738707,-0.4459353115464561,-0.5608527363103987,0.32308872025082547,,GPR,D1,
PD,-0.8405963812541133,-0.41799463802593484,-0.5098661239185444,0.3360270794295812,,GPR,D1,
PD,-0.755618693934356,-0.38882570337297956,-0.4588795115266898,0.35189125090718365,,GPR,D1,
PD,-0.6706410066145987,-0.35818882864563706,-0.4078928991348354,0.3703489762560752,,GPR,D1,
PD,-0.5856633192948413,-0.32588290436601763,-0.356906286742981,0.39094882901482064,,GPR,D1,
PD,-0.5006856319750839,-0.2917449739455436,-0.30591967435112655,0.4131638895908243,,GPR,D1,
PD,-0.41570794465532646,-0.25566348072309,-0.2549330619592722,0.436211525738915,,GPR,D1,
PD,-0.33073025733556904,-0.21760848066651195,-0.20394644956741767,0.4590762878763335,,GPR,D1,
PD,-0.24575257001581163,-0.17764099822894996,-0.15295983717556325,0.4807225189498614,,GPR,D1,
PD,-0.16077488269605422,-0.135907104860737,-0.1019732247837088,0.5002052871558267,,GPR,D1,
PD,-0.07579719537629681,-0.09262842125371533,-0.05098661239185436,0.5167160131287354,,GPR,D1,
PD,0.0091804919434606,-0.04808844126720632,9.194034422677078e-17,0.5297853837997785,,GPR,D1,
PD,0.09415817926321779,-0.0025885478714849364,0.05098661239185441,0.539365572722989,,GPR,D1,
PD,0.1791358665829752,0.04357963671258564,0.10197322478370888,0.5456085509855758,,GPR,D1,
PD,0.2641135539027326,0.09014055781779143,0.1529598371755633,0.5487071195308435,,GPR,D1,
PD,0.3490912412224898,0.1368353607798191,0.2039464495674176,0.548950950336149,,GPR,D1,
PD,0.4340689285422472,0.1834377222408892,0.25493306195927207,0.5468473301333963,,GPR,D1,
PD,0.5190466158620046,0.22977500364325887,0.30591967435112644,0.5430107995272639,,GPR,D1,
PD,0.604024303181762,0.27572532610784783,0.35690628674298097,0.5378739199506861,,GPR,D1,
PD,0.6890019905015194,0.32118956721730213,0.4078928991348354,0.5315195215126172,,GPR,D1,
PD,0.7739796778212769,0.3660599255147403,0.4588795115266899,0.523774252594355,,GPR,D1,
PD,0.8589573651410343,0.4102078165435076,0.5098661239185444,0.5144403246438678,,GPR,D1,
PD,0.9439350524607917,0.45349182361926255,0.5608527363103987,0.5034450761423761,,GPR,D1,
PD,1.028912739780549,0.49577101306970417,0.6118393487022531,0.49083346895570523,,GPR,D1,
PD,1.1138904271003065,0.5369116097212421,0.6628259610941074,0.4767388400364485,,GPR,D1,
PD,1.198868114420064,0.5767953412333066,0.7138125734859619,0.4613995581330266,,GPR,D1,
PD,1.2838458017398213,0.6153289444822472,0.7647991858778164,0.4451453347407912,,GPR,D1,
PD,1.3688234890595787,0.6524501833682099,0.8157857982696709,0.42837102065340327,,GPR,D1,
PD,1.4538011763793361,0.6881329017821077,0.8667724106615253,0.4114574158566868,,GPR,D1,
PD,1.5387788636990936,0.7223795826283398,0.9177590230533798,0.3946400970776782,,GPR,D1,
PD,1.623756551018851,0.755204107328719,0.9687456354452343,0.37798496905548884,,GPR,D1,
PD,1.7087342383386082,0.7866201596522708,1.0197322478370883,0.3696976619914159,,GPR,D1,
ALE,-1.5010526853467074,-0.6177032968976988,-0.9091927125820787,,,GPR,D1,0.061711079943899017
ALE,-1.1210730957416137,-0.5016122080810452,-0.6812049588190225,,,GPR,D1,0.0729312762973352
ALE,-0.8162237414423663,-0.4082716312621269,-0.49829534623947414,,,GPR,D1,0.07713884992987377
ALE,-0.6005501687032594,-0.32916741402182204,-0.3688912025960098,,,GPR,D1,0.0785413744740533
ALE,-0.38049556194248213,-0.23611450925724936,-0.23685843853954347,,,GPR,D1,0.08555399719495091
ALE,-0.13807651230975637,-0.1181265541300961,-0.09140700875990804,,,GPR,D1,0.10659186535764376
ALE,0.09626515581660143,0.008907141234672178,0.049197992115906475,,,GPR,D1,0.10659186535764376
ALE,0.27233442194394486,0.10821665864642815,0.15483955179231246,,,GPR,D1,0.06030855539971949
ALE,0.4035320051190162,0.18220392897836113,0.23355810169735536,,,GPR,D1,0.04908835904628331
ALE,0.57089533200242,0.27074513649321064,0.3339760978273978,,,GPR,D1,0.0729312762973352
ALE,0.8771788031120624,0.4390412987892225,0.5177461804931831,,,GPR,D1,0.11781206171107994
ALE,1.3952277445195365,0.6945074076090614,0.8285755453376675,,,GPR,D1,0.11079943899018233
PD,-1.6903732544516872,-0.6499821889407609,-1.0197322478370883,1.0180000786329888,,MERF,D1,
PD,-1.6053955671319298,-0.5634748965671983,-0.9687456354452343,0.6739823156520663,,MERF,D1,
PD,-1.5204178798121724,-0.5354352719837062,-0.9177590230533798,0.20497087309345474,,MERF,D1,
PD,-1.4354401924924152,-0.5286389950404118,-0.8667724106615254,0.3598991999318235,,MERF,D1,
PD,-1.3504625051726578,-0.47426846862683136,-0.8157857982696709,0.6038062944221201,,MERF,D1,
PD,-1.2654848178529003,-0.4260188700622032,-0.7647991858778164,0.4678984783467537,,MERF,D1,
PD,-1.180507130533143,-0.39474660744615,-0.7138125734859619,0.24883085102016622,,MERF,D1,
PD,-1.0955294432133855,-0.38372872955520154,-0.6628259610941076,0.10512446430358002,,MERF,D1,
PD,-1.0105517558936281,-0.3768801397316567,-0.6118393487022532,0.057056980361060994,,MERF,D1,
PD,-0.9255740685738707,-0.37403158908213796,-0.5608527363103987,0.10068851878070584,,MERF,D1,
PD,-0.8405963812541133,-0.35976758480038407,-0.5098661239185444,0.10364473128625917,,MERF,D1,
PD,-0.755618693934356,-0.3564166099469699,-0.4588795115266898,0.14142756946539792,,MERF,D1,
PD,-0.6706410066145987,-0.3357312092475364,-0.4078928991348354,0.1494201299170994,,MERF,D1,
PD,-0.5856633192948413,-0.3310218557882243,-0.356906286742981,0.013363120834178677,,MERF,D1,
PD,-0.5006856319750839,-0.33346007503981046,-0.30591967435112655,0.03181480763180988,,MERF,D1,
PD,-0.41570794465532646,-0.32561475823807595,-0.2549330619592722,0.15987409715027212,,MERF,D1,
PD,-0.33073025733556904,-0.30628861296348175,-0.20394644956741767,0.311197272994457,,MERF,D1,
PD,-0.24575257001581163,-0.27272510911950765,-0.15295983717556325,0.25444498223101264,,MERF,D1,
PD,-0.16077488269605422,-0.26304432068326533,-0.1019732247837088,0.46985491646468724,,MERF,D1,
PD,-0.07579719537629681,-0.19287074076553376,-0.05098661239185436,0.7479939319120131,,MERF,D1,
PD,0.0091804919434606,-0.1359187317570754,9.194034422677078e-17,1.1190778078696701,,MERF,D1,
PD,0.09415817926321779,-0.002677452678277459,0.05098661239185441,0.802083044206464,,MERF,D1,
PD,0.1791358665829752,0.00039959251303624266,0.10197322478370888,0.33152106537128284,,MERF,D1,
PD,0.2641135539027326,0.05366633418779,0.1529598371755633,0.7263120158078229,,MERF,D1,
PD,0.3490912412224898,0.12384022326483579,0.2039464495674176,0.950384857359493,,MERF,D1,
PD,0.4340689285422472,0.21518934867204434,0.25493306195927207,0.6316623970739077,,MERF,D1,
PD,0.5190466158620046,0.23119464260522574,0.30591967435112644,0.06118437109917374,,MERF,D1,
PD,0.604024303181762,0.22558796138428752,0.35690628674298097,-0.016669212944230072,,MERF,D1,
PD,0.6890019905015194,0.22836162027434329,0.4078928991348354,0.1132517731678131,,MERF,D1,
PD,0.7739796778212769,0.24483570892161252,0.4588795115266899,0.37679115128098983,,MERF,D1,
PD,0.8589573651410343,0.292399301551158,0.5098661239185444,1.0298196087415785,,MERF,D1,
PD,0.9439350524607917,0.4198590863364061,0.5608527363103987,1.2539786442181027,,MERF,D1,
PD,1.028912739780549,0.5055197118191965,0.6118393487022531,1.2077287319782388,,MERF,D1,
PD,1.1138904271003065,0.6251190754426739,0.6628259610941074,0.7836766710744354,,MERF,D1,
PD,1.198868114420064,0.6387097740479,0.7138125734859619,0.12802353925311438,,MERF,D1,
PD,1.2838458017398213,0.6468773640191136,0.7647991858778164,0.17101416919827672,,MERF,D1,
PD,1.3688234890595787,0.6677745512426585,0.8157857982696709,0.18486184902219716,,MERF,D1,
PD,1.4538011763793361,0.6782956288262345,0.8667724106615253,0.22248425426681795,,MERF,D1,
PD,1.5387788636990936,0.7055869460279687,0.9177590230533798,0.1917472168307537,,MERF,D1,
PD,1.623756551018851,0.7108840988987895,0.9687456354452343,0.01797473017629514,,MERF,D1,
PD,1.7087342383386082,0.7086418480291252,1.0197322478370883,-0.026386348468475096,,MERF,D1,
ALE,-1.5010526853467074,-0.5303076404854392,-0.9091927125820787,,,MERF,D1,0.061711079943899017
ALE,-1.1210730957416137,-0.38381404935285596,-0.6812049588190225,,,MERF,D1,0.0729312762973352
ALE,-0.8162237414423663,-0.3280073554744044,-0.49829534623947414,,,MERF,D1,0.07713884992987377
ALE,-0.6005501687032594,-0.306185349244755,-0.3688912025960098,,,MERF,D1,0.0785413744740533
ALE,-0.38049556194248213,-0.2814645737175505,-0.23685843853954347,,,MERF,D1,0.08555399719495091
ALE,-0.13807651230975637,-0.18727569936979183,-0.09140700875990804,,,MERF,D1,0.10659186535764376
ALE,0.09626515581660143,-0.03746131926893992,0.049197992115906475,,,MERF,D1,0.10659186535764376
ALE,0.27233442194394486,0.07639524375383899,0.15483955179231246,,,MERF,D1,0.06030855539971949
ALE,0.4035320051190162,0.17472547479912293,0.23355810169735536,,,MERF,D1,0.04908835904628331
ALE,0.57089533200242,0.2421946374019538,0.3339760978273978,,,MERF,D1,0.0729312762973352
ALE,0.8771788031120624,0.43418978211682946,0.5177461804931831,,,MERF,D1,0.11781206171107994
ALE,1.3952277445195365,0.6868551054141891,0.8285755453376675,,,MERF,D1,0.11079943899018233
PD,-1.5701782239715651,0.0,-1.2286599626816004,0.0,,Mean,D10,
PD,-1.4854939633461959,0.0,-1.1672269645475204,0.0,,Mean,D10,
PD,-1.4008097027208266,0.0,-1.1057939664134404,0.0,,Mean,D10,
PD,-1.3161254420954576,0.0,-1.0443609682793604,0.0,,Mean,D10,
PD,-1.2314411814700883,0.0,-0.9829279701452804,0.0,,Mean,D10,
PD,-1.146756920844719,0.0,-0.9214949720112002,0.0,,Mean,D10,
PD,-1.06207266021935,0.0,-0.8600619738771205,0.0,,Mean,D10,
PD,-0.9773883995939807,0.0,-0.7986289757430403,0.0,,Mean,D10,
PD,-0.8927041389686114,0.0,-0.7371959776089603,0.0,,Mean,D10,
PD,-0.8080198783432422,0.0,-0.6757629794748803,0.0,,Mean,D10,
PD,-0.723335617717873,0.0,-0.6143299813408003,0.0,,Mean,D10,
PD,-0.6386513570925039,0.0,-0.5528969832067203,0.0,,Mean,D10,
PD,-0.5539670964671346,0.0,-0.4914639850726402,0.0,,Mean,D10,
PD,-0.46928283584176533,0.0,-0.4300309869385601,0.0,,Mean,D10,
PD,-0.3845985752163963,0.0,-0.36859798880448025,0.0,,Mean,D10,
PD,-0.299914314591027,0.0,-0.30716499067040015,0.0,,Mean,D10,
PD,-0.21523005396565775,0.0,-0.2457319925363201,0.0,,Mean,D10,
PD,-0.13054579334028849,0.0,-0.18429899440224007,0.0,,Mean,D10,
PD,-0.04586153271491922,0.0,-0.12286599626815999,0.0,,Mean,D10,
PD,0.03882272791044983,0.0,-0.06143299813408008,0.0,,Mean,D10,
PD,0.1235069885358191,0.0,-1.3877787807814457e-17,0.0,,Mean,D10,
PD,0.20819124916118836,0.0,0.06143299813408004,0.0,,Mean,D10,
PD,0.2928755097865574,0.0,0.12286599626815994,0.0,,Mean,D10,
PD,0.3775597704119267,0.0,0.18429899440224,0.0,,Mean,D10,
PD,0.46224403103729594,0.0,0.2457319925363201,0.0,,Mean,D10,
PD,0.546928291662665,0.0,0.3071649906704,0.0,,Mean,D10,
PD,0.6316125522880345,0.0,0.36859798880448025,0.0,,Mean,D10,
PD,0.7162968129134035,0.0,0.43003098693856007,0.0,,Mean,D10,
PD,0.8009810735387726,0.0,0.49146398507264005,0.0,,Mean,D10,
PD,0.8856653341641421,0.0,0.5528969832067203,0.0,,Mean,D10,
PD,0.9703495947895111,0.0,0.6143299813408001,0.0,,Mean,D10,
PD,1.0550338554148806,0.0,0.6757629794748805,0.0,,Mean,D10,
PD,1.1397181160402496,0.0,0.7371959776089603,0.0,,Mean,D10,
PD,1.2244023766656187,0.0,0.7986289757430403,0.0,,Mean,D10,
PD,1.3090866372909882,0.0,0.8600619738771205,0.0,,Mean,D10,
PD,1.3937708979163572,0.0,0.9214949720112002,0.0,,Mean,D10,
PD,1.4784551585417267,0.0,0.9829279701452804,0.0,,Mean,D10,
PD,1.5631394191670958,0.0,1.0443609682793606,0.0,,Mean,D10,
PD,1.6478236797924648,0.0,1.1057939664134404,0.0,,Mean,D10,
PD,1.7325079404178343,0.0,1.1672269645475206,0.0,,Mean,D10,
PD,1.8171922010432033,0.0,1.2286599626816004,0.0,,Mean,D10,
ALE,-1.3764038791144122,0.0,-1.0333121250429878,,,Mean,D10,0.07142857142857142
ALE,-0.9908888510806432,0.0,-0.7675359777101876,,,Mean,D10,0.10851648351648352
ALE,-0.6705025139292288,0.0,-0.5431828794474486,,,Mean,D10,0.08791208791208792
ALE,-0.43731759958216443,0.0,-0.3735171864731026,,,Mean,D10,0.06868131868131869
ALE,-0.23699437615071484,0.0,-0.22402237406534897,,,Mean,D10,0.07692307692307693
ALE,-0.06917261440317247,0.0,-0.10052552440459395,,,Mean,D10,0.050824175824175824
ALE,0.07945952765539052,0.0,0.008318011241508216,,,Mean,D10,0.0673076923076923
ALE,0.2874027494947953,0.0,0.16319298085768996,,,Mean,D10,0.10302197802197802
ALE,0.5552615178811682,0.0,0.34899230791103886,,,Mean,D10,0.12225274725274725
ALE,0.8154172889283255,0.0,0.5282887501059248,,,Mean,D10,0.061813186813186816
ALE,1.0876203605970085,0.0,0.7261017322079029,,,Mean,D10,0.08928571428571429
ALE,1.5266848760894551,0.0,1.0357441169065393,,,Mean,D10,0.09203296703296704
modifier_slice,-1.5701782239715651,0.0,-1.0162111275044305,,-0.5,Mean,D10,
modifier_slice,-1.4854939633461959,0.0,-0.965400571129209,,-0.5,Mean,D10,
modifier_slice,-1.4008097027208266,0.0,-0.9145900147539877,,-0.5,Mean,D10,
modifier_slice,-1.3161254420954576,0.0,-0.8637794583787661,,-0.5,Mean,D10,
modifier_slice,-1.2314411814700883,0.0,-0.8129689020035444,,-0.5,Mean,D10,
modifier_slice,-1.146756920844719,0.0,-0.762158345628323,,-0.5,Mean,D10,
modifier_slice,-1.06207266021935,0.0,-0.7113477892531015,,-0.5,Mean,D10,
modifier_slice,-0.9773883995939807,0.0,-0.6605372328778799,,-0.5,Mean,D10,
modifier_slice,-0.8927041389686114,0.0,-0.6097266765026583,,-0.5,Mean,D10,
modifier_slice,-0.8080198783432422,0.0,-0.5589161201274369,,-0.5,Mean,D10,
modifier_slice,-0.723335617717873,0.0,-0.5081055637522153,,-0.5,Mean,D10,
modifier_slice,-0.6386513570925039,0.0,-0.45729500737699386,,-0.5,Mean,D10,
modifier_slice,-0.5539670964671346,0.0,-0.4064844510017722,,-0.5,Mean,D10,
modifier_slice,-0.46928283584176533,0.0,-0.35567389462655064,,-0.5,Mean,D10,
modifier_slice,-0.3845985752163963,0.0,-0.3048633382513293,,-0.5,Mean,D10,
modifier_slice,-0.299914314591027,0.0,-0.2540527818761077,,-0.5,Mean,D10,
modifier_slice,-0.21523005396565775,0.0,-0.20324222550088616,,-0.5,Mean,D10,
modifier_slice,-0.13054579334028849,0.0,-0.15243166912566458,,-0.5,Mean,D10,
modifier_slice,-0.04586153271491922,0.0,-0.10162111275044301,,-0.5,Mean,D10,
modifier_slice,0.03882272791044983,0.0,-0.05081055637522159,,-0.5,Mean,D10,
modifier_slice,0.1235069885358191,0.0,-2.7755575615628914e-17,,-0.5,Mean,D10,
modifier_slice,0.20819124916118836,0.0,0.05081055637522153,,-0.5,Mean,D10,
modifier_slice,0.2928755097865574,0.0,0.10162111275044293,,-0.5,Mean,D10,
modifier_slice,0.3775597704119267,0.0,0.15243166912566453,,-0.5,Mean,D10,
modifier_slice,0.46224403103729594,0.0,0.2032422255008861,,-0.5,Mean,D10,
modifier_slice,0.546928291662665,0.0,0.2540527818761075,,-0.5,Mean,D10,
modifier_slice,0.6316125522880345,0.0,0.3048633382513292,,-0.5,Mean,D10,
modifier_slice,0.7162968129134035,0.0,0.3556738946265506,,-0.5,Mean,D10,
modifier_slice,0.8009810735387726,0.0,0.4064844510017721,,-0.5,Mean,D10,
modifier_slice,0.8856653341641421,0.0,0.45729500737699375,,-0.5,Mean,D10,
modifier_slice,0.9703495947895111,0.0,0.5081055637522152,,-0.5,Mean,D10,
modifier_slice,1.0550338554148806,0.0,0.5589161201274369,,-0.5,Mean,D10,
modifier_slice,1.1397181160402496,0.0,0.6097266765026583,,-0.5,Mean,D10,
modifier_slice,1.2244023766656187,0.0,0.6605372328778797,,-0.5,Mean,D10,
modifier_slice,1.3090866372909882,0.0,0.7113477892531014,,-0.5,Mean,D10,
modifier_slice,1.3937708979163572,0.0,0.7621583456283227,,-0.5,Mean,D10,
modifier_slice,1.4784551585417267,0.0,0.8129689020035444,,-0.5,Mean,D10,
modifier_slice,1.5631394191670958,0.0,0.8637794583787659,,-0.5,Mean,D10,
modifier_slice,1.6478236797924648,0.0,0.9145900147539875,,-0.5,Mean,D10,
modifier_slice,1.7325079404178343,0.0,0.9654005711292092,,-0.5,Mean,D10,
modifier_slice,1.8171922010432033,0.0,1.0162111275044305,,-0.5,Mean,D10,
modifier_slice,-1.5701782239715651,0.0,-1.4226955785062028,,0.75,Mean,D10,
modifier_slice,-1.4854939633461959,0.0,-1.3515607995808925,,0.75,Mean,D10,
modifier_slice,-1.4008097027208266,0.0,-1.2804260206555822,,0.75,Mean,D10,
modifier_slice,-1.3161254420954576,0.0,-1.2092912417302724,,0.75,Mean,D10,
modifier_slice,-1.2314411814700883,0.0,-1.138156462804962,,0.75,Mean,D10,
modifier_slice,-1.146756920844719,0.0,-1.067021683879652,,0.75,Mean,D10,
modifier_slice,-1.06207266021935,0.0,-0.995886904954342,,0.75,Mean,D10,
modifier_slice,-0.9773883995939807,0.0,-0.9247521260290316,,0.75,Mean,D10,
modifier_slice,-0.8927041389686114,0.0,-0.8536173471037215,,0.75,Mean,D10,
modifier_slice,-0.8080198783432422,0.0,-0.7824825681784113,,0.75,Mean,D10,
modifier_slice,-0.723335617717873,0.0,-0.7113477892531012,,0.75,Mean,D10,
modifier_slice,-0.6386513570925039,0.0,-0.6402130103277912,,0.75,Mean,D10,
modifier_slice,-0.5539670964671346,0.0,-0.569078231402481,,0.75,Mean,D10,
modifier_slice,-0.46928283584176533,0.0,-0.49794345247717076,,0.75,Mean,D10,
modifier_slice,-0.3845985752163963,0.0,-0.4268086735518608,,0.75,Mean,D10,
modifier_slice,-0.299914314591027,0.0,-0.35567389462655064,,0.75,Mean,D10,
modifier_slice,-0.21523005396565775,0.0,-0.28453911570124046,,0.75,Mean,D10,
modifier_slice,-0.13054579334028849,0.0,-0.21340433677593032,,0.75,Mean,D10,
modifier_slice,-0.04586153271491922,0.0,-0.14226955785062015,,0.75,Mean,D10,
modifier_slice,0.03882272791044983,0.0,-0.07113477892531014,,0.75,Mean,D10,
modifier_slice,0.1235069885358191,0.0,0.0,,0.75,Mean,D10,
modifier_slice,0.20819124916118836,0.0,0.07113477892531023,,0.75,Mean,D10,
modifier_slice,0.2928755097865574,0.0,0.14226955785062015,,0.75,Mean,D10,
modifier_slice,0.3775597704119267,0.0,0.21340433677593038,,0.75,Mean,D10,
modifier_slice,0.46224403103729594,0.0,0.2845391157012406,,0.75,Mean,D10,
modifier_slice,0.546928291662665,0.0,0.3556738946265505,,0.75,Mean,D10,
modifier_slice,0.6316125522880345,0.0,0.4268086735518609,,0.75,Mean,D10,
modifier_slice,0.7162968129134035,0.0,0.497943452477171,,0.75,Mean,D10,
modifier_slice,0.8009810735387726,0.0,0.5690782314024809,,0.75,Mean,D10,
modifier_slice,0.8856653341641421,0.0,0.6402130103277913,,0.75,Mean,D10,
modifier_slice,0.9703495947895111,0.0,0.7113477892531012,,0.75,Mean,D10,
modifier_slice,1.0550338554148806,0.0,0.7824825681784117,,0.75,Mean,D10,
modifier_slice,1.1397181160402496,0.0,0.8536173471037216,,0.75,Mean,D10,
modifier_slice,1.2244023766656187,0.0,0.9247521260290317,,0.75,Mean,D10,
modifier_slice,1.3090866372909882,0.0,0.995886904954342,,0.75,Mean,D10,
modifier_slice,1.3937708979163572,0.0,1.067021683879652,,0.75,Mean,D10,
modifier_slice,1.4784551585417267,0.0,1.138156462804962,,0.75,Mean,D10,
modifier_slice,1.5631394191670958,0.0,1.2092912417302724,,0.75,Mean,D10,
modifier_slice,1.6478236797924648,0.0,1.280426020655582,,0.75,Mean,D10,
modifier_slice,1.7325079404178343,0.0,1.3515607995808925,,0.75,Mean,D10,
modifier_slice,1.8171922010432033,0.0,1.4226955785062028,,0.75,Mean,D10,
pure_interaction_contrast,-1.5701782239715651,0.0,-0.4064844510017722,,,Mean,D10,
pure_interaction_contrast,-1.4854939633461959,0.0,-0.3861602284516835,,,Mean,D10,
pure_interaction_contrast,-1.4008097027208266,0.0,-0.3658360059015945,,,Mean,D10,
pure_interaction_contrast,-1.3161254420954576,0.0,-0.34551178335150623,,,Mean,D10,
pure_interaction_contrast,-1.2314411814700883,0.0,-0.32518756080141764,,,Mean,D10,
pure_interaction_contrast,-1.146756920844719,0.0,-0.30486333825132905,,,Mean,D10,
pure_interaction_contrast,-1.06207266021935,0.0,-0.28453911570124046,,,Mean,D10,
pure_interaction_contrast,-0.9773883995939807,0.0,-0.26421489315115165,,,Mean,D10,
pure_interaction_contrast,-0.8927041389686114,0.0,-0.24389067060106318,,,Mean,D10,
pure_interaction_contrast,-0.8080198783432422,0.0,-0.22356644805097448,,,Mean,D10,
pure_interaction_contrast,-0.723335617717873,0.0,-0.2032422255008859,,,Mean,D10,
pure_interaction_contrast,-0.6386513570925039,0.0,-0.18291800295079735,,,Mean,D10,
pure_interaction_contrast,-0.5539670964671346,0.0,-0.16259378040070882,,,Mean,D10,
pure_interaction_contrast,-0.46928283584176533,0.0,-0.14226955785062012,,,Mean,D10,
pure_interaction_contrast,-0.3845985752163963,0.0,-0.12194533530053153,,,Mean,D10,
pure_interaction_contrast,-0.299914314591027,0.0,-0.10162111275044294,,,Mean,D10,
pure_interaction_contrast,-0.21523005396565775,0.0,-0.0812968902003543,,,Mean,D10,
pure_interaction_contrast,-0.13054579334028849,0.0,-0.06097266765026574,,,Mean,D10,
pure_interaction_contrast,-0.04586153271491922,0.0,-0.040648445100177136,,,Mean,D10,
pure_interaction_contrast,0.03882272791044983,0.0,-0.020324222550088554,,,Mean,D10,
pure_interaction_contrast,0.1235069885358191,0.0,2.7755575615628914e-17,,,Mean,D10,
pure_interaction_contrast,0.20819124916118836,0.0,0.0203242225500887,,,Mean,D10,
pure_interaction_contrast,0.2928755097865574,0.0,0.04064844510017722,,,Mean,D10,
pure_interaction_contrast,0.3775597704119267,0.0,0.06097266765026585,,,Mean,D10,
pure_interaction_contrast,0.46224403103729594,0.0,0.08129689020035447,,,Mean,D10,
pure_interaction_contrast,0.546928291662665,0.0,0.101621112750443,,,Mean,D10,
pure_interaction_contrast,0.6316125522880345,0.0,0.1219453353005317,,,Mean,D10,
pure_interaction_contrast,0.7162968129134035,0.0,0.1422695578506204,,,Mean,D10,
pure_interaction_contrast,0.8009810735387726,0.0,0.16259378040070882,,,Mean,D10,
pure_interaction_contrast,0.8856653341641421,0.0,0.18291800295079758,,,Mean,D10,
pure_interaction_contrast,0.9703495947895111,0.0,0.203242225500886,,,Mean,D10,
pure_interaction_contrast,1.0550338554148806,0.0,0.2235664480509748,,,Mean,D10,
pure_interaction_contrast,1.1397181160402496,0.0,0.2438906706010633,,,Mean,D10,
pure_interaction_contrast,1.2244023766656187,0.0,0.264214893151152,,,Mean,D10,
pure_interaction_contrast,1.3090866372909882,0.0,0.2845391157012406,,,Mean,D10,
pure_interaction_contrast,1.3937708979163572,0.0,0.3048633382513293,,,Mean,D10,
pure_interaction_contrast,1.4784551585417267,0.0,0.32518756080141764,,,Mean,D10,
pure_interaction_contrast,1.5631394191670958,0.0,0.34551178335150645,,,Mean,D10,
pure_interaction_contrast,1.6478236797924648,0.0,0.3658360059015945,,,Mean,D10,
pure_interaction_contrast,1.7325079404178343,0.0,0.3861602284516833,,,Mean,D10,
pure_interaction_contrast,1.8171922010432033,0.0,0.4064844510017722,,,Mean,D10,
interaction_surface,-1.5701782239715651,0.0,-1.0162111275044305,,-1.0311622379411445,Mean,D10,
interaction_surface,-1.2314411814700883,0.0,-0.8129689020035444,,-1.0311622379411445,Mean,D10,
interaction_surface,-0.8927041389686114,0.0,-0.6097266765026583,,-1.0311622379411445,Mean,D10,
interaction_surface,-0.5539670964671346,0.0,-0.4064844510017722,,-1.0311622379411445,Mean,D10,
interaction_surface,-0.21523005396565775,0.0,-0.20324222550088616,,-1.0311622379411445,Mean,D10,
interaction_surface,0.1235069885358191,0.0,-2.7755575615628914e-17,,-1.0311622379411445,Mean,D10,
interaction_surface,0.46224403103729594,0.0,0.2032422255008861,,-1.0311622379411445,Mean,D10,
interaction_surface,0.8009810735387726,0.0,0.4064844510017721,,-1.0311622379411445,Mean,D10,
interaction_surface,1.1397181160402496,0.0,0.6097266765026583,,-1.0311622379411445,Mean,D10,
interaction_surface,1.4784551585417267,0.0,0.8129689020035444,,-1.0311622379411445,Mean,D10,
interaction_surface,1.8171922010432033,0.0,1.0162111275044305,,-1.0311622379411445,Mean,D10,
interaction_surface,-1.5701782239715651,0.0,-1.0162111275044305,,-0.9618673929075182,Mean,D10,
interaction_surface,-1.2314411814700883,0.0,-0.8129689020035444,,-0.9618673929075182,Mean,D10,
interaction_surface,-0.8927041389686114,0.0,-0.6097266765026583,,-0.9618673929075182,Mean,D10,
interaction_surface,-0.5539670964671346,0.0,-0.4064844510017722,,-0.9618673929075182,Mean,D10,
interaction_surface,-0.21523005396565775,0.0,-0.20324222550088616,,-0.9618673929075182,Mean,D10,
interaction_surface,0.1235069885358191,0.0,-2.7755575615628914e-17,,-0.9618673929075182,Mean,D10,
interaction_surface,0.46224403103729594,0.0,0.2032422255008861,,-0.9618673929075182,Mean,D10,
interaction_surface,0.8009810735387726,0.0,0.4064844510017721,,-0.9618673929075182,Mean,D10,
interaction_surface,1.1397181160402496,0.0,0.6097266765026583,,-0.9618673929075182,Mean,D10,
interaction_surface,1.4784551585417267,0.0,0.8129689020035444,,-0.9618673929075182,Mean,D10,
interaction_surface,1.8171922010432033,0.0,1.0162111275044305,,-0.9618673929075182,Mean,D10,
interaction_surface,-1.5701782239715651,0.0,-1.0162111275044305,,-0.892572547873892,Mean,D10,
interaction_surface,-1.2314411814700883,0.0,-0.8129689020035444,,-0.892572547873892,Mean,D10,
interaction_surface,-0.8927041389686114,0.0,-0.6097266765026583,,-0.892572547873892,Mean,D10,
interaction_surface,-0.5539670964671346,0.0,-0.4064844510017722,,-0.892572547873892,Mean,D10,
interaction_surface,-0.21523005396565775,0.0,-0.20324222550088616,,-0.892572547873892,Mean,D10,
interaction_surface,0.1235069885358191,0.0,-2.7755575615628914e-17,,-0.892572547873892,Mean,D10,
interaction_surface,0.46224403103729594,0.0,0.2032422255008861,,-0.892572547873892,Mean,D10,
interaction_surface,0.8009810735387726,0.0,0.4064844510017721,,-0.892572547873892,Mean,D10,
interaction_surface,1.1397181160402496,0.0,0.6097266765026583,,-0.892572547873892,Mean,D10,
interaction_surface,1.4784551585417267,0.0,0.8129689020035444,,-0.892572547873892,Mean,D10,
interaction_surface,1.8171922010432033,0.0,1.0162111275044305,,-0.892572547873892,Mean,D10,
interaction_surface,-1.5701782239715651,0.0,-1.0162111275044305,,-0.8232777028402658,Mean,D10,
interaction_surface,-1.2314411814700883,0.0,-0.8129689020035444,,-0.8232777028402658,Mean,D10,
interaction_surface,-0.8927041389686114,0.0,-0.6097266765026583,,-0.8232777028402658,Mean,D10,
interaction_surface,-0.5539670964671346,0.0,-0.4064844510017722,,-0.8232777028402658,Mean,D10,
interaction_surface,-0.21523005396565775,0.0,-0.20324222550088616,,-0.8232777028402658,Mean,D10,
interaction_surface,0.1235069885358191,0.0,-2.7755575615628914e-17,,-0.8232777028402658,Mean,D10,
interaction_surface,0.46224403103729594,0.0,0.2032422255008861,,-0.8232777028402658,Mean,D10,
interaction_surface,0.8009810735387726,0.0,0.4064844510017721,,-0.8232777028402658,Mean,D10,
interaction_surface,1.1397181160402496,0.0,0.6097266765026583,,-0.8232777028402658,Mean,D10,
interaction_surface,1.4784551585417267,0.0,0.8129689020035444,,-0.8232777028402658,Mean,D10,
interaction_surface,1.8171922010432033,0.0,1.0162111275044305,,-0.8232777028402658,Mean,D10,
interaction_surface,-1.5701782239715651,0.0,-1.0162111275044305,,-0.7539828578066395,Mean,D10,
interaction_surface,-1.2314411814700883,0.0,-0.8129689020035444,,-0.7539828578066395,Mean,D10,
interaction_surface,-0.8927041389686114,0.0,-0.6097266765026583,,-0.7539828578066395,Mean,D10,
interaction_surface,-0.5539670964671346,0.0,-0.4064844510017722,,-0.7539828578066395,Mean,D10,
interaction_surface,-0.21523005396565775,0.0,-0.20324222550088616,,-0.7539828578066395,Mean,D10,
interaction_surface,0.1235069885358191,0.0,-2.7755575615628914e-17,,-0.7539828578066395,Mean,D10,
interaction_surface,0.46224403103729594,0.0,0.2032422255008861,,-0.7539828578066395,Mean,D10,
interaction_surface,0.8009810735387726,0.0,0.4064844510017721,,-0.7539828578066395,Mean,D10,
interaction_surface,1.1397181160402496,0.0,0.6097266765026583,,-0.7539828578066395,Mean,D10,
interaction_surface,1.4784551585417267,0.0,0.8129689020035444,,-0.7539828578066395,Mean,D10,
interaction_surface,1.8171922010432033,0.0,1.0162111275044305,,-0.7539828578066395,Mean,D10,
interaction_surface,-1.5701782239715651,0.0,-1.0162111275044305,,-0.6846880127730133,Mean,D10,
interaction_surface,-1.2314411814700883,0.0,-0.8129689020035444,,-0.6846880127730133,Mean,D10,
interaction_surface,-0.8927041389686114,0.0,-0.6097266765026583,,-0.6846880127730133,Mean,D10,
interaction_surface,-0.5539670964671346,0.0,-0.4064844510017722,,-0.6846880127730133,Mean,D10,
interaction_surface,-0.21523005396565775,0.0,-0.20324222550088616,,-0.6846880127730133,Mean,D10,
interaction_surface,0.1235069885358191,0.0,-2.7755575615628914e-17,,-0.6846880127730133,Mean,D10,
interaction_surface,0.46224403103729594,0.0,0.2032422255008861,,-0.6846880127730133,Mean,D10,
interaction_surface,0.8009810735387726,0.0,0.4064844510017721,,-0.6846880127730133,Mean,D10,
interaction_surface,1.1397181160402496,0.0,0.6097266765026583,,-0.6846880127730133,Mean,D10,
interaction_surface,1.4784551585417267,0.0,0.8129689020035444,,-0.6846880127730133,Mean,D10,
interaction_surface,1.8171922010432033,0.0,1.0162111275044305,,-0.6846880127730133,Mean,D10,
interaction_surface,-1.5701782239715651,0.0,-1.0162111275044305,,-0.6153931677393871,Mean,D10,
interaction_surface,-1.2314411814700883,0.0,-0.8129689020035444,,-0.6153931677393871,Mean,D10,
interaction_surface,-0.8927041389686114,0.0,-0.6097266765026583,,-0.6153931677393871,Mean,D10,
interaction_surface,-0.5539670964671346,0.0,-0.4064844510017722,,-0.6153931677393871,Mean,D10,
interaction_surface,-0.21523005396565775,0.0,-0.20324222550088616,,-0.6153931677393871,Mean,D10,
interaction_surface,0.1235069885358191,0.0,-2.7755575615628914e-17,,-0.6153931677393871,Mean,D10,
interaction_surface,0.46224403103729594,0.0,0.2032422255008861,,-0.6153931677393871,Mean,D10,
interaction_surface,0.8009810735387726,0.0,0.4064844510017721,,-0.6153931677393871,Mean,D10,
interaction_surface,1.1397181160402496,0.0,0.6097266765026583,,-0.6153931677393871,Mean,D10,
interaction_surface,1.4784551585417267,0.0,0.8129689020035444,,-0.6153931677393871,Mean,D10,
interaction_surface,1.8171922010432033,0.0,1.0162111275044305,,-0.6153931677393871,Mean,D10,
interaction_surface,-1.5701782239715651,0.0,-1.0162111275044305,,-0.5460983227057609,Mean,D10,
interaction_surface,-1.2314411814700883,0.0,-0.8129689020035444,,-0.5460983227057609,Mean,D10,
interaction_surface,-0.8927041389686114,0.0,-0.6097266765026583,,-0.5460983227057609,Mean,D10,
interaction_surface,-0.5539670964671346,0.0,-0.4064844510017722,,-0.5460983227057609,Mean,D10,
interaction_surface,-0.21523005396565775,0.0,-0.20324222550088616,,-0.5460983227057609,Mean,D10,
interaction_surface,0.1235069885358191,0.0,-2.7755575615628914e-17,,-0.5460983227057609,Mean,D10,
interaction_surface,0.46224403103729594,0.0,0.2032422255008861,,-0.5460983227057609,Mean,D10,
interaction_surface,0.8009810735387726,0.0,0.4064844510017721,,-0.5460983227057609,Mean,D10,
interaction_surface,1.1397181160402496,0.0,0.6097266765026583,,-0.5460983227057609,Mean,D10,
interaction_surface,1.4784551585417267,0.0,0.8129689020035444,,-0.5460983227057609,Mean,D10,
interaction_surface,1.8171922010432033,0.0,1.0162111275044305,,-0.5460983227057609,Mean,D10,
interaction_surface,-1.5701782239715651,0.0,-1.0162111275044305,,-0.4768034776721346,Mean,D10,
interaction_surface,-1.2314411814700883,0.0,-0.8129689020035444,,-0.4768034776721346,Mean,D10,
interaction_surface,-0.8927041389686114,0.0,-0.6097266765026583,,-0.4768034776721346,Mean,D10,
interaction_surface,-0.5539670964671346,0.0,-0.4064844510017722,,-0.4768034776721346,Mean,D10,
interaction_surface,-0.21523005396565775,0.0,-0.20324222550088616,,-0.4768034776721346,Mean,D10,
interaction_surface,0.1235069885358191,0.0,-2.7755575615628914e-17,,-0.4768034776721346,Mean,D10,
interaction_surface,0.46224403103729594,0.0,0.2032422255008861,,-0.4768034776721346,Mean,D10,
interaction_surface,0.8009810735387726,0.0,0.4064844510017721,,-0.4768034776721346,Mean,D10,
interaction_surface,1.1397181160402496,0.0,0.6097266765026583,,-0.4768034776721346,Mean,D10,
interaction_surface,1.4784551585417267,0.0,0.8129689020035444,,-0.4768034776721346,Mean,D10,
interaction_surface,1.8171922010432033,0.0,1.0162111275044305,,-0.4768034776721346,Mean,D10,
interaction_surface,-1.5701782239715651,0.0,-1.0162111275044305,,-0.40750863263850834,Mean,D10,
interaction_surface,-1.2314411814700883,0.0,-0.8129689020035444,,-0.40750863263850834,Mean,D10,
interaction_surface,-0.8927041389686114,0.0,-0.6097266765026583,,-0.40750863263850834,Mean,D10,
interaction_surface,-0.5539670964671346,0.0,-0.4064844510017722,,-0.40750863263850834,Mean,D10,
interaction_surface,-0.21523005396565775,0.0,-0.20324222550088616,,-0.40750863263850834,Mean,D10,
interaction_surface,0.1235069885358191,0.0,-2.7755575615628914e-17,,-0.40750863263850834,Mean,D10,
interaction_surface,0.46224403103729594,0.0,0.2032422255008861,,-0.40750863263850834,Mean,D10,
interaction_surface,0.8009810735387726,0.0,0.4064844510017721,,-0.40750863263850834,Mean,D10,
interaction_surface,1.1397181160402496,0.0,0.6097266765026583,,-0.40750863263850834,Mean,D10,
interaction_surface,1.4784551585417267,0.0,0.8129689020035444,,-0.40750863263850834,Mean,D10,
interaction_surface,1.8171922010432033,0.0,1.0162111275044305,,-0.40750863263850834,Mean,D10,
interaction_surface,-1.5701782239715651,0.0,-1.0162111275044305,,-0.3382137876048821,Mean,D10,
interaction_surface,-1.2314411814700883,0.0,-0.8129689020035444,,-0.3382137876048821,Mean,D10,
interaction_surface,-0.8927041389686114,0.0,-0.6097266765026583,,-0.3382137876048821,Mean,D10,
interaction_surface,-0.5539670964671346,0.0,-0.4064844510017722,,-0.3382137876048821,Mean,D10,
interaction_surface,-0.21523005396565775,0.0,-0.20324222550088616,,-0.3382137876048821,Mean,D10,
interaction_surface,0.1235069885358191,0.0,-2.7755575615628914e-17,,-0.3382137876048821,Mean,D10,
interaction_surface,0.46224403103729594,0.0,0.2032422255008861,,-0.3382137876048821,Mean,D10,
interaction_surface,0.8009810735387726,0.0,0.4064844510017721,,-0.3382137876048821,Mean,D10,
interaction_surface,1.1397181160402496,0.0,0.6097266765026583,,-0.3382137876048821,Mean,D10,
interaction_surface,1.4784551585417267,0.0,0.8129689020035444,,-0.3382137876048821,Mean,D10,
interaction_surface,1.8171922010432033,0.0,1.0162111275044305,,-0.3382137876048821,Mean,D10,
interaction_surface,-1.5701782239715651,0.0,-1.0162111275044305,,-0.2689189425712559,Mean,D10,
interaction_surface,-1.2314411814700883,0.0,-0.8129689020035444,,-0.2689189425712559,Mean,D10,
interaction_surface,-0.8927041389686114,0.0,-0.6097266765026583,,-0.2689189425712559,Mean,D10,
interaction_surface,-0.5539670964671346,0.0,-0.4064844510017722,,-0.2689189425712559,Mean,D10,
interaction_surface,-0.21523005396565775,0.0,-0.20324222550088616,,-0.2689189425712559,Mean,D10,
interaction_surface,0.1235069885358191,0.0,-2.7755575615628914e-17,,-0.2689189425712559,Mean,D10,
interaction_surface,0.46224403103729594,0.0,0.2032422255008861,,-0.2689189425712559,Mean,D10,
interaction_surface,0.8009810735387726,0.0,0.4064844510017721,,-0.2689189425712559,Mean,D10,
interaction_surface,1.1397181160402496,0.0,0.6097266765026583,,-0.2689189425712559,Mean,D10,
interaction_surface,1.4784551585417267,0.0,0.8129689020035444,,-0.2689189425712559,Mean,D10,
interaction_surface,1.8171922010432033,0.0,1.0162111275044305,,-0.2689189425712559,Mean,D10,
interaction_surface,-1.5701782239715651,0.0,-1.0162111275044305,,-0.19962409753762966,Mean,D10,
interaction_surface,-1.2314411814700883,0.0,-0.8129689020035444,,-0.19962409753762966,Mean,D10,
interaction_surface,-0.8927041389686114,0.0,-0.6097266765026583,,-0.19962409753762966,Mean,D10,
interaction_surface,-0.5539670964671346,0.0,-0.4064844510017722,,-0.19962409753762966,Mean,D10,
interaction_surface,-0.21523005396565775,0.0,-0.20324222550088616,,-0.19962409753762966,Mean,D10,
interaction_surface,0.1235069885358191,0.0,-2.7755575615628914e-17,,-0.19962409753762966,Mean,D10,
interaction_surface,0.46224403103729594,0.0,0.2032422255008861,,-0.19962409753762966,Mean,D10,
interaction_surface,0.8009810735387726,0.0,0.4064844510017721,,-0.19962409753762966,Mean,D10,
interaction_surface,1.1397181160402496,0.0,0.6097266765026583,,-0.19962409753762966,Mean,D10,
interaction_surface,1.4784551585417267,0.0,0.8129689020035444,,-0.19962409753762966,Mean,D10,
interaction_surface,1.8171922010432033,0.0,1.0162111275044305,,-0.19962409753762966,Mean,D10,
interaction_surface,-1.5701782239715651,0.0,-1.0162111275044305,,-0.1303292525040034,Mean,D10,
interaction_surface,-1.2314411814700883,0.0,-0.8129689020035444,,-0.1303292525040034,Mean,D10,
interaction_surface,-0.8927041389686114,0.0,-0.6097266765026583,,-0.1303292525040034,Mean,D10,
interaction_surface,-0.5539670964671346,0.0,-0.4064844510017722,,-0.1303292525040034,Mean,D10,
interaction_surface,-0.21523005396565775,0.0,-0.20324222550088616,,-0.1303292525040034,Mean,D10,
interaction_surface,0.1235069885358191,0.0,-2.7755575615628914e-17,,-0.1303292525040034,Mean,D10,
interaction_surface,0.46224403103729594,0.0,0.2032422255008861,,-0.1303292525040034,Mean,D10,
interaction_surface,0.8009810735387726,0.0,0.4064844510017721,,-0.1303292525040034,Mean,D10,
interaction_surface,1.1397181160402496,0.0,0.6097266765026583,,-0.1303292525040034,Mean,D10,
interaction_surface,1.4784551585417267,0.0,0.8129689020035444,,-0.1303292525040034,Mean,D10,
interaction_surface,1.8171922010432033,0.0,1.0162111275044305,,-0.1303292525040034,Mean,D10,
interaction_surface,-1.5701782239715651,0.0,-1.0162111275044305,,-0.06103440747037725,Mean,D10,
interaction_surface,-1.2314411814700883,0.0,-0.8129689020035444,,-0.06103440747037725,Mean,D10,
interaction_surface,-0.8927041389686114,0.0,-0.6097266765026583,,-0.06103440747037725,Mean,D10,
interaction_surface,-0.5539670964671346,0.0,-0.4064844510017722,,-0.06103440747037725,Mean,D10,
interaction_surface,-0.21523005396565775,0.0,-0.20324222550088616,,-0.06103440747037725,Mean,D10,
interaction_surface,0.1235069885358191,0.0,-2.7755575615628914e-17,,-0.06103440747037725,Mean,D10,
interaction_surface,0.46224403103729594,0.0,0.2032422255008861,,-0.06103440747037725,Mean,D10,
interaction_surface,0.8009810735387726,0.0,0.4064844510017721,,-0.06103440747037725,Mean,D10,
interaction_surface,1.1397181160402496,0.0,0.6097266765026583,,-0.06103440747037725,Mean,D10,
interaction_surface,1.4784551585417267,0.0,0.8129689020035444,,-0.06103440747037725,Mean,D10,
interaction_surface,1.8171922010432033,0.0,1.0162111275044305,,-0.06103440747037725,Mean,D10,
interaction_surface,-1.5701782239715651,0.0,-1.0162111275044305,,0.008260437563249123,Mean,D10,
interaction_surface,-1.2314411814700883,0.0,-0.8129689020035444,,0.008260437563249123,Mean,D10,
interaction_surface,-0.8927041389686114,0.0,-0.6097266765026583,,0.008260437563249123,Mean,D10,
interaction_surface,-0.5539670964671346,0.0,-0.4064844510017722,,0.008260437563249123,Mean,D10,
interaction_surface,-0.21523005396565775,0.0,-0.20324222550088616,,0.008260437563249123,Mean,D10,
interaction_surface,0.1235069885358191,0.0,-2.7755575615628914e-17,,0.008260437563249123,Mean,D10,
interaction_surface,0.46224403103729594,0.0,0.2032422255008861,,0.008260437563249123,Mean,D10,
interaction_surface,0.8009810735387726,0.0,0.4064844510017721,,0.008260437563249123,Mean,D10,
interaction_surface,1.1397181160402496,0.0,0.6097266765026583,,0.008260437563249123,Mean,D10,
interaction_surface,1.4784551585417267,0.0,0.8129689020035444,,0.008260437563249123,Mean,D10,
interaction_surface,1.8171922010432033,0.0,1.0162111275044305,,0.008260437563249123,Mean,D10,
interaction_surface,-1.5701782239715651,0.0,-1.0162111275044305,,0.07755528259687527,Mean,D10,
interaction_surface,-1.2314411814700883,0.0,-0.8129689020035444,,0.07755528259687527,Mean,D10,
interaction_surface,-0.8927041389686114,0.0,-0.6097266765026583,,0.07755528259687527,Mean,D10,
interaction_surface,-0.5539670964671346,0.0,-0.4064844510017722,,0.07755528259687527,Mean,D10,
interaction_surface,-0.21523005396565775,0.0,-0.20324222550088616,,0.07755528259687527,Mean,D10,
interaction_surface,0.1235069885358191,0.0,-2.7755575615628914e-17,,0.07755528259687527,Mean,D10,
interaction_surface,0.46224403103729594,0.0,0.2032422255008861,,0.07755528259687527,Mean,D10,
interaction_surface,0.8009810735387726,0.0,0.4064844510017721,,0.07755528259687527,Mean,D10,
interaction_surface,1.1397181160402496,0.0,0.6097266765026583,,0.07755528259687527,Mean,D10,
interaction_surface,1.4784551585417267,0.0,0.8129689020035444,,0.07755528259687527,Mean,D10,
interaction_surface,1.8171922010432033,0.0,1.0162111275044305,,0.07755528259687527,Mean,D10,
interaction_surface,-1.5701782239715651,0.0,-1.0162111275044305,,0.14685012763050143,Mean,D10,
interaction_surface,-1.2314411814700883,0.0,-0.8129689020035444,,0.14685012763050143,Mean,D10,
interaction_surface,-0.8927041389686114,0.0,-0.6097266765026583,,0.14685012763050143,Mean,D10,
interaction_surface,-0.5539670964671346,0.0,-0.4064844510017722,,0.14685012763050143,Mean,D10,
interaction_surface,-0.21523005396565775,0.0,-0.20324222550088616,,0.14685012763050143,Mean,D10,
interaction_surface,0.1235069885358191,0.0,-2.7755575615628914e-17,,0.14685012763050143,Mean,D10,
interaction_surface,0.46224403103729594,0.0,0.2032422255008861,,0.14685012763050143,Mean,D10,
interaction_surface,0.8009810735387726,0.0,0.4064844510017721,,0.14685012763050143,Mean,D10,
interaction_surface,1.1397181160402496,0.0,0.6097266765026583,,0.14685012763050143,Mean,D10,
interaction_surface,1.4784551585417267,0.0,0.8129689020035444,,0.14685012763050143,Mean,D10,
interaction_surface,1.8171922010432033,0.0,1.0162111275044305,,0.14685012763050143,Mean,D10,
interaction_surface,-1.5701782239715651,0.0,-1.0162111275044305,,0.2161449726641278,Mean,D10,
interaction_surface,-1.2314411814700883,0.0,-0.8129689020035444,,0.2161449726641278,Mean,D10,
interaction_surface,-0.8927041389686114,0.0,-0.6097266765026583,,0.2161449726641278,Mean,D10,
interaction_surface,-0.5539670964671346,0.0,-0.4064844510017722,,0.2161449726641278,Mean,D10,
interaction_surface,-0.21523005396565775,0.0,-0.20324222550088616,,0.2161449726641278,Mean,D10,
interaction_surface,0.1235069885358191,0.0,-2.7755575615628914e-17,,0.2161449726641278,Mean,D10,
interaction_surface,0.46224403103729594,0.0,0.2032422255008861,,0.2161449726641278,Mean,D10,
interaction_surface,0.8009810735387726,0.0,0.4064844510017721,,0.2161449726641278,Mean,D10,
interaction_surface,1.1397181160402496,0.0,0.6097266765026583,,0.2161449726641278,Mean,D10,
interaction_surface,1.4784551585417267,0.0,0.8129689020035444,,0.2161449726641278,Mean,D10,
interaction_surface,1.8171922010432033,0.0,1.0162111275044305,,0.2161449726641278,Mean,D10,
interaction_surface,-1.5701782239715651,0.0,-1.0450225971853788,,0.28543981769775395,Mean,D10,
interaction_surface,-1.2314411814700883,0.0,-0.8360180777483034,,0.28543981769775395,Mean,D10,
interaction_surface,-0.8927041389686114,0.0,-0.6270135583112275,,0.28543981769775395,Mean,D10,
interaction_surface,-0.5539670964671346,0.0,-0.41800903887415175,,0.28543981769775395,Mean,D10,
interaction_surface,-0.21523005396565775,0.0,-0.20900451943707582,,0.28543981769775395,Mean,D10,
interaction_surface,0.1235069885358191,0.0,0.0,,0.28543981769775395,Mean,D10,
interaction_surface,0.46224403103729594,0.0,0.20900451943707588,,0.28543981769775395,Mean,D10,
interaction_surface,0.8009810735387726,0.0,0.41800903887415164,,0.28543981769775395,Mean,D10,
interaction_surface,1.1397181160402496,0.0,0.6270135583112275,,0.28543981769775395,Mean,D10,
interaction_surface,1.4784551585417267,0.0,0.8360180777483034,,0.28543981769775395,Mean,D10,
interaction_surface,1.8171922010432033,0.0,1.0450225971853793,,0.28543981769775395,Mean,D10,
interaction_surface,-1.5701782239715651,0.0,-1.1013571512668723,,0.3547346627313803,Mean,D10,
interaction_surface,-1.2314411814700883,0.0,-0.8810857210134978,,0.3547346627313803,Mean,D10,
interaction_surface,-0.8927041389686114,0.0,-0.6608142907601232,,0.3547346627313803,Mean,D10,
interaction_surface,-0.5539670964671346,0.0,-0.4405428605067489,,0.3547346627313803,Mean,D10,
interaction_surface,-0.21523005396565775,0.0,-0.22027143025337448,,0.3547346627313803,Mean,D10,
interaction_surface,0.1235069885358191,0.0,-1.3877787807814457e-17,,0.3547346627313803,Mean,D10,
interaction_surface,0.46224403103729594,0.0,0.22027143025337442,,0.3547346627313803,Mean,D10,
interaction_surface,0.8009810735387726,0.0,0.44054286050674885,,0.3547346627313803,Mean,D10,
interaction_surface,1.1397181160402496,0.0,0.6608142907601234,,0.3547346627313803,Mean,D10,
interaction_surface,1.4784551585417267,0.0,0.881085721013498,,0.3547346627313803,Mean,D10,
interaction_surface,1.8171922010432033,0.0,1.1013571512668725,,0.3547346627313803,Mean,D10,
interaction_surface,-1.5701782239715651,0.0,-1.157691705348365,,0.4240295077650065,Mean,D10,
interaction_surface,-1.2314411814700883,0.0,-0.9261533642786922,,0.4240295077650065,Mean,D10,
interaction_surface,-0.8927041389686114,0.0,-0.6946150232090191,,0.4240295077650065,Mean,D10,
interaction_surface,-0.5539670964671346,0.0,-0.463076682139346,,0.4240295077650065,Mean,D10,
interaction_surface,-0.21523005396565775,0.0,-0.23153834106967303,,0.4240295077650065,Mean,D10,
interaction_surface,0.1235069885358191,0.0,2.7755575615628914e-17,,0.4240295077650065,Mean,D10,
interaction_surface,0.46224403103729594,0.0,0.23153834106967308,,0.4240295077650065,Mean,D10,
interaction_surface,0.8009810735387726,0.0,0.4630766821393459,,0.4240295077650065,Mean,D10,
interaction_surface,1.1397181160402496,0.0,0.694615023209019,,0.4240295077650065,Mean,D10,
interaction_surface,1.4784551585417267,0.0,0.9261533642786922,,0.4240295077650065,Mean,D10,
interaction_surface,1.8171922010432033,0.0,1.157691705348365,,0.4240295077650065,Mean,D10,
interaction_surface,-1.5701782239715651,0.0,-1.2140262594298579,,0.4933243527986326,Mean,D10,
interaction_surface,-1.2314411814700883,0.0,-0.9712210075438863,,0.4933243527986326,Mean,D10,
interaction_surface,-0.8927041389686114,0.0,-0.7284157556579148,,0.4933243527986326,Mean,D10,
interaction_surface,-0.5539670964671346,0.0,-0.48561050377194315,,0.4933243527986326,Mean,D10,
interaction_surface,-0.21523005396565775,0.0,-0.24280525188597157,,0.4933243527986326,Mean,D10,
interaction_surface,0.1235069885358191,0.0,1.3877787807814457e-17,,0.4933243527986326,Mean,D10,
interaction_surface,0.46224403103729594,0.0,0.24280525188597155,,0.4933243527986326,Mean,D10,
interaction_surface,0.8009810735387726,0.0,0.4856105037719428,,0.4933243527986326,Mean,D10,
interaction_surface,1.1397181160402496,0.0,0.7284157556579148,,0.4933243527986326,Mean,D10,
interaction_surface,1.4784551585417267,0.0,0.9712210075438865,,0.4933243527986326,Mean,D10,
interaction_surface,1.8171922010432033,0.0,1.2140262594298579,,0.4933243527986326,Mean,D10,
interaction_surface,-1.5701782239715651,0.0,-1.270360813511351,,0.562619197832259,Mean,D10,
interaction_surface,-1.2314411814700883,0.0,-1.016288650809081,,0.562619197832259,Mean,D10,
interaction_surface,-0.8927041389686114,0.0,-0.7622164881068106,,0.562619197832259,Mean,D10,
interaction_surface,-0.5539670964671346,0.0,-0.5081443254045404,,0.562619197832259,Mean,D10,
interaction_surface,-0.21523005396565775,0.0,-0.25407216270227023,,0.562619197832259,Mean,D10,
interaction_surface,0.1235069885358191,0.0,-1.3877787807814457e-17,,0.562619197832259,Mean,D10,
interaction_surface,0.46224403103729594,0.0,0.25407216270227023,,0.562619197832259,Mean,D10,
interaction_surface,0.8009810735387726,0.0,0.5081443254045401,,0.562619197832259,Mean,D10,
interaction_surface,1.1397181160402496,0.0,0.7622164881068104,,0.562619197832259,Mean,D10,
interaction_surface,1.4784551585417267,0.0,1.016288650809081,,0.562619197832259,Mean,D10,
interaction_surface,1.8171922010432033,0.0,1.2703608135113507,,0.562619197832259,Mean,D10,
interaction_surface,-1.5701782239715651,0.0,-1.326695367592844,,0.6319140428658852,Mean,D10,
interaction_surface,-1.2314411814700883,0.0,-1.061356294074275,,0.6319140428658852,Mean,D10,
interaction_surface,-0.8927041389686114,0.0,-0.7960172205557063,,0.6319140428658852,Mean,D10,
interaction_surface,-0.5539670964671346,0.0,-0.5306781470371374,,0.6319140428658852,Mean,D10,
interaction_surface,-0.21523005396565775,0.0,-0.2653390735185688,,0.6319140428658852,Mean,D10,
interaction_surface,0.1235069885358191,0.0,0.0,,0.6319140428658852,Mean,D10,
interaction_surface,0.46224403103729594,0.0,0.2653390735185688,,0.6319140428658852,Mean,D10,
interaction_surface,0.8009810735387726,0.0,0.5306781470371372,,0.6319140428658852,Mean,D10,
interaction_surface,1.1397181160402496,0.0,0.7960172205557063,,0.6319140428658852,Mean,D10,
interaction_surface,1.4784551585417267,0.0,1.0613562940742751,,0.6319140428658852,Mean,D10,
interaction_surface,1.8171922010432033,0.0,1.3266953675928441,,0.6319140428658852,Mean,D10,
interaction_surface,-1.5701782239715651,0.0,-1.3830299216743365,,0.7012088878995113,Mean,D10,
interaction_surface,-1.2314411814700883,0.0,-1.106423937339469,,0.7012088878995113,Mean,D10,
interaction_surface,-0.8927041389686114,0.0,-0.8298179530046019,,0.7012088878995113,Mean,D10,
interaction_surface,-0.5539670964671346,0.0,-0.5532119686697348,,0.7012088878995113,Mean,D10,
interaction_surface,-0.21523005396565775,0.0,-0.27660598433486727,,0.7012088878995113,Mean,D10,
interaction_surface,0.1235069885358191,0.0,0.0,,0.7012088878995113,Mean,D10,
interaction_surface,0.46224403103729594,0.0,0.27660598433486727,,0.7012088878995113,Mean,D10,
interaction_surface,0.8009810735387726,0.0,0.5532119686697345,,0.7012088878995113,Mean,D10,
interaction_surface,1.1397181160402496,0.0,0.8298179530046018,,0.7012088878995113,Mean,D10,
interaction_surface,1.4784551585417267,0.0,1.1064239373394695,,0.7012088878995113,Mean,D10,
interaction_surface,1.8171922010432033,0.0,1.3830299216743365,,0.7012088878995113,Mean,D10,
interaction_surface,-1.5701782239715651,0.0,-1.4393644757558295,,0.7705037329331377,Mean,D10,
interaction_surface,-1.2314411814700883,0.0,-1.1514915806046637,,0.7705037329331377,Mean,D10,
interaction_surface,-0.8927041389686114,0.0,-0.8636186854534978,,0.7705037329331377,Mean,D10,
interaction_surface,-0.5539670964671346,0.0,-0.5757457903023319,,0.7705037329331377,Mean,D10,
interaction_surface,-0.21523005396565775,0.0,-0.287872895151166,,0.7705037329331377,Mean,D10,
interaction_surface,0.1235069885358191,0.0,-1.3877787807814457e-17,,0.7705037329331377,Mean,D10,
interaction_surface,0.46224403103729594,0.0,0.2878728951511659,,0.7705037329331377,Mean,D10,
interaction_surface,0.8009810735387726,0.0,0.5757457903023319,,0.7705037329331377,Mean,D10,
interaction_surface,1.1397181160402496,0.0,0.8636186854534977,,0.7705037329331377,Mean,D10,
interaction_surface,1.4784551585417267,0.0,1.1514915806046642,,0.7705037329331377,Mean,D10,
interaction_surface,1.8171922010432033,0.0,1.43936447575583,,0.7705037329331377,Mean,D10,
interaction_surface,-1.5701782239715651,0.0,-1.495699029837322,,0.8397985779667638,Mean,D10,
interaction_surface,-1.2314411814700883,0.0,-1.196559223869858,,0.8397985779667638,Mean,D10,
interaction_surface,-0.8927041389686114,0.0,-0.8974194179023935,,0.8397985779667638,Mean,D10,
interaction_surface,-0.5539670964671346,0.0,-0.598279611934929,,0.8397985779667638,Mean,D10,
interaction_surface,-0.21523005396565775,0.0,-0.2991398059674645,,0.8397985779667638,Mean,D10,
interaction_surface,0.1235069885358191,0.0,1.3877787807814457e-17,,0.8397985779667638,Mean,D10,
interaction_surface,0.46224403103729594,0.0,0.2991398059674646,,0.8397985779667638,Mean,D10,
interaction_surface,0.8009810735387726,0.0,0.5982796119349288,,0.8397985779667638,Mean,D10,
interaction_surface,1.1397181160402496,0.0,0.8974194179023932,,0.8397985779667638,Mean,D10,
interaction_surface,1.4784551585417267,0.0,1.1965592238698584,,0.8397985779667638,Mean,D10,
interaction_surface,1.8171922010432033,0.0,1.4956990298373225,,0.8397985779667638,Mean,D10,
interaction_surface,-1.5701782239715651,0.0,-1.552033583918815,,0.90909342300039,Mean,D10,
interaction_surface,-1.2314411814700883,0.0,-1.241626867135052,,0.90909342300039,Mean,D10,
interaction_surface,-0.8927041389686114,0.0,-0.9312201503512894,,0.90909342300039,Mean,D10,
interaction_surface,-0.5539670964671346,0.0,-0.620813433567526,,0.90909342300039,Mean,D10,
interaction_surface,-0.21523005396565775,0.0,-0.31040671678376297,,0.90909342300039,Mean,D10,
interaction_surface,0.1235069885358191,0.0,1.3877787807814457e-17,,0.90909342300039,Mean,D10,
interaction_surface,0.46224403103729594,0.0,0.31040671678376314,,0.90909342300039,Mean,D10,
interaction_surface,0.8009810735387726,0.0,0.6208134335675258,,0.90909342300039,Mean,D10,
interaction_surface,1.1397181160402496,0.0,0.9312201503512891,,0.90909342300039,Mean,D10,
interaction_surface,1.4784551585417267,0.0,1.2416268671350525,,0.90909342300039,Mean,D10,
interaction_surface,1.8171922010432033,0.0,1.5520335839188155,,0.90909342300039,Mean,D10,
interaction_surface,-1.5701782239715651,0.0,-1.6083681380003083,,0.9783882680340164,Mean,D10,
interaction_surface,-1.2314411814700883,0.0,-1.2866945104002467,,0.9783882680340164,Mean,D10,
interaction_surface,-0.8927041389686114,0.0,-0.9650208828001848,,0.9783882680340164,Mean,D10,
interaction_surface,-0.5539670964671346,0.0,-0.6433472552001233,,0.9783882680340164,Mean,D10,
interaction_surface,-0.21523005396565775,0.0,-0.3216736276000617,,0.9783882680340164,Mean,D10,
interaction_surface,0.1235069885358191,0.0,-1.3877787807814457e-17,,0.9783882680340164,Mean,D10,
interaction_surface,0.46224403103729594,0.0,0.3216736276000617,,0.9783882680340164,Mean,D10,
interaction_surface,0.8009810735387726,0.0,0.6433472552001231,,0.9783882680340164,Mean,D10,
interaction_surface,1.1397181160402496,0.0,0.965020882800185,,0.9783882680340164,Mean,D10,
interaction_surface,1.4784551585417267,0.0,1.2866945104002467,,0.9783882680340164,Mean,D10,
interaction_surface,1.8171922010432033,0.0,1.608368138000308,,0.9783882680340164,Mean,D10,
interaction_surface,-1.5701782239715651,0.0,-1.6647026920818013,,1.0476831130676427,Mean,D10,
interaction_surface,-1.2314411814700883,0.0,-1.3317621536654407,,1.0476831130676427,Mean,D10,
interaction_surface,-0.8927041389686114,0.0,-0.9988216152490806,,1.0476831130676427,Mean,D10,
interaction_surface,-0.5539670964671346,0.0,-0.6658810768327204,,1.0476831130676427,Mean,D10,
interaction_surface,-0.21523005396565775,0.0,-0.33294053841636023,,1.0476831130676427,Mean,D10,
interaction_surface,0.1235069885358191,0.0,-1.3877787807814457e-17,,1.0476831130676427,Mean,D10,
interaction_surface,0.46224403103729594,0.0,0.3329405384163602,,1.0476831130676427,Mean,D10,
interaction_surface,0.8009810735387726,0.0,0.6658810768327202,,1.0476831130676427,Mean,D10,
interaction_surface,1.1397181160402496,0.0,0.9988216152490805,,1.0476831130676427,Mean,D10,
interaction_surface,1.4784551585417267,0.0,1.331762153665441,,1.0476831130676427,Mean,D10,
interaction_surface,1.8171922010432033,0.0,1.6647026920818013,,1.0476831130676427,Mean,D10,
interaction_surface,-1.5701782239715651,0.0,-1.7210372461632941,,1.1169779581012687,Mean,D10,
interaction_surface,-1.2314411814700883,0.0,-1.3768297969306353,,1.1169779581012687,Mean,D10,
interaction_surface,-0.8927041389686114,0.0,-1.0326223476979763,,1.1169779581012687,Mean,D10,
interaction_surface,-0.5539670964671346,0.0,-0.6884148984653176,,1.1169779581012687,Mean,D10,
interaction_surface,-0.21523005396565775,0.0,-0.3442074492326588,,1.1169779581012687,Mean,D10,
interaction_surface,0.1235069885358191,0.0,0.0,,1.1169779581012687,Mean,D10,
interaction_surface,0.46224403103729594,0.0,0.3442074492326588,,1.1169779581012687,Mean,D10,
interaction_surface,0.8009810735387726,0.0,0.6884148984653174,,1.1169779581012687,Mean,D10,
interaction_surface,1.1397181160402496,0.0,1.0326223476979763,,1.1169779581012687,Mean,D10,
interaction_surface,1.4784551585417267,0.0,1.376829796930635,,1.1169779581012687,Mean,D10,
interaction_surface,1.8171922010432033,0.0,1.7210372461632937,,1.1169779581012687,Mean,D10,
interaction_surface,-1.5701782239715651,0.0,-1.777371800244787,,1.186272803134895,Mean,D10,
interaction_surface,-1.2314411814700883,0.0,-1.4218974401958293,,1.186272803134895,Mean,D10,
interaction_surface,-0.8927041389686114,0.0,-1.0664230801468717,,1.186272803134895,Mean,D10,
interaction_surface,-0.5539670964671346,0.0,-0.7109487200979147,,1.186272803134895,Mean,D10,
interaction_surface,-0.21523005396565775,0.0,-0.3554743600489573,,1.186272803134895,Mean,D10,
interaction_surface,0.1235069885358191,0.0,5.551115123125783e-17,,1.186272803134895,Mean,D10,
interaction_surface,0.46224403103729594,0.0,0.35547436004895727,,1.186272803134895,Mean,D10,
interaction_surface,0.8009810735387726,0.0,0.7109487200979143,,1.186272803134895,Mean,D10,
interaction_surface,1.1397181160402496,0.0,1.0664230801468721,,1.186272803134895,Mean,D10,
interaction_surface,1.4784551585417267,0.0,1.4218974401958293,,1.186272803134895,Mean,D10,
interaction_surface,1.8171922010432033,0.0,1.7773718002447862,,1.186272803134895,Mean,D10,
interaction_surface,-1.5701782239715651,0.0,-1.83370635432628,,1.2555676481685214,Mean,D10,
interaction_surface,-1.2314411814700883,0.0,-1.466965083461024,,1.2555676481685214,Mean,D10,
interaction_surface,-0.8927041389686114,0.0,-1.1002238125957682,,1.2555676481685214,Mean,D10,
interaction_surface,-0.5539670964671346,0.0,-0.733482541730512,,1.2555676481685214,Mean,D10,
interaction_surface,-0.21523005396565775,0.0,-0.36674127086525593,,1.2555676481685214,Mean,D10,
interaction_surface,0.1235069885358191,0.0,5.551115123125783e-17,,1.2555676481685214,Mean,D10,
interaction_surface,0.46224403103729594,0.0,0.3667412708652561,,1.2555676481685214,Mean,D10,
interaction_surface,0.8009810735387726,0.0,0.7334825417305116,,1.2555676481685214,Mean,D10,
interaction_surface,1.1397181160402496,0.0,1.100223812595768,,1.2555676481685214,Mean,D10,
interaction_surface,1.4784551585417267,0.0,1.4669650834610244,,1.2555676481685214,Mean,D10,
interaction_surface,1.8171922010432033,0.0,1.8337063543262797,,1.2555676481685214,Mean,D10,
interaction_surface,-1.5701782239715651,0.0,-1.8900409084077723,,1.3248624932021473,Mean,D10,
interaction_surface,-1.2314411814700883,0.0,-1.5120327267262177,,1.3248624932021473,Mean,D10,
interaction_surface,-0.8927041389686114,0.0,-1.1340245450446633,,1.3248624932021473,Mean,D10,
interaction_surface,-0.5539670964671346,0.0,-0.7560163633631088,,1.3248624932021473,Mean,D10,
interaction_surface,-0.21523005396565775,0.0,-0.3780081816815544,,1.3248624932021473,Mean,D10,
interaction_surface,0.1235069885358191,0.0,2.7755575615628914e-17,,1.3248624932021473,Mean,D10,
interaction_surface,0.46224403103729594,0.0,0.3780081816815545,,1.3248624932021473,Mean,D10,
interaction_surface,0.8009810735387726,0.0,0.7560163633631087,,1.3248624932021473,Mean,D10,
interaction_surface,1.1397181160402496,0.0,1.1340245450446635,,1.3248624932021473,Mean,D10,
interaction_surface,1.4784551585417267,0.0,1.5120327267262184,,1.3248624932021473,Mean,D10,
interaction_surface,1.8171922010432033,0.0,1.890040908407773,,1.3248624932021473,Mean,D10,
interaction_surface,-1.5701782239715651,0.0,-1.9463754624892655,,1.3941573382357737,Mean,D10,
interaction_surface,-1.2314411814700883,0.0,-1.5571003699914125,,1.3941573382357737,Mean,D10,
interaction_surface,-0.8927041389686114,0.0,-1.1678252774935594,,1.3941573382357737,Mean,D10,
interaction_surface,-0.5539670964671346,0.0,-0.7785501849957062,,1.3941573382357737,Mean,D10,
interaction_surface,-0.21523005396565775,0.0,-0.3892750924978531,,1.3941573382357737,Mean,D10,
interaction_surface,0.1235069885358191,0.0,2.7755575615628914e-17,,1.3941573382357737,Mean,D10,
interaction_surface,0.46224403103729594,0.0,0.38927509249785314,,1.3941573382357737,Mean,D10,
interaction_surface,0.8009810735387726,0.0,0.7785501849957059,,1.3941573382357737,Mean,D10,
interaction_surface,1.1397181160402496,0.0,1.1678252774935591,,1.3941573382357737,Mean,D10,
interaction_surface,1.4784551585417267,0.0,1.5571003699914128,,1.3941573382357737,Mean,D10,
interaction_surface,1.8171922010432033,0.0,1.9463754624892657,,1.3941573382357737,Mean,D10,
interaction_surface,-1.5701782239715651,0.0,-2.002710016570758,,1.4634521832694,Mean,D10,
interaction_surface,-1.2314411814700883,0.0,-1.6021680132566065,,1.4634521832694,Mean,D10,
interaction_surface,-0.8927041389686114,0.0,-1.201626009942455,,1.4634521832694,Mean,D10,
interaction_surface,-0.5539670964671346,0.0,-0.8010840066283035,,1.4634521832694,Mean,D10,
interaction_surface,-0.21523005396565775,0.0,-0.4005420033141517,,1.4634521832694,Mean,D10,
interaction_surface,0.1235069885358191,0.0,-5.551115123125783e-17,,1.4634521832694,Mean,D10,
interaction_surface,0.46224403103729594,0.0,0.4005420033141516,,1.4634521832694,Mean,D10,
interaction_surface,0.8009810735387726,0.0,0.8010840066283031,,1.4634521832694,Mean,D10,
interaction_surface,1.1397181160402496,0.0,1.201626009942455,,1.4634521832694,Mean,D10,
interaction_surface,1.4784551585417267,0.0,1.6021680132566072,,1.4634521832694,Mean,D10,
interaction_surface,1.8171922010432033,0.0,2.0027100165707576,,1.4634521832694,Mean,D10,
interaction_surface,-1.5701782239715651,0.0,-2.059044570652251,,1.532747028303026,Mean,D10,
interaction_surface,-1.2314411814700883,0.0,-1.647235656521801,,1.532747028303026,Mean,D10,
interaction_surface,-0.8927041389686114,0.0,-1.2354267423913505,,1.532747028303026,Mean,D10,
interaction_surface,-0.5539670964671346,0.0,-0.8236178282609006,,1.532747028303026,Mean,D10,
interaction_surface,-0.21523005396565775,0.0,-0.4118089141304503,,1.532747028303026,Mean,D10,
interaction_surface,0.1235069885358191,0.0,0.0,,1.532747028303026,Mean,D10,
interaction_surface,0.46224403103729594,0.0,0.4118089141304503,,1.532747028303026,Mean,D10,
interaction_surface,0.8009810735387726,0.0,0.8236178282609004,,1.532747028303026,Mean,D10,
interaction_surface,1.1397181160402496,0.0,1.2354267423913508,,1.532747028303026,Mean,D10,
interaction_surface,1.4784551585417267,0.0,1.6472356565218012,,1.532747028303026,Mean,D10,
interaction_surface,1.8171922010432033,0.0,2.0590445706522513,,1.532747028303026,Mean,D10,
interaction_surface,-1.5701782239715651,0.0,-2.1153791247337437,,1.6020418733366524,Mean,D10,
interaction_surface,-1.2314411814700883,0.0,-1.6923032997869951,,1.6020418733366524,Mean,D10,
interaction_surface,-0.8927041389686114,0.0,-1.2692274748402463,,1.6020418733366524,Mean,D10,
interaction_surface,-0.5539670964671346,0.0,-0.8461516498934976,,1.6020418733366524,Mean,D10,
interaction_surface,-0.21523005396565775,0.0,-0.4230758249467488,,1.6020418733366524,Mean,D10,
interaction_surface,0.1235069885358191,0.0,-2.7755575615628914e-17,,1.6020418733366524,Mean,D10,
interaction_surface,0.46224403103729594,0.0,0.42307582494674884,,1.6020418733366524,Mean,D10,
interaction_surface,0.8009810735387726,0.0,0.8461516498934973,,1.6020418733366524,Mean,D10,
interaction_surface,1.1397181160402496,0.0,1.2692274748402466,,1.6020418733366524,Mean,D10,
interaction_surface,1.4784551585417267,0.0,1.6923032997869953,,1.6020418733366524,Mean,D10,
interaction_surface,1.8171922010432033,0.0,2.1153791247337446,,1.6020418733366524,Mean,D10,
interaction_surface,-1.5701782239715651,0.0,-2.1717136788152365,,1.6713367183702788,Mean,D10,
interaction_surface,-1.2314411814700883,0.0,-1.7373709430521898,,1.6713367183702788,Mean,D10,
interaction_surface,-0.8927041389686114,0.0,-1.3030282072891421,,1.6713367183702788,Mean,D10,
interaction_surface,-0.5539670964671346,0.0,-0.8686854715260948,,1.6713367183702788,Mean,D10,
interaction_surface,-0.21523005396565775,0.0,-0.4343427357630474,,1.6713367183702788,Mean,D10,
interaction_surface,0.1235069885358191,0.0,0.0,,1.6713367183702788,Mean,D10,
interaction_surface,0.46224403103729594,0.0,0.43434273576304727,,1.6713367183702788,Mean,D10,
interaction_surface,0.8009810735387726,0.0,0.8686854715260943,,1.6713367183702788,Mean,D10,
interaction_surface,1.1397181160402496,0.0,1.3030282072891421,,1.6713367183702788,Mean,D10,
interaction_surface,1.4784551585417267,0.0,1.7373709430521895,,1.6713367183702788,Mean,D10,
interaction_surface,1.8171922010432033,0.0,2.171713678815237,,1.6713367183702788,Mean,D10,
interaction_surface,-1.5701782239715651,0.0,-2.2280482328967293,,1.7406315634039047,Mean,D10,
interaction_surface,-1.2314411814700883,0.0,-1.7824385863173833,,1.7406315634039047,Mean,D10,
interaction_surface,-0.8927041389686114,0.0,-1.3368289397380377,,1.7406315634039047,Mean,D10,
interaction_surface,-0.5539670964671346,0.0,-0.891219293158692,,1.7406315634039047,Mean,D10,
interaction_surface,-0.21523005396565775,0.0,-0.445609646579346,,1.7406315634039047,Mean,D10,
interaction_surface,0.1235069885358191,0.0,-2.7755575615628914e-17,,1.7406315634039047,Mean,D10,
interaction_surface,0.46224403103729594,0.0,0.44560964657934604,,1.7406315634039047,Mean,D10,
interaction_surface,0.8009810735387726,0.0,0.8912192931586915,,1.7406315634039047,Mean,D10,
interaction_surface,1.1397181160402496,0.0,1.3368289397380377,,1.7406315634039047,Mean,D10,
interaction_surface,1.4784551585417267,0.0,1.7824385863173837,,1.7406315634039047,Mean,D10,
interaction_surface,1.8171922010432033,0.0,2.2280482328967293,,1.7406315634039047,Mean,D10,
modifier_effect_by_z,-1.0311622379411445,0.0,0.8194256736297397,,-1.0311622379411445,Mean,D10,
modifier_effect_by_z,-0.9618673929075182,0.0,0.8194256736297397,,-0.9618673929075182,Mean,D10,
modifier_effect_by_z,-0.892572547873892,0.0,0.8194256736297397,,-0.892572547873892,Mean,D10,
modifier_effect_by_z,-0.8232777028402658,0.0,0.8194256736297397,,-0.8232777028402658,Mean,D10,
modifier_effect_by_z,-0.7539828578066395,0.0,0.8194256736297397,,-0.7539828578066395,Mean,D10,
modifier_effect_by_z,-0.6846880127730133,0.0,0.8194256736297397,,-0.6846880127730133,Mean,D10,
modifier_effect_by_z,-0.6153931677393871,0.0,0.8194256736297397,,-0.6153931677393871,Mean,D10,
modifier_effect_by_z,-0.5460983227057609,0.0,0.8194256736297397,,-0.5460983227057609,Mean,D10,
modifier_effect_by_z,-0.4768034776721346,0.0,0.8194256736297397,,-0.4768034776721346,Mean,D10,
modifier_effect_by_z,-0.40750863263850834,0.0,0.8194256736297397,,-0.40750863263850834,Mean,D10,
modifier_effect_by_z,-0.3382137876048821,0.0,0.8194256736297397,,-0.3382137876048821,Mean,D10,
modifier_effect_by_z,-0.2689189425712559,0.0,0.8194256736297397,,-0.2689189425712559,Mean,D10,
modifier_effect_by_z,-0.19962409753762966,0.0,0.8194256736297397,,-0.19962409753762966,Mean,D10,
modifier_effect_by_z,-0.1303292525040034,0.0,0.8194256736297397,,-0.1303292525040034,Mean,D10,
modifier_effect_by_z,-0.06103440747037725,0.0,0.8194256736297397,,-0.06103440747037725,Mean,D10,
modifier_effect_by_z,0.008260437563249123,0.0,0.8194256736297397,,0.008260437563249123,Mean,D10,
modifier_effect_by_z,0.07755528259687527,0.0,0.8194256736297397,,0.07755528259687527,Mean,D10,
modifier_effect_by_z,0.14685012763050143,0.0,0.8194256736297397,,0.14685012763050143,Mean,D10,
modifier_effect_by_z,0.2161449726641278,0.0,0.8194256736297397,,0.2161449726641278,Mean,D10,
modifier_effect_by_z,0.28543981769775395,0.0,0.8426579108219774,,0.28543981769775395,Mean,D10,
modifier_effect_by_z,0.3547346627313803,0.0,0.8880834908785755,,0.3547346627313803,Mean,D10,
modifier_effect_by_z,0.4240295077650065,0.0,0.9335090709351737,,0.4240295077650065,Mean,D10,
modifier_effect_by_z,0.4933243527986326,0.0,0.9789346509917715,,0.4933243527986326,Mean,D10,
modifier_effect_by_z,0.562619197832259,0.0,1.0243602310483697,,0.562619197832259,Mean,D10,
modifier_effect_by_z,0.6319140428658852,0.0,1.0697858111049676,,0.6319140428658852,Mean,D10,
modifier_effect_by_z,0.7012088878995113,0.0,1.1152113911615658,,0.7012088878995113,Mean,D10,
modifier_effect_by_z,0.7705037329331377,0.0,1.1606369712181643,,0.7705037329331377,Mean,D10,
modifier_effect_by_z,0.8397985779667638,0.0,1.206062551274762,,0.8397985779667638,Mean,D10,
modifier_effect_by_z,0.90909342300039,0.0,1.25148813133136,,0.90909342300039,Mean,D10,
modifier_effect_by_z,0.9783882680340164,0.0,1.2969137113879583,,0.9783882680340164,Mean,D10,
modifier_effect_by_z,1.0476831130676427,0.0,1.3423392914445564,,1.0476831130676427,Mean,D10,
modifier_effect_by_z,1.1169779581012687,0.0,1.3877648715011546,,1.1169779581012687,Mean,D10,
modifier_effect_by_z,1.186272803134895,0.0,1.4331904515577525,,1.186272803134895,Mean,D10,
modifier_effect_by_z,1.2555676481685214,0.0,1.4786160316143508,,1.2555676481685214,Mean,D10,
modifier_effect_by_z,1.3248624932021473,0.0,1.5240416116709483,,1.3248624932021473,Mean,D10,
modifier_effect_by_z,1.3941573382357737,0.0,1.5694671917275467,,1.3941573382357737,Mean,D10,
modifier_effect_by_z,1.4634521832694,0.0,1.614892771784145,,1.4634521832694,Mean,D10,
modifier_effect_by_z,1.532747028303026,0.0,1.6603183518407432,,1.532747028303026,Mean,D10,
modifier_effect_by_z,1.6020418733366524,0.0,1.7057439318973409,,1.6020418733366524,Mean,D10,
modifier_effect_by_z,1.6713367183702788,0.0,1.7511695119539388,,1.6713367183702788,Mean,D10,
modifier_effect_by_z,1.7406315634039047,0.0,1.796595092010537,,1.7406315634039047,Mean,D10,
PD,-1.5701782239715651,-1.1335310705107697,-1.2286599626816004,0.6692690366190621,,LMM,D10,
PD,-1.4854939633461959,-1.0768545169852313,-1.1672269645475204,0.6692690366190641,,LMM,D10,
PD,-1.4008097027208266,-1.0201779634596926,-1.1057939664134404,0.6692690366190641,,LMM,D10,
PD,-1.3161254420954576,-0.9635014099341542,-1.0443609682793604,0.6692690366190615,,LMM,D10,
PD,-1.2314411814700883,-0.9068248564086159,-0.9829279701452804,0.6692690366190632,,LMM,D10,
PD,-1.146756920844719,-0.8501483028830772,-0.9214949720112002,0.669269036619065,,LMM,D10,
PD,-1.06207266021935,-0.7934717493575387,-0.8600619738771205,0.6692690366190623,,LMM,D10,
PD,-0.9773883995939807,-0.7367951958320003,-0.7986289757430403,0.6692690366190623,,LMM,D10,
PD,-0.8927041389686114,-0.6801186423064618,-0.7371959776089603,0.6692690366190619,,LMM,D10,
PD,-0.8080198783432422,-0.6234420887809233,-0.6757629794748803,0.6692690366190628,,LMM,D10,
PD,-0.723335617717873,-0.5667655352553849,-0.6143299813408003,0.6692690366190628,,LMM,D10,
PD,-0.6386513570925039,-0.5100889817298464,-0.5528969832067203,0.6692690366190623,,LMM,D10,
PD,-0.5539670964671346,-0.45341242820430794,-0.4914639850726402,0.6692690366190628,,LMM,D10,
PD,-0.46928283584176533,-0.39673587467876936,-0.4300309869385601,0.6692690366190632,,LMM,D10,
PD,-0.3845985752163963,-0.340059321153231,-0.36859798880448025,0.6692690366190623,,LMM,D10,
PD,-0.299914314591027,-0.2833827676276925,-0.30716499067040015,0.669269036619063,,LMM,D10,
PD,-0.21523005396565775,-0.22670621410215397,-0.2457319925363201,0.6692690366190628,,LMM,D10,
PD,-0.13054579334028849,-0.17002966057661545,-0.18429899440224007,0.6692690366190629,,LMM,D10,
PD,-0.04586153271491922,-0.11335310705107692,-0.12286599626815999,0.6692690366190628,,LMM,D10,
PD,0.03882272791044983,-0.05667655352553855,-0.06143299813408008,0.6692690366190628,,LMM,D10,
PD,0.1235069885358191,-2.7755575615628914e-17,-1.3877787807814457e-17,0.669269036619063,,LMM,D10,
PD,0.20819124916118836,0.05667655352553852,0.06143299813408004,0.6692690366190627,,LMM,D10,
PD,0.2928755097865574,0.11335310705107685,0.12286599626815994,0.6692690366190626,,LMM,D10,
PD,0.3775597704119267,0.17002966057661537,0.18429899440224,0.669269036619063,,LMM,D10,
PD,0.46224403103729594,0.22670621410215394,0.2457319925363201,0.6692690366190623,,LMM,D10,
PD,0.546928291662665,0.2833827676276922,0.3071649906704,0.669269036619063,,LMM,D10,
PD,0.6316125522880345,0.340059321153231,0.36859798880448025,0.6692690366190637,,LMM,D10,
PD,0.7162968129134035,0.39673587467876936,0.43003098693856007,0.6692690366190628,,LMM,D10,
PD,0.8009810735387726,0.4534124282043077,0.49146398507264005,0.6692690366190623,,LMM,D10,
PD,0.8856653341641421,0.5100889817298464,0.5528969832067203,0.6692690366190632,,LMM,D10,
PD,0.9703495947895111,0.5667655352553848,0.6143299813408001,0.6692690366190619,,LMM,D10,
PD,1.0550338554148806,0.6234420887809233,0.6757629794748805,0.6692690366190632,,LMM,D10,
PD,1.1397181160402496,0.6801186423064618,0.7371959776089603,0.6692690366190637,,LMM,D10,
PD,1.2244023766656187,0.7367951958320003,0.7986289757430403,0.6692690366190632,,LMM,D10,
PD,1.3090866372909882,0.793471749357539,0.8600619738771205,0.6692690366190623,,LMM,D10,
PD,1.3937708979163572,0.8501483028830772,0.9214949720112002,0.6692690366190615,,LMM,D10,
PD,1.4784551585417267,0.9068248564086159,0.9829279701452804,0.6692690366190641,,LMM,D10,
PD,1.5631394191670958,0.9635014099341543,1.0443609682793606,0.6692690366190623,,LMM,D10,
PD,1.6478236797924648,1.0201779634596926,1.1057939664134404,0.6692690366190623,,LMM,D10,
PD,1.7325079404178343,1.0768545169852313,1.1672269645475206,0.669269036619065,,LMM,D10,
PD,1.8171922010432033,1.13353107051077,1.2286599626816004,0.6692690366190664,,LMM,D10,
ALE,-1.3764038791144122,-0.9709031459592024,-1.0333121250429878,,,LMM,D10,0.07142857142857142
ALE,-0.9908888510806432,-0.7128898745448708,-0.7675359777101876,,,LMM,D10,0.10851648351648352
ALE,-0.6705025139292288,-0.4984652193336335,-0.5431828794474486,,,LMM,D10,0.08791208791208792
ALE,-0.43731759958216443,-0.3424017763544751,-0.3735171864731026,,,LMM,D10,0.06868131868131869
ALE,-0.23699437615071484,-0.20833164559608353,-0.22402237406534897,,,LMM,D10,0.07692307692307693
ALE,-0.06917261440317247,-0.09601373678759195,-0.10052552440459395,,,LMM,D10,0.050824175824175824
ALE,0.07945952765539052,0.003461153738570033,0.008318011241508216,,,LMM,D10,0.0673076923076923
ALE,0.2874027494947953,0.1426311134904925,0.16319298085768996,,,LMM,D10,0.10302197802197802
ALE,0.5552615178811682,0.32190069335840876,0.34899230791103886,,,LMM,D10,0.12225274725274725
ALE,0.8154172889283255,0.49601489561802925,0.5282887501059248,,,LMM,D10,0.061813186813186816
ALE,1.0876203605970085,0.6781919831584786,0.7261017322079029,,,LMM,D10,0.08928571428571429
ALE,1.5266848760894551,0.972044268455724,1.0357441169065393,,,LMM,D10,0.09203296703296704
modifier_slice,-1.5701782239715651,-1.1335310705107697,-1.0162111275044305,,-0.5,LMM,D10,
modifier_slice,-1.4854939633461959,-1.076854516985231,-0.965400571129209,,-0.5,LMM,D10,
modifier_slice,-1.4008097027208266,-1.0201779634596926,-0.9145900147539877,,-0.5,LMM,D10,
modifier_slice,-1.3161254420954576,-0.9635014099341543,-0.8637794583787661,,-0.5,LMM,D10,
modifier_slice,-1.2314411814700883,-0.9068248564086159,-0.8129689020035444,,-0.5,LMM,D10,
modifier_slice,-1.146756920844719,-0.8501483028830772,-0.762158345628323,,-0.5,LMM,D10,
modifier_slice,-1.06207266021935,-0.7934717493575387,-0.7113477892531015,,-0.5,LMM,D10,
modifier_slice,-0.9773883995939807,-0.7367951958320003,-0.6605372328778799,,-0.5,LMM,D10,
modifier_slice,-0.8927041389686114,-0.6801186423064618,-0.6097266765026583,,-0.5,LMM,D10,
modifier_slice,-0.8080198783432422,-0.6234420887809233,-0.5589161201274369,,-0.5,LMM,D10,
modifier_slice,-0.723335617717873,-0.5667655352553849,-0.5081055637522153,,-0.5,LMM,D10,
modifier_slice,-0.6386513570925039,-0.5100889817298464,-0.45729500737699386,,-0.5,LMM,D10,
modifier_slice,-0.5539670964671346,-0.4534124282043079,-0.4064844510017722,,-0.5,LMM,D10,
modifier_slice,-0.46928283584176533,-0.39673587467876936,-0.35567389462655064,,-0.5,LMM,D10,
modifier_slice,-0.3845985752163963,-0.34005932115323095,-0.3048633382513293,,-0.5,LMM,D10,
modifier_slice,-0.299914314591027,-0.2833827676276925,-0.2540527818761077,,-0.5,LMM,D10,
modifier_slice,-0.21523005396565775,-0.22670621410215394,-0.20324222550088616,,-0.5,LMM,D10,
modifier_slice,-0.13054579334028849,-0.17002966057661542,-0.15243166912566458,,-0.5,LMM,D10,
modifier_slice,-0.04586153271491922,-0.1133531070510769,-0.10162111275044301,,-0.5,LMM,D10,
modifier_slice,0.03882272791044983,-0.05667655352553852,-0.05081055637522159,,-0.5,LMM,D10,
modifier_slice,0.1235069885358191,0.0,-2.7755575615628914e-17,,-0.5,LMM,D10,
modifier_slice,0.20819124916118836,0.05667655352553852,0.05081055637522153,,-0.5,LMM,D10,
modifier_slice,0.2928755097865574,0.11335310705107687,0.10162111275044293,,-0.5,LMM,D10,
modifier_slice,0.3775597704119267,0.1700296605766154,0.15243166912566453,,-0.5,LMM,D10,
modifier_slice,0.46224403103729594,0.2267062141021539,0.2032422255008861,,-0.5,LMM,D10,
modifier_slice,0.546928291662665,0.28338276762769227,0.2540527818761075,,-0.5,LMM,D10,
modifier_slice,0.6316125522880345,0.34005932115323095,0.3048633382513292,,-0.5,LMM,D10,
modifier_slice,0.7162968129134035,0.3967358746787693,0.3556738946265506,,-0.5,LMM,D10,
modifier_slice,0.8009810735387726,0.45341242820430777,0.4064844510017721,,-0.5,LMM,D10,
modifier_slice,0.8856653341641421,0.5100889817298464,0.45729500737699375,,-0.5,LMM,D10,
modifier_slice,0.9703495947895111,0.5667655352553849,0.5081055637522152,,-0.5,LMM,D10,
modifier_slice,1.0550338554148806,0.6234420887809233,0.5589161201274369,,-0.5,LMM,D10,
modifier_slice,1.1397181160402496,0.6801186423064618,0.6097266765026583,,-0.5,LMM,D10,
modifier_slice,1.2244023766656187,0.7367951958320003,0.6605372328778797,,-0.5,LMM,D10,
modifier_slice,1.3090866372909882,0.793471749357539,0.7113477892531014,,-0.5,LMM,D10,
modifier_slice,1.3937708979163572,0.8501483028830772,0.7621583456283227,,-0.5,LMM,D10,
modifier_slice,1.4784551585417267,0.9068248564086159,0.8129689020035444,,-0.5,LMM,D10,
modifier_slice,1.5631394191670958,0.9635014099341543,0.8637794583787659,,-0.5,LMM,D10,
modifier_slice,1.6478236797924648,1.0201779634596926,0.9145900147539875,,-0.5,LMM,D10,
modifier_slice,1.7325079404178343,1.0768545169852313,0.9654005711292092,,-0.5,LMM,D10,
modifier_slice,1.8171922010432033,1.1335310705107697,1.0162111275044305,,-0.5,LMM,D10,
modifier_slice,-1.5701782239715651,-1.1335310705107695,-1.4226955785062028,,0.75,LMM,D10,
modifier_slice,-1.4854939633461959,-1.076854516985231,-1.3515607995808925,,0.75,LMM,D10,
modifier_slice,-1.4008097027208266,-1.0201779634596926,-1.2804260206555822,,0.75,LMM,D10,
modifier_slice,-1.3161254420954576,-0.9635014099341542,-1.2092912417302724,,0.75,LMM,D10,
modifier_slice,-1.2314411814700883,-0.9068248564086158,-1.138156462804962,,0.75,LMM,D10,
modifier_slice,-1.146756920844719,-0.8501483028830772,-1.067021683879652,,0.75,LMM,D10,
modifier_slice,-1.06207266021935,-0.7934717493575387,-0.995886904954342,,0.75,LMM,D10,
modifier_slice,-0.9773883995939807,-0.7367951958320003,-0.9247521260290316,,0.75,LMM,D10,
modifier_slice,-0.8927041389686114,-0.6801186423064618,-0.8536173471037215,,0.75,LMM,D10,
modifier_slice,-0.8080198783432422,-0.6234420887809233,-0.7824825681784113,,0.75,LMM,D10,
modifier_slice,-0.723335617717873,-0.5667655352553848,-0.7113477892531012,,0.75,LMM,D10,
modifier_slice,-0.6386513570925039,-0.5100889817298464,-0.6402130103277912,,0.75,LMM,D10,
modifier_slice,-0.5539670964671346,-0.4534124282043078,-0.569078231402481,,0.75,LMM,D10,
modifier_slice,-0.46928283584176533,-0.3967358746787693,-0.49794345247717076,,0.75,LMM,D10,
modifier_slice,-0.3845985752163963,-0.34005932115323095,-0.4268086735518608,,0.75,LMM,D10,
modifier_slice,-0.299914314591027,-0.28338276762769243,-0.35567389462655064,,0.75,LMM,D10,
modifier_slice,-0.21523005396565775,-0.2267062141021539,-0.28453911570124046,,0.75,LMM,D10,
modifier_slice,-0.13054579334028849,-0.1700296605766154,-0.21340433677593032,,0.75,LMM,D10,
modifier_slice,-0.04586153271491922,-0.11335310705107687,-0.14226955785062015,,0.75,LMM,D10,
modifier_slice,0.03882272791044983,-0.05667655352553852,-0.07113477892531014,,0.75,LMM,D10,
modifier_slice,0.1235069885358191,0.0,0.0,,0.75,LMM,D10,
modifier_slice,0.20819124916118836,0.05667655352553855,0.07113477892531023,,0.75,LMM,D10,
modifier_slice,0.2928755097865574,0.11335310705107693,0.14226955785062015,,0.75,LMM,D10,
modifier_slice,0.3775597704119267,0.1700296605766154,0.21340433677593038,,0.75,LMM,D10,
modifier_slice,0.46224403103729594,0.22670621410215397,0.2845391157012406,,0.75,LMM,D10,
modifier_slice,0.546928291662665,0.2833827676276923,0.3556738946265505,,0.75,LMM,D10,
modifier_slice,0.6316125522880345,0.340059321153231,0.4268086735518609,,0.75,LMM,D10,
modifier_slice,0.7162968129134035,0.39673587467876936,0.497943452477171,,0.75,LMM,D10,
modifier_slice,0.8009810735387726,0.4534124282043077,0.5690782314024809,,0.75,LMM,D10,
modifier_slice,0.8856653341641421,0.5100889817298464,0.6402130103277913,,0.75,LMM,D10,
modifier_slice,0.9703495947895111,0.5667655352553846,0.7113477892531012,,0.75,LMM,D10,
modifier_slice,1.0550338554148806,0.6234420887809233,0.7824825681784117,,0.75,LMM,D10,
modifier_slice,1.1397181160402496,0.6801186423064618,0.8536173471037216,,0.75,LMM,D10,
modifier_slice,1.2244023766656187,0.7367951958320001,0.9247521260290317,,0.75,LMM,D10,
modifier_slice,1.3090866372909882,0.793471749357539,0.995886904954342,,0.75,LMM,D10,
modifier_slice,1.3937708979163572,0.8501483028830772,1.067021683879652,,0.75,LMM,D10,
modifier_slice,1.4784551585417267,0.9068248564086159,1.138156462804962,,0.75,LMM,D10,
modifier_slice,1.5631394191670958,0.9635014099341541,1.2092912417302724,,0.75,LMM,D10,
modifier_slice,1.6478236797924648,1.0201779634596928,1.280426020655582,,0.75,LMM,D10,
modifier_slice,1.7325079404178343,1.076854516985231,1.3515607995808925,,0.75,LMM,D10,
modifier_slice,1.8171922010432033,1.1335310705107697,1.4226955785062028,,0.75,LMM,D10,
pure_interaction_contrast,-1.5701782239715651,2.220446049250313e-16,-0.4064844510017722,,,LMM,D10,
pure_interaction_contrast,-1.4854939633461959,0.0,-0.3861602284516835,,,LMM,D10,
pure_interaction_contrast,-1.4008097027208266,0.0,-0.3658360059015945,,,LMM,D10,
pure_interaction_contrast,-1.3161254420954576,1.1102230246251565e-16,-0.34551178335150623,,,LMM,D10,
pure_interaction_contrast,-1.2314411814700883,1.1102230246251565e-16,-0.32518756080141764,,,LMM,D10,
pure_interaction_contrast,-1.146756920844719,0.0,-0.30486333825132905,,,LMM,D10,
pure_interaction_contrast,-1.06207266021935,0.0,-0.28453911570124046,,,LMM,D10,
pure_interaction_contrast,-0.9773883995939807,0.0,-0.26421489315115165,,,LMM,D10,
pure_interaction_contrast,-0.8927041389686114,0.0,-0.24389067060106318,,,LMM,D10,
pure_interaction_contrast,-0.8080198783432422,0.0,-0.22356644805097448,,,LMM,D10,
pure_interaction_contrast,-0.723335617717873,1.1102230246251565e-16,-0.2032422255008859,,,LMM,D10,
pure_interaction_contrast,-0.6386513570925039,0.0,-0.18291800295079735,,,LMM,D10,
pure_interaction_contrast,-0.5539670964671346,5.551115123125783e-17,-0.16259378040070882,,,LMM,D10,
pure_interaction_contrast,-0.46928283584176533,5.551115123125783e-17,-0.14226955785062012,,,LMM,D10,
pure_interaction_contrast,-0.3845985752163963,0.0,-0.12194533530053153,,,LMM,D10,
pure_interaction_contrast,-0.299914314591027,5.551115123125783e-17,-0.10162111275044294,,,LMM,D10,
pure_interaction_contrast,-0.21523005396565775,2.7755575615628914e-17,-0.0812968902003543,,,LMM,D10,
pure_interaction_contrast,-0.13054579334028849,2.7755575615628914e-17,-0.06097266765026574,,,LMM,D10,
pure_interaction_contrast,-0.04586153271491922,2.7755575615628914e-17,-0.040648445100177136,,,LMM,D10,
pure_interaction_contrast,0.03882272791044983,0.0,-0.020324222550088554,,,LMM,D10,
pure_interaction_contrast,0.1235069885358191,0.0,2.7755575615628914e-17,,,LMM,D10,
pure_interaction_contrast,0.20819124916118836,2.7755575615628914e-17,0.0203242225500887,,,LMM,D10,
pure_interaction_contrast,0.2928755097865574,5.551115123125783e-17,0.04064844510017722,,,LMM,D10,
pure_interaction_contrast,0.3775597704119267,0.0,0.06097266765026585,,,LMM,D10,
pure_interaction_contrast,0.46224403103729594,5.551115123125783e-17,0.08129689020035447,,,LMM,D10,
pure_interaction_contrast,0.546928291662665,5.551115123125783e-17,0.101621112750443,,,LMM,D10,
pure_interaction_contrast,0.6316125522880345,5.551115123125783e-17,0.1219453353005317,,,LMM,D10,
pure_interaction_contrast,0.7162968129134035,5.551115123125783e-17,0.1422695578506204,,,LMM,D10,
pure_interaction_contrast,0.8009810735387726,-5.551115123125783e-17,0.16259378040070882,,,LMM,D10,
pure_interaction_contrast,0.8856653341641421,0.0,0.18291800295079758,,,LMM,D10,
pure_interaction_contrast,0.9703495947895111,-2.220446049250313e-16,0.203242225500886,,,LMM,D10,
pure_interaction_contrast,1.0550338554148806,0.0,0.2235664480509748,,,LMM,D10,
pure_interaction_contrast,1.1397181160402496,0.0,0.2438906706010633,,,LMM,D10,
pure_interaction_contrast,1.2244023766656187,-1.1102230246251565e-16,0.264214893151152,,,LMM,D10,
pure_interaction_contrast,1.3090866372909882,0.0,0.2845391157012406,,,LMM,D10,
pure_interaction_contrast,1.3937708979163572,0.0,0.3048633382513293,,,LMM,D10,
pure_interaction_contrast,1.4784551585417267,0.0,0.32518756080141764,,,LMM,D10,
pure_interaction_contrast,1.5631394191670958,-2.220446049250313e-16,0.34551178335150645,,,LMM,D10,
pure_interaction_contrast,1.6478236797924648,2.220446049250313e-16,0.3658360059015945,,,LMM,D10,
pure_interaction_contrast,1.7325079404178343,-2.220446049250313e-16,0.3861602284516833,,,LMM,D10,
pure_interaction_contrast,1.8171922010432033,0.0,0.4064844510017722,,,LMM,D10,
interaction_surface,-1.5701782239715651,-1.1335310705107697,-1.0162111275044305,,-1.0311622379411445,LMM,D10,
interaction_surface,-1.2314411814700883,-0.9068248564086159,-0.8129689020035444,,-1.0311622379411445,LMM,D10,
interaction_surface,-0.8927041389686114,-0.6801186423064618,-0.6097266765026583,,-1.0311622379411445,LMM,D10,
interaction_surface,-0.5539670964671346,-0.4534124282043078,-0.4064844510017722,,-1.0311622379411445,LMM,D10,
interaction_surface,-0.21523005396565775,-0.22670621410215394,-0.20324222550088616,,-1.0311622379411445,LMM,D10,
interaction_surface,0.1235069885358191,2.7755575615628914e-17,-2.7755575615628914e-17,,-1.0311622379411445,LMM,D10,
interaction_surface,0.46224403103729594,0.22670621410215394,0.2032422255008861,,-1.0311622379411445,LMM,D10,
interaction_surface,0.8009810735387726,0.4534124282043077,0.4064844510017721,,-1.0311622379411445,LMM,D10,
interaction_surface,1.1397181160402496,0.6801186423064617,0.6097266765026583,,-1.0311622379411445,LMM,D10,
interaction_surface,1.4784551585417267,0.9068248564086159,0.8129689020035444,,-1.0311622379411445,LMM,D10,
interaction_surface,1.8171922010432033,1.1335310705107697,1.0162111275044305,,-1.0311622379411445,LMM,D10,
interaction_surface,-1.5701782239715651,-1.1335310705107697,-1.0162111275044305,,-0.9618673929075182,LMM,D10,
interaction_surface,-1.2314411814700883,-0.9068248564086158,-0.8129689020035444,,-0.9618673929075182,LMM,D10,
interaction_surface,-0.8927041389686114,-0.6801186423064618,-0.6097266765026583,,-0.9618673929075182,LMM,D10,
interaction_surface,-0.5539670964671346,-0.4534124282043079,-0.4064844510017722,,-0.9618673929075182,LMM,D10,
interaction_surface,-0.21523005396565775,-0.22670621410215397,-0.20324222550088616,,-0.9618673929075182,LMM,D10,
interaction_surface,0.1235069885358191,0.0,-2.7755575615628914e-17,,-0.9618673929075182,LMM,D10,
interaction_surface,0.46224403103729594,0.2267062141021539,0.2032422255008861,,-0.9618673929075182,LMM,D10,
interaction_surface,0.8009810735387726,0.4534124282043077,0.4064844510017721,,-0.9618673929075182,LMM,D10,
interaction_surface,1.1397181160402496,0.6801186423064618,0.6097266765026583,,-0.9618673929075182,LMM,D10,
interaction_surface,1.4784551585417267,0.906824856408616,0.8129689020035444,,-0.9618673929075182,LMM,D10,
interaction_surface,1.8171922010432033,1.1335310705107697,1.0162111275044305,,-0.9618673929075182,LMM,D10,
interaction_surface,-1.5701782239715651,-1.1335310705107697,-1.0162111275044305,,-0.892572547873892,LMM,D10,
interaction_surface,-1.2314411814700883,-0.9068248564086159,-0.8129689020035444,,-0.892572547873892,LMM,D10,
interaction_surface,-0.8927041389686114,-0.6801186423064618,-0.6097266765026583,,-0.892572547873892,LMM,D10,
interaction_surface,-0.5539670964671346,-0.45341242820430794,-0.4064844510017722,,-0.892572547873892,LMM,D10,
interaction_surface,-0.21523005396565775,-0.22670621410215397,-0.20324222550088616,,-0.892572547873892,LMM,D10,
interaction_surface,0.1235069885358191,-2.7755575615628914e-17,-2.7755575615628914e-17,,-0.892572547873892,LMM,D10,
interaction_surface,0.46224403103729594,0.22670621410215389,0.2032422255008861,,-0.892572547873892,LMM,D10,
interaction_surface,0.8009810735387726,0.4534124282043077,0.4064844510017721,,-0.892572547873892,LMM,D10,
interaction_surface,1.1397181160402496,0.6801186423064618,0.6097266765026583,,-0.892572547873892,LMM,D10,
interaction_surface,1.4784551585417267,0.9068248564086159,0.8129689020035444,,-0.892572547873892,LMM,D10,
interaction_surface,1.8171922010432033,1.1335310705107697,1.0162111275044305,,-0.892572547873892,LMM,D10,
interaction_surface,-1.5701782239715651,-1.1335310705107695,-1.0162111275044305,,-0.8232777028402658,LMM,D10,
interaction_surface,-1.2314411814700883,-0.9068248564086157,-0.8129689020035444,,-0.8232777028402658,LMM,D10,
interaction_surface,-0.8927041389686114,-0.6801186423064618,-0.6097266765026583,,-0.8232777028402658,LMM,D10,
interaction_surface,-0.5539670964671346,-0.4534124282043079,-0.4064844510017722,,-0.8232777028402658,LMM,D10,
interaction_surface,-0.21523005396565775,-0.22670621410215397,-0.20324222550088616,,-0.8232777028402658,LMM,D10,
interaction_surface,0.1235069885358191,0.0,-2.7755575615628914e-17,,-0.8232777028402658,LMM,D10,
interaction_surface,0.46224403103729594,0.2267062141021539,0.2032422255008861,,-0.8232777028402658,LMM,D10,
interaction_surface,0.8009810735387726,0.45341242820430766,0.4064844510017721,,-0.8232777028402658,LMM,D10,
interaction_surface,1.1397181160402496,0.6801186423064618,0.6097266765026583,,-0.8232777028402658,LMM,D10,
interaction_surface,1.4784551585417267,0.9068248564086159,0.8129689020035444,,-0.8232777028402658,LMM,D10,
interaction_surface,1.8171922010432033,1.1335310705107697,1.0162111275044305,,-0.8232777028402658,LMM,D10,
interaction_surface,-1.5701782239715651,-1.1335310705107697,-1.0162111275044305,,-0.7539828578066395,LMM,D10,
interaction_surface,-1.2314411814700883,-0.9068248564086159,-0.8129689020035444,,-0.7539828578066395,LMM,D10,
interaction_surface,-0.8927041389686114,-0.6801186423064618,-0.6097266765026583,,-0.7539828578066395,LMM,D10,
interaction_surface,-0.5539670964671346,-0.4534124282043079,-0.4064844510017722,,-0.7539828578066395,LMM,D10,
interaction_surface,-0.21523005396565775,-0.22670621410215397,-0.20324222550088616,,-0.7539828578066395,LMM,D10,
interaction_surface,0.1235069885358191,-5.551115123125783e-17,-2.7755575615628914e-17,,-0.7539828578066395,LMM,D10,
interaction_surface,0.46224403103729594,0.2267062141021539,0.2032422255008861,,-0.7539828578066395,LMM,D10,
interaction_surface,0.8009810735387726,0.45341242820430777,0.4064844510017721,,-0.7539828578066395,LMM,D10,
interaction_surface,1.1397181160402496,0.6801186423064618,0.6097266765026583,,-0.7539828578066395,LMM,D10,
interaction_surface,1.4784551585417267,0.9068248564086159,0.8129689020035444,,-0.7539828578066395,LMM,D10,
interaction_surface,1.8171922010432033,1.1335310705107697,1.0162111275044305,,-0.7539828578066395,LMM,D10,
interaction_surface,-1.5701782239715651,-1.1335310705107697,-1.0162111275044305,,-0.6846880127730133,LMM,D10,
interaction_surface,-1.2314411814700883,-0.9068248564086159,-0.8129689020035444,,-0.6846880127730133,LMM,D10,
interaction_surface,-0.8927041389686114,-0.6801186423064618,-0.6097266765026583,,-0.6846880127730133,LMM,D10,
interaction_surface,-0.5539670964671346,-0.4534124282043079,-0.4064844510017722,,-0.6846880127730133,LMM,D10,
interaction_surface,-0.21523005396565775,-0.2267062141021539,-0.20324222550088616,,-0.6846880127730133,LMM,D10,
interaction_surface,0.1235069885358191,0.0,-2.7755575615628914e-17,,-0.6846880127730133,LMM,D10,
interaction_surface,0.46224403103729594,0.22670621410215397,0.2032422255008861,,-0.6846880127730133,LMM,D10,
interaction_surface,0.8009810735387726,0.4534124282043077,0.4064844510017721,,-0.6846880127730133,LMM,D10,
interaction_surface,1.1397181160402496,0.6801186423064618,0.6097266765026583,,-0.6846880127730133,LMM,D10,
interaction_surface,1.4784551585417267,0.9068248564086159,0.8129689020035444,,-0.6846880127730133,LMM,D10,
interaction_surface,1.8171922010432033,1.1335310705107697,1.0162111275044305,,-0.6846880127730133,LMM,D10,
interaction_surface,-1.5701782239715651,-1.1335310705107697,-1.0162111275044305,,-0.6153931677393871,LMM,D10,
interaction_surface,-1.2314411814700883,-0.9068248564086158,-0.8129689020035444,,-0.6153931677393871,LMM,D10,
interaction_surface,-0.8927041389686114,-0.6801186423064618,-0.6097266765026583,,-0.6153931677393871,LMM,D10,
interaction_surface,-0.5539670964671346,-0.4534124282043079,-0.4064844510017722,,-0.6153931677393871,LMM,D10,
interaction_surface,-0.21523005396565775,-0.22670621410215397,-0.20324222550088616,,-0.6153931677393871,LMM,D10,
interaction_surface,0.1235069885358191,-2.7755575615628914e-17,-2.7755575615628914e-17,,-0.6153931677393871,LMM,D10,
interaction_surface,0.46224403103729594,0.2267062141021539,0.2032422255008861,,-0.6153931677393871,LMM,D10,
interaction_surface,0.8009810735387726,0.4534124282043077,0.4064844510017721,,-0.6153931677393871,LMM,D10,
interaction_surface,1.1397181160402496,0.6801186423064618,0.6097266765026583,,-0.6153931677393871,LMM,D10,
interaction_surface,1.4784551585417267,0.906824856408616,0.8129689020035444,,-0.6153931677393871,LMM,D10,
interaction_surface,1.8171922010432033,1.1335310705107697,1.0162111275044305,,-0.6153931677393871,LMM,D10,
interaction_surface,-1.5701782239715651,-1.1335310705107697,-1.0162111275044305,,-0.5460983227057609,LMM,D10,
interaction_surface,-1.2314411814700883,-0.9068248564086159,-0.8129689020035444,,-0.5460983227057609,LMM,D10,
interaction_surface,-0.8927041389686114,-0.6801186423064618,-0.6097266765026583,,-0.5460983227057609,LMM,D10,
interaction_surface,-0.5539670964671346,-0.4534124282043078,-0.4064844510017722,,-0.5460983227057609,LMM,D10,
interaction_surface,-0.21523005396565775,-0.22670621410215394,-0.20324222550088616,,-0.5460983227057609,LMM,D10,
interaction_surface,0.1235069885358191,-2.7755575615628914e-17,-2.7755575615628914e-17,,-0.5460983227057609,LMM,D10,
interaction_surface,0.46224403103729594,0.22670621410215389,0.2032422255008861,,-0.5460983227057609,LMM,D10,
interaction_surface,0.8009810735387726,0.4534124282043077,0.4064844510017721,,-0.5460983227057609,LMM,D10,
interaction_surface,1.1397181160402496,0.6801186423064618,0.6097266765026583,,-0.5460983227057609,LMM,D10,
interaction_surface,1.4784551585417267,0.9068248564086159,0.8129689020035444,,-0.5460983227057609,LMM,D10,
interaction_surface,1.8171922010432033,1.1335310705107697,1.0162111275044305,,-0.5460983227057609,LMM,D10,
interaction_surface,-1.5701782239715651,-1.1335310705107695,-1.0162111275044305,,-0.4768034776721346,LMM,D10,
interaction_surface,-1.2314411814700883,-0.9068248564086158,-0.8129689020035444,,-0.4768034776721346,LMM,D10,
interaction_surface,-0.8927041389686114,-0.6801186423064618,-0.6097266765026583,,-0.4768034776721346,LMM,D10,
interaction_surface,-0.5539670964671346,-0.4534124282043078,-0.4064844510017722,,-0.4768034776721346,LMM,D10,
interaction_surface,-0.21523005396565775,-0.2267062141021539,-0.20324222550088616,,-0.4768034776721346,LMM,D10,
interaction_surface,0.1235069885358191,2.7755575615628914e-17,-2.7755575615628914e-17,,-0.4768034776721346,LMM,D10,
interaction_surface,0.46224403103729594,0.22670621410215394,0.2032422255008861,,-0.4768034776721346,LMM,D10,
interaction_surface,0.8009810735387726,0.4534124282043077,0.4064844510017721,,-0.4768034776721346,LMM,D10,
interaction_surface,1.1397181160402496,0.6801186423064618,0.6097266765026583,,-0.4768034776721346,LMM,D10,
interaction_surface,1.4784551585417267,0.9068248564086159,0.8129689020035444,,-0.4768034776721346,LMM,D10,
interaction_surface,1.8171922010432033,1.1335310705107697,1.0162111275044305,,-0.4768034776721346,LMM,D10,
interaction_surface,-1.5701782239715651,-1.1335310705107697,-1.0162111275044305,,-0.40750863263850834,LMM,D10,
interaction_surface,-1.2314411814700883,-0.9068248564086158,-0.8129689020035444,,-0.40750863263850834,LMM,D10,
interaction_surface,-0.8927041389686114,-0.6801186423064618,-0.6097266765026583,,-0.40750863263850834,LMM,D10,
interaction_surface,-0.5539670964671346,-0.4534124282043078,-0.4064844510017722,,-0.40750863263850834,LMM,D10,
interaction_surface,-0.21523005396565775,-0.22670621410215394,-0.20324222550088616,,-0.40750863263850834,LMM,D10,
interaction_surface,0.1235069885358191,0.0,-2.7755575615628914e-17,,-0.40750863263850834,LMM,D10,
interaction_surface,0.46224403103729594,0.22670621410215394,0.2032422255008861,,-0.40750863263850834,LMM,D10,
interaction_surface,0.8009810735387726,0.4534124282043077,0.4064844510017721,,-0.40750863263850834,LMM,D10,
interaction_surface,1.1397181160402496,0.6801186423064619,0.6097266765026583,,-0.40750863263850834,LMM,D10,
interaction_surface,1.4784551585417267,0.906824856408616,0.8129689020035444,,-0.40750863263850834,LMM,D10,
interaction_surface,1.8171922010432033,1.1335310705107695,1.0162111275044305,,-0.40750863263850834,LMM,D10,
interaction_surface,-1.5701782239715651,-1.1335310705107697,-1.0162111275044305,,-0.3382137876048821,LMM,D10,
interaction_surface,-1.2314411814700883,-0.9068248564086158,-0.8129689020035444,,-0.3382137876048821,LMM,D10,
interaction_surface,-0.8927041389686114,-0.6801186423064618,-0.6097266765026583,,-0.3382137876048821,LMM,D10,
interaction_surface,-0.5539670964671346,-0.4534124282043078,-0.4064844510017722,,-0.3382137876048821,LMM,D10,
interaction_surface,-0.21523005396565775,-0.22670621410215394,-0.20324222550088616,,-0.3382137876048821,LMM,D10,
interaction_surface,0.1235069885358191,-2.7755575615628914e-17,-2.7755575615628914e-17,,-0.3382137876048821,LMM,D10,
interaction_surface,0.46224403103729594,0.22670621410215394,0.2032422255008861,,-0.3382137876048821,LMM,D10,
interaction_surface,0.8009810735387726,0.4534124282043077,0.4064844510017721,,-0.3382137876048821,LMM,D10,
interaction_surface,1.1397181160402496,0.6801186423064618,0.6097266765026583,,-0.3382137876048821,LMM,D10,
interaction_surface,1.4784551585417267,0.9068248564086159,0.8129689020035444,,-0.3382137876048821,LMM,D10,
interaction_surface,1.8171922010432033,1.1335310705107697,1.0162111275044305,,-0.3382137876048821,LMM,D10,
interaction_surface,-1.5701782239715651,-1.1335310705107697,-1.0162111275044305,,-0.2689189425712559,LMM,D10,
interaction_surface,-1.2314411814700883,-0.9068248564086158,-0.8129689020035444,,-0.2689189425712559,LMM,D10,
interaction_surface,-0.8927041389686114,-0.6801186423064618,-0.6097266765026583,,-0.2689189425712559,LMM,D10,
interaction_surface,-0.5539670964671346,-0.45341242820430794,-0.4064844510017722,,-0.2689189425712559,LMM,D10,
interaction_surface,-0.21523005396565775,-0.22670621410215397,-0.20324222550088616,,-0.2689189425712559,LMM,D10,
interaction_surface,0.1235069885358191,-2.7755575615628914e-17,-2.7755575615628914e-17,,-0.2689189425712559,LMM,D10,
interaction_surface,0.46224403103729594,0.22670621410215394,0.2032422255008861,,-0.2689189425712559,LMM,D10,
interaction_surface,0.8009810735387726,0.4534124282043077,0.4064844510017721,,-0.2689189425712559,LMM,D10,
interaction_surface,1.1397181160402496,0.6801186423064618,0.6097266765026583,,-0.2689189425712559,LMM,D10,
interaction_surface,1.4784551585417267,0.906824856408616,0.8129689020035444,,-0.2689189425712559,LMM,D10,
interaction_surface,1.8171922010432033,1.1335310705107697,1.0162111275044305,,-0.2689189425712559,LMM,D10,
interaction_surface,-1.5701782239715651,-1.1335310705107697,-1.0162111275044305,,-0.19962409753762966,LMM,D10,
interaction_surface,-1.2314411814700883,-0.9068248564086158,-0.8129689020035444,,-0.19962409753762966,LMM,D10,
interaction_surface,-0.8927041389686114,-0.6801186423064618,-0.6097266765026583,,-0.19962409753762966,LMM,D10,
interaction_surface,-0.5539670964671346,-0.45341242820430794,-0.4064844510017722,,-0.19962409753762966,LMM,D10,
interaction_surface,-0.21523005396565775,-0.22670621410215397,-0.20324222550088616,,-0.19962409753762966,LMM,D10,
interaction_surface,0.1235069885358191,-2.7755575615628914e-17,-2.7755575615628914e-17,,-0.19962409753762966,LMM,D10,
interaction_surface,0.46224403103729594,0.22670621410215386,0.2032422255008861,,-0.19962409753762966,LMM,D10,
interaction_surface,0.8009810735387726,0.4534124282043077,0.4064844510017721,,-0.19962409753762966,LMM,D10,
interaction_surface,1.1397181160402496,0.6801186423064618,0.6097266765026583,,-0.19962409753762966,LMM,D10,
interaction_surface,1.4784551585417267,0.9068248564086159,0.8129689020035444,,-0.19962409753762966,LMM,D10,
interaction_surface,1.8171922010432033,1.1335310705107697,1.0162111275044305,,-0.19962409753762966,LMM,D10,
interaction_surface,-1.5701782239715651,-1.1335310705107697,-1.0162111275044305,,-0.1303292525040034,LMM,D10,
interaction_surface,-1.2314411814700883,-0.9068248564086158,-0.8129689020035444,,-0.1303292525040034,LMM,D10,
interaction_surface,-0.8927041389686114,-0.6801186423064619,-0.6097266765026583,,-0.1303292525040034,LMM,D10,
interaction_surface,-0.5539670964671346,-0.45341242820430794,-0.4064844510017722,,-0.1303292525040034,LMM,D10,
interaction_surface,-0.21523005396565775,-0.22670621410215397,-0.20324222550088616,,-0.1303292525040034,LMM,D10,
interaction_surface,0.1235069885358191,-2.7755575615628914e-17,-2.7755575615628914e-17,,-0.1303292525040034,LMM,D10,
interaction_surface,0.46224403103729594,0.22670621410215394,0.2032422255008861,,-0.1303292525040034,LMM,D10,
interaction_surface,0.8009810735387726,0.4534124282043076,0.4064844510017721,,-0.1303292525040034,LMM,D10,
interaction_surface,1.1397181160402496,0.6801186423064618,0.6097266765026583,,-0.1303292525040034,LMM,D10,
interaction_surface,1.4784551585417267,0.9068248564086158,0.8129689020035444,,-0.1303292525040034,LMM,D10,
interaction_surface,1.8171922010432033,1.1335310705107697,1.0162111275044305,,-0.1303292525040034,LMM,D10,
interaction_surface,-1.5701782239715651,-1.1335310705107697,-1.0162111275044305,,-0.06103440747037725,LMM,D10,
interaction_surface,-1.2314411814700883,-0.9068248564086159,-0.8129689020035444,,-0.06103440747037725,LMM,D10,
interaction_surface,-0.8927041389686114,-0.6801186423064618,-0.6097266765026583,,-0.06103440747037725,LMM,D10,
interaction_surface,-0.5539670964671346,-0.4534124282043079,-0.4064844510017722,,-0.06103440747037725,LMM,D10,
interaction_surface,-0.21523005396565775,-0.22670621410215397,-0.20324222550088616,,-0.06103440747037725,LMM,D10,
interaction_surface,0.1235069885358191,-5.551115123125783e-17,-2.7755575615628914e-17,,-0.06103440747037725,LMM,D10,
interaction_surface,0.46224403103729594,0.2267062141021539,0.2032422255008861,,-0.06103440747037725,LMM,D10,
interaction_surface,0.8009810735387726,0.45341242820430766,0.4064844510017721,,-0.06103440747037725,LMM,D10,
interaction_surface,1.1397181160402496,0.6801186423064618,0.6097266765026583,,-0.06103440747037725,LMM,D10,
interaction_surface,1.4784551585417267,0.9068248564086159,0.8129689020035444,,-0.06103440747037725,LMM,D10,
interaction_surface,1.8171922010432033,1.1335310705107697,1.0162111275044305,,-0.06103440747037725,LMM,D10,
interaction_surface,-1.5701782239715651,-1.1335310705107697,-1.0162111275044305,,0.008260437563249123,LMM,D10,
interaction_surface,-1.2314411814700883,-0.9068248564086157,-0.8129689020035444,,0.008260437563249123,LMM,D10,
interaction_surface,-0.8927041389686114,-0.6801186423064618,-0.6097266765026583,,0.008260437563249123,LMM,D10,
interaction_surface,-0.5539670964671346,-0.45341242820430794,-0.4064844510017722,,0.008260437563249123,LMM,D10,
interaction_surface,-0.21523005396565775,-0.22670621410215394,-0.20324222550088616,,0.008260437563249123,LMM,D10,
interaction_surface,0.1235069885358191,-2.7755575615628914e-17,-2.7755575615628914e-17,,0.008260437563249123,LMM,D10,
interaction_surface,0.46224403103729594,0.22670621410215394,0.2032422255008861,,0.008260437563249123,LMM,D10,
interaction_surface,0.8009810735387726,0.4534124282043077,0.4064844510017721,,0.008260437563249123,LMM,D10,
interaction_surface,1.1397181160402496,0.6801186423064618,0.6097266765026583,,0.008260437563249123,LMM,D10,
interaction_surface,1.4784551585417267,0.9068248564086159,0.8129689020035444,,0.008260437563249123,LMM,D10,
interaction_surface,1.8171922010432033,1.1335310705107697,1.0162111275044305,,0.008260437563249123,LMM,D10,
interaction_surface,-1.5701782239715651,-1.1335310705107697,-1.0162111275044305,,0.07755528259687527,LMM,D10,
interaction_surface,-1.2314411814700883,-0.9068248564086158,-0.8129689020035444,,0.07755528259687527,LMM,D10,
interaction_surface,-0.8927041389686114,-0.6801186423064618,-0.6097266765026583,,0.07755528259687527,LMM,D10,
interaction_surface,-0.5539670964671346,-0.4534124282043078,-0.4064844510017722,,0.07755528259687527,LMM,D10,
interaction_surface,-0.21523005396565775,-0.22670621410215394,-0.20324222550088616,,0.07755528259687527,LMM,D10,
interaction_surface,0.1235069885358191,0.0,-2.7755575615628914e-17,,0.07755528259687527,LMM,D10,
interaction_surface,0.46224403103729594,0.2267062141021539,0.2032422255008861,,0.07755528259687527,LMM,D10,
interaction_surface,0.8009810735387726,0.4534124282043076,0.4064844510017721,,0.07755528259687527,LMM,D10,
interaction_surface,1.1397181160402496,0.6801186423064618,0.6097266765026583,,0.07755528259687527,LMM,D10,
interaction_surface,1.4784551585417267,0.906824856408616,0.8129689020035444,,0.07755528259687527,LMM,D10,
interaction_surface,1.8171922010432033,1.1335310705107697,1.0162111275044305,,0.07755528259687527,LMM,D10,
interaction_surface,-1.5701782239715651,-1.1335310705107695,-1.0162111275044305,,0.14685012763050143,LMM,D10,
interaction_surface,-1.2314411814700883,-0.9068248564086157,-0.8129689020035444,,0.14685012763050143,LMM,D10,
interaction_surface,-0.8927041389686114,-0.6801186423064618,-0.6097266765026583,,0.14685012763050143,LMM,D10,
interaction_surface,-0.5539670964671346,-0.4534124282043079,-0.4064844510017722,,0.14685012763050143,LMM,D10,
interaction_surface,-0.21523005396565775,-0.22670621410215397,-0.20324222550088616,,0.14685012763050143,LMM,D10,
interaction_surface,0.1235069885358191,-2.7755575615628914e-17,-2.7755575615628914e-17,,0.14685012763050143,LMM,D10,
interaction_surface,0.46224403103729594,0.22670621410215386,0.2032422255008861,,0.14685012763050143,LMM,D10,
interaction_surface,0.8009810735387726,0.4534124282043077,0.4064844510017721,,0.14685012763050143,LMM,D10,
interaction_surface,1.1397181160402496,0.6801186423064618,0.6097266765026583,,0.14685012763050143,LMM,D10,
interaction_surface,1.4784551585417267,0.9068248564086159,0.8129689020035444,,0.14685012763050143,LMM,D10,
interaction_surface,1.8171922010432033,1.1335310705107697,1.0162111275044305,,0.14685012763050143,LMM,D10,
interaction_surface,-1.5701782239715651,-1.1335310705107695,-1.0162111275044305,,0.2161449726641278,LMM,D10,
interaction_surface,-1.2314411814700883,-0.9068248564086158,-0.8129689020035444,,0.2161449726641278,LMM,D10,
interaction_surface,-0.8927041389686114,-0.6801186423064619,-0.6097266765026583,,0.2161449726641278,LMM,D10,
interaction_surface,-0.5539670964671346,-0.4534124282043078,-0.4064844510017722,,0.2161449726641278,LMM,D10,
interaction_surface,-0.21523005396565775,-0.22670621410215397,-0.20324222550088616,,0.2161449726641278,LMM,D10,
interaction_surface,0.1235069885358191,0.0,-2.7755575615628914e-17,,0.2161449726641278,LMM,D10,
interaction_surface,0.46224403103729594,0.22670621410215394,0.2032422255008861,,0.2161449726641278,LMM,D10,
interaction_surface,0.8009810735387726,0.4534124282043077,0.4064844510017721,,0.2161449726641278,LMM,D10,
interaction_surface,1.1397181160402496,0.6801186423064617,0.6097266765026583,,0.2161449726641278,LMM,D10,
interaction_surface,1.4784551585417267,0.9068248564086158,0.8129689020035444,,0.2161449726641278,LMM,D10,
interaction_surface,1.8171922010432033,1.13353107051077,1.0162111275044305,,0.2161449726641278,LMM,D10,
interaction_surface,-1.5701782239715651,-1.1335310705107697,-1.0450225971853788,,0.28543981769775395,LMM,D10,
interaction_surface,-1.2314411814700883,-0.9068248564086158,-0.8360180777483034,,0.28543981769775395,LMM,D10,
interaction_surface,-0.8927041389686114,-0.6801186423064618,-0.6270135583112275,,0.28543981769775395,LMM,D10,
interaction_surface,-0.5539670964671346,-0.4534124282043078,-0.41800903887415175,,0.28543981769775395,LMM,D10,
interaction_surface,-0.21523005396565775,-0.2267062141021539,-0.20900451943707582,,0.28543981769775395,LMM,D10,
interaction_surface,0.1235069885358191,2.7755575615628914e-17,0.0,,0.28543981769775395,LMM,D10,
interaction_surface,0.46224403103729594,0.226706214102154,0.20900451943707588,,0.28543981769775395,LMM,D10,
interaction_surface,0.8009810735387726,0.4534124282043078,0.41800903887415164,,0.28543981769775395,LMM,D10,
interaction_surface,1.1397181160402496,0.6801186423064619,0.6270135583112275,,0.28543981769775395,LMM,D10,
interaction_surface,1.4784551585417267,0.906824856408616,0.8360180777483034,,0.28543981769775395,LMM,D10,
interaction_surface,1.8171922010432033,1.1335310705107697,1.0450225971853793,,0.28543981769775395,LMM,D10,
interaction_surface,-1.5701782239715651,-1.1335310705107697,-1.1013571512668723,,0.3547346627313803,LMM,D10,
interaction_surface,-1.2314411814700883,-0.9068248564086157,-0.8810857210134978,,0.3547346627313803,LMM,D10,
interaction_surface,-0.8927041389686114,-0.6801186423064618,-0.6608142907601232,,0.3547346627313803,LMM,D10,
interaction_surface,-0.5539670964671346,-0.4534124282043079,-0.4405428605067489,,0.3547346627313803,LMM,D10,
interaction_surface,-0.21523005396565775,-0.22670621410215397,-0.22027143025337448,,0.3547346627313803,LMM,D10,
interaction_surface,0.1235069885358191,-2.7755575615628914e-17,-1.3877787807814457e-17,,0.3547346627313803,LMM,D10,
interaction_surface,0.46224403103729594,0.22670621410215397,0.22027143025337442,,0.3547346627313803,LMM,D10,
interaction_surface,0.8009810735387726,0.45341242820430766,0.44054286050674885,,0.3547346627313803,LMM,D10,
interaction_surface,1.1397181160402496,0.6801186423064618,0.6608142907601234,,0.3547346627313803,LMM,D10,
interaction_surface,1.4784551585417267,0.9068248564086159,0.881085721013498,,0.3547346627313803,LMM,D10,
interaction_surface,1.8171922010432033,1.1335310705107697,1.1013571512668725,,0.3547346627313803,LMM,D10,
interaction_surface,-1.5701782239715651,-1.1335310705107697,-1.157691705348365,,0.4240295077650065,LMM,D10,
interaction_surface,-1.2314411814700883,-0.9068248564086158,-0.9261533642786922,,0.4240295077650065,LMM,D10,
interaction_surface,-0.8927041389686114,-0.6801186423064618,-0.6946150232090191,,0.4240295077650065,LMM,D10,
interaction_surface,-0.5539670964671346,-0.4534124282043078,-0.463076682139346,,0.4240295077650065,LMM,D10,
interaction_surface,-0.21523005396565775,-0.2267062141021539,-0.23153834106967303,,0.4240295077650065,LMM,D10,
interaction_surface,0.1235069885358191,0.0,2.7755575615628914e-17,,0.4240295077650065,LMM,D10,
interaction_surface,0.46224403103729594,0.22670621410215397,0.23153834106967308,,0.4240295077650065,LMM,D10,
interaction_surface,0.8009810735387726,0.4534124282043078,0.4630766821393459,,0.4240295077650065,LMM,D10,
interaction_surface,1.1397181160402496,0.6801186423064619,0.694615023209019,,0.4240295077650065,LMM,D10,
interaction_surface,1.4784551585417267,0.906824856408616,0.9261533642786922,,0.4240295077650065,LMM,D10,
interaction_surface,1.8171922010432033,1.1335310705107697,1.157691705348365,,0.4240295077650065,LMM,D10,
interaction_surface,-1.5701782239715651,-1.1335310705107695,-1.2140262594298579,,0.4933243527986326,LMM,D10,
interaction_surface,-1.2314411814700883,-0.9068248564086158,-0.9712210075438863,,0.4933243527986326,LMM,D10,
interaction_surface,-0.8927041389686114,-0.6801186423064618,-0.7284157556579148,,0.4933243527986326,LMM,D10,
interaction_surface,-0.5539670964671346,-0.4534124282043078,-0.48561050377194315,,0.4933243527986326,LMM,D10,
interaction_surface,-0.21523005396565775,-0.22670621410215394,-0.24280525188597157,,0.4933243527986326,LMM,D10,
interaction_surface,0.1235069885358191,2.7755575615628914e-17,1.3877787807814457e-17,,0.4933243527986326,LMM,D10,
interaction_surface,0.46224403103729594,0.22670621410215394,0.24280525188597155,,0.4933243527986326,LMM,D10,
interaction_surface,0.8009810735387726,0.4534124282043077,0.4856105037719428,,0.4933243527986326,LMM,D10,
interaction_surface,1.1397181160402496,0.6801186423064618,0.7284157556579148,,0.4933243527986326,LMM,D10,
interaction_surface,1.4784551585417267,0.9068248564086159,0.9712210075438865,,0.4933243527986326,LMM,D10,
interaction_surface,1.8171922010432033,1.1335310705107695,1.2140262594298579,,0.4933243527986326,LMM,D10,
interaction_surface,-1.5701782239715651,-1.1335310705107695,-1.270360813511351,,0.562619197832259,LMM,D10,
interaction_surface,-1.2314411814700883,-0.9068248564086157,-1.016288650809081,,0.562619197832259,LMM,D10,
interaction_surface,-0.8927041389686114,-0.6801186423064618,-0.7622164881068106,,0.562619197832259,LMM,D10,
interaction_surface,-0.5539670964671346,-0.4534124282043079,-0.5081443254045404,,0.562619197832259,LMM,D10,
interaction_surface,-0.21523005396565775,-0.2267062141021539,-0.25407216270227023,,0.562619197832259,LMM,D10,
interaction_surface,0.1235069885358191,5.551115123125783e-17,-1.3877787807814457e-17,,0.562619197832259,LMM,D10,
interaction_surface,0.46224403103729594,0.22670621410215397,0.25407216270227023,,0.562619197832259,LMM,D10,
interaction_surface,0.8009810735387726,0.45341242820430766,0.5081443254045401,,0.562619197832259,LMM,D10,
interaction_surface,1.1397181160402496,0.6801186423064618,0.7622164881068104,,0.562619197832259,LMM,D10,
interaction_surface,1.4784551585417267,0.9068248564086159,1.016288650809081,,0.562619197832259,LMM,D10,
interaction_surface,1.8171922010432033,1.1335310705107697,1.2703608135113507,,0.562619197832259,LMM,D10,
interaction_surface,-1.5701782239715651,-1.1335310705107697,-1.326695367592844,,0.6319140428658852,LMM,D10,
interaction_surface,-1.2314411814700883,-0.9068248564086159,-1.061356294074275,,0.6319140428658852,LMM,D10,
interaction_surface,-0.8927041389686114,-0.6801186423064618,-0.7960172205557063,,0.6319140428658852,LMM,D10,
interaction_surface,-0.5539670964671346,-0.45341242820430794,-0.5306781470371374,,0.6319140428658852,LMM,D10,
interaction_surface,-0.21523005396565775,-0.22670621410215397,-0.2653390735185688,,0.6319140428658852,LMM,D10,
interaction_surface,0.1235069885358191,-2.7755575615628914e-17,0.0,,0.6319140428658852,LMM,D10,
interaction_surface,0.46224403103729594,0.22670621410215394,0.2653390735185688,,0.6319140428658852,LMM,D10,
interaction_surface,0.8009810735387726,0.4534124282043077,0.5306781470371372,,0.6319140428658852,LMM,D10,
interaction_surface,1.1397181160402496,0.6801186423064618,0.7960172205557063,,0.6319140428658852,LMM,D10,
interaction_surface,1.4784551585417267,0.9068248564086159,1.0613562940742751,,0.6319140428658852,LMM,D10,
interaction_surface,1.8171922010432033,1.1335310705107697,1.3266953675928441,,0.6319140428658852,LMM,D10,
interaction_surface,-1.5701782239715651,-1.1335310705107695,-1.3830299216743365,,0.7012088878995113,LMM,D10,
interaction_surface,-1.2314411814700883,-0.9068248564086157,-1.106423937339469,,0.7012088878995113,LMM,D10,
interaction_surface,-0.8927041389686114,-0.6801186423064618,-0.8298179530046019,,0.7012088878995113,LMM,D10,
interaction_surface,-0.5539670964671346,-0.4534124282043078,-0.5532119686697348,,0.7012088878995113,LMM,D10,
interaction_surface,-0.21523005396565775,-0.22670621410215394,-0.27660598433486727,,0.7012088878995113,LMM,D10,
interaction_surface,0.1235069885358191,0.0,0.0,,0.7012088878995113,LMM,D10,
interaction_surface,0.46224403103729594,0.22670621410215394,0.27660598433486727,,0.7012088878995113,LMM,D10,
interaction_surface,0.8009810735387726,0.4534124282043077,0.5532119686697345,,0.7012088878995113,LMM,D10,
interaction_surface,1.1397181160402496,0.6801186423064618,0.8298179530046018,,0.7012088878995113,LMM,D10,
interaction_surface,1.4784551585417267,0.9068248564086159,1.1064239373394695,,0.7012088878995113,LMM,D10,
interaction_surface,1.8171922010432033,1.13353107051077,1.3830299216743365,,0.7012088878995113,LMM,D10,
interaction_surface,-1.5701782239715651,-1.1335310705107697,-1.4393644757558295,,0.7705037329331377,LMM,D10,
interaction_surface,-1.2314411814700883,-0.9068248564086158,-1.1514915806046637,,0.7705037329331377,LMM,D10,
interaction_surface,-0.8927041389686114,-0.6801186423064618,-0.8636186854534978,,0.7705037329331377,LMM,D10,
interaction_surface,-0.5539670964671346,-0.4534124282043078,-0.5757457903023319,,0.7705037329331377,LMM,D10,
interaction_surface,-0.21523005396565775,-0.22670621410215397,-0.287872895151166,,0.7705037329331377,LMM,D10,
interaction_surface,0.1235069885358191,-2.7755575615628914e-17,-1.3877787807814457e-17,,0.7705037329331377,LMM,D10,
interaction_surface,0.46224403103729594,0.22670621410215389,0.2878728951511659,,0.7705037329331377,LMM,D10,
interaction_surface,0.8009810735387726,0.4534124282043076,0.5757457903023319,,0.7705037329331377,LMM,D10,
interaction_surface,1.1397181160402496,0.6801186423064619,0.8636186854534977,,0.7705037329331377,LMM,D10,
interaction_surface,1.4784551585417267,0.9068248564086158,1.1514915806046642,,0.7705037329331377,LMM,D10,
interaction_surface,1.8171922010432033,1.1335310705107695,1.43936447575583,,0.7705037329331377,LMM,D10,
interaction_surface,-1.5701782239715651,-1.1335310705107695,-1.495699029837322,,0.8397985779667638,LMM,D10,
interaction_surface,-1.2314411814700883,-0.9068248564086158,-1.196559223869858,,0.8397985779667638,LMM,D10,
interaction_surface,-0.8927041389686114,-0.6801186423064618,-0.8974194179023935,,0.8397985779667638,LMM,D10,
interaction_surface,-0.5539670964671346,-0.4534124282043079,-0.598279611934929,,0.8397985779667638,LMM,D10,
interaction_surface,-0.21523005396565775,-0.22670621410215394,-0.2991398059674645,,0.8397985779667638,LMM,D10,
interaction_surface,0.1235069885358191,0.0,1.3877787807814457e-17,,0.8397985779667638,LMM,D10,
interaction_surface,0.46224403103729594,0.2267062141021539,0.2991398059674646,,0.8397985779667638,LMM,D10,
interaction_surface,0.8009810735387726,0.4534124282043077,0.5982796119349288,,0.8397985779667638,LMM,D10,
interaction_surface,1.1397181160402496,0.6801186423064618,0.8974194179023932,,0.8397985779667638,LMM,D10,
interaction_surface,1.4784551585417267,0.9068248564086159,1.1965592238698584,,0.8397985779667638,LMM,D10,
interaction_surface,1.8171922010432033,1.1335310705107697,1.4956990298373225,,0.8397985779667638,LMM,D10,
interaction_surface,-1.5701782239715651,-1.1335310705107695,-1.552033583918815,,0.90909342300039,LMM,D10,
interaction_surface,-1.2314411814700883,-0.9068248564086158,-1.241626867135052,,0.90909342300039,LMM,D10,
interaction_surface,-0.8927041389686114,-0.6801186423064618,-0.9312201503512894,,0.90909342300039,LMM,D10,
interaction_surface,-0.5539670964671346,-0.4534124282043078,-0.620813433567526,,0.90909342300039,LMM,D10,
interaction_surface,-0.21523005396565775,-0.22670621410215394,-0.31040671678376297,,0.90909342300039,LMM,D10,
interaction_surface,0.1235069885358191,-2.7755575615628914e-17,1.3877787807814457e-17,,0.90909342300039,LMM,D10,
interaction_surface,0.46224403103729594,0.226706214102154,0.31040671678376314,,0.90909342300039,LMM,D10,
interaction_surface,0.8009810735387726,0.4534124282043076,0.6208134335675258,,0.90909342300039,LMM,D10,
interaction_surface,1.1397181160402496,0.6801186423064617,0.9312201503512891,,0.90909342300039,LMM,D10,
interaction_surface,1.4784551585417267,0.9068248564086158,1.2416268671350525,,0.90909342300039,LMM,D10,
interaction_surface,1.8171922010432033,1.1335310705107697,1.5520335839188155,,0.90909342300039,LMM,D10,
interaction_surface,-1.5701782239715651,-1.1335310705107697,-1.6083681380003083,,0.9783882680340164,LMM,D10,
interaction_surface,-1.2314411814700883,-0.9068248564086159,-1.2866945104002467,,0.9783882680340164,LMM,D10,
interaction_surface,-0.8927041389686114,-0.6801186423064618,-0.9650208828001848,,0.9783882680340164,LMM,D10,
interaction_surface,-0.5539670964671346,-0.4534124282043078,-0.6433472552001233,,0.9783882680340164,LMM,D10,
interaction_surface,-0.21523005396565775,-0.22670621410215394,-0.3216736276000617,,0.9783882680340164,LMM,D10,
interaction_surface,0.1235069885358191,-2.7755575615628914e-17,-1.3877787807814457e-17,,0.9783882680340164,LMM,D10,
interaction_surface,0.46224403103729594,0.22670621410215394,0.3216736276000617,,0.9783882680340164,LMM,D10,
interaction_surface,0.8009810735387726,0.4534124282043077,0.6433472552001231,,0.9783882680340164,LMM,D10,
interaction_surface,1.1397181160402496,0.6801186423064618,0.965020882800185,,0.9783882680340164,LMM,D10,
interaction_surface,1.4784551585417267,0.9068248564086157,1.2866945104002467,,0.9783882680340164,LMM,D10,
interaction_surface,1.8171922010432033,1.1335310705107697,1.608368138000308,,0.9783882680340164,LMM,D10,
interaction_surface,-1.5701782239715651,-1.1335310705107695,-1.6647026920818013,,1.0476831130676427,LMM,D10,
interaction_surface,-1.2314411814700883,-0.9068248564086158,-1.3317621536654407,,1.0476831130676427,LMM,D10,
interaction_surface,-0.8927041389686114,-0.6801186423064618,-0.9988216152490806,,1.0476831130676427,LMM,D10,
interaction_surface,-0.5539670964671346,-0.45341242820430794,-0.6658810768327204,,1.0476831130676427,LMM,D10,
interaction_surface,-0.21523005396565775,-0.22670621410215397,-0.33294053841636023,,1.0476831130676427,LMM,D10,
interaction_surface,0.1235069885358191,-2.7755575615628914e-17,-1.3877787807814457e-17,,1.0476831130676427,LMM,D10,
interaction_surface,0.46224403103729594,0.22670621410215389,0.3329405384163602,,1.0476831130676427,LMM,D10,
interaction_surface,0.8009810735387726,0.4534124282043076,0.6658810768327202,,1.0476831130676427,LMM,D10,
interaction_surface,1.1397181160402496,0.6801186423064617,0.9988216152490805,,1.0476831130676427,LMM,D10,
interaction_surface,1.4784551585417267,0.9068248564086158,1.331762153665441,,1.0476831130676427,LMM,D10,
interaction_surface,1.8171922010432033,1.13353107051077,1.6647026920818013,,1.0476831130676427,LMM,D10,
interaction_surface,-1.5701782239715651,-1.1335310705107697,-1.7210372461632941,,1.1169779581012687,LMM,D10,
interaction_surface,-1.2314411814700883,-0.9068248564086158,-1.3768297969306353,,1.1169779581012687,LMM,D10,
interaction_surface,-0.8927041389686114,-0.6801186423064618,-1.0326223476979763,,1.1169779581012687,LMM,D10,
interaction_surface,-0.5539670964671346,-0.4534124282043078,-0.6884148984653176,,1.1169779581012687,LMM,D10,
interaction_surface,-0.21523005396565775,-0.2267062141021539,-0.3442074492326588,,1.1169779581012687,LMM,D10,
interaction_surface,0.1235069885358191,0.0,0.0,,1.1169779581012687,LMM,D10,
interaction_surface,0.46224403103729594,0.22670621410215397,0.3442074492326588,,1.1169779581012687,LMM,D10,
interaction_surface,0.8009810735387726,0.4534124282043077,0.6884148984653174,,1.1169779581012687,LMM,D10,
interaction_surface,1.1397181160402496,0.6801186423064617,1.0326223476979763,,1.1169779581012687,LMM,D10,
interaction_surface,1.4784551585417267,0.906824856408616,1.376829796930635,,1.1169779581012687,LMM,D10,
interaction_surface,1.8171922010432033,1.1335310705107697,1.7210372461632937,,1.1169779581012687,LMM,D10,
interaction_surface,-1.5701782239715651,-1.1335310705107695,-1.777371800244787,,1.186272803134895,LMM,D10,
interaction_surface,-1.2314411814700883,-0.9068248564086157,-1.4218974401958293,,1.186272803134895,LMM,D10,
interaction_surface,-0.8927041389686114,-0.6801186423064618,-1.0664230801468717,,1.186272803134895,LMM,D10,
interaction_surface,-0.5539670964671346,-0.45341242820430794,-0.7109487200979147,,1.186272803134895,LMM,D10,
interaction_surface,-0.21523005396565775,-0.22670621410215397,-0.3554743600489573,,1.186272803134895,LMM,D10,
interaction_surface,0.1235069885358191,-2.7755575615628914e-17,5.551115123125783e-17,,1.186272803134895,LMM,D10,
interaction_surface,0.46224403103729594,0.22670621410215389,0.35547436004895727,,1.186272803134895,LMM,D10,
interaction_surface,0.8009810735387726,0.4534124282043077,0.7109487200979143,,1.186272803134895,LMM,D10,
interaction_surface,1.1397181160402496,0.6801186423064618,1.0664230801468721,,1.186272803134895,LMM,D10,
interaction_surface,1.4784551585417267,0.9068248564086159,1.4218974401958293,,1.186272803134895,LMM,D10,
interaction_surface,1.8171922010432033,1.1335310705107697,1.7773718002447862,,1.186272803134895,LMM,D10,
interaction_surface,-1.5701782239715651,-1.1335310705107697,-1.83370635432628,,1.2555676481685214,LMM,D10,
interaction_surface,-1.2314411814700883,-0.9068248564086158,-1.466965083461024,,1.2555676481685214,LMM,D10,
interaction_surface,-0.8927041389686114,-0.6801186423064619,-1.1002238125957682,,1.2555676481685214,LMM,D10,
interaction_surface,-0.5539670964671346,-0.45341242820430794,-0.733482541730512,,1.2555676481685214,LMM,D10,
interaction_surface,-0.21523005396565775,-0.226706214102154,-0.36674127086525593,,1.2555676481685214,LMM,D10,
interaction_surface,0.1235069885358191,-2.7755575615628914e-17,5.551115123125783e-17,,1.2555676481685214,LMM,D10,
interaction_surface,0.46224403103729594,0.22670621410215394,0.3667412708652561,,1.2555676481685214,LMM,D10,
interaction_surface,0.8009810735387726,0.4534124282043076,0.7334825417305116,,1.2555676481685214,LMM,D10,
interaction_surface,1.1397181160402496,0.6801186423064619,1.100223812595768,,1.2555676481685214,LMM,D10,
interaction_surface,1.4784551585417267,0.9068248564086158,1.4669650834610244,,1.2555676481685214,LMM,D10,
interaction_surface,1.8171922010432033,1.1335310705107697,1.8337063543262797,,1.2555676481685214,LMM,D10,
interaction_surface,-1.5701782239715651,-1.1335310705107695,-1.8900409084077723,,1.3248624932021473,LMM,D10,
interaction_surface,-1.2314411814700883,-0.9068248564086159,-1.5120327267262177,,1.3248624932021473,LMM,D10,
interaction_surface,-0.8927041389686114,-0.6801186423064618,-1.1340245450446633,,1.3248624932021473,LMM,D10,
interaction_surface,-0.5539670964671346,-0.4534124282043078,-0.7560163633631088,,1.3248624932021473,LMM,D10,
interaction_surface,-0.21523005396565775,-0.22670621410215394,-0.3780081816815544,,1.3248624932021473,LMM,D10,
interaction_surface,0.1235069885358191,-2.7755575615628914e-17,2.7755575615628914e-17,,1.3248624932021473,LMM,D10,
interaction_surface,0.46224403103729594,0.22670621410215389,0.3780081816815545,,1.3248624932021473,LMM,D10,
interaction_surface,0.8009810735387726,0.4534124282043077,0.7560163633631087,,1.3248624932021473,LMM,D10,
interaction_surface,1.1397181160402496,0.6801186423064618,1.1340245450446635,,1.3248624932021473,LMM,D10,
interaction_surface,1.4784551585417267,0.9068248564086159,1.5120327267262184,,1.3248624932021473,LMM,D10,
interaction_surface,1.8171922010432033,1.1335310705107697,1.890040908407773,,1.3248624932021473,LMM,D10,
interaction_surface,-1.5701782239715651,-1.1335310705107695,-1.9463754624892655,,1.3941573382357737,LMM,D10,
interaction_surface,-1.2314411814700883,-0.9068248564086158,-1.5571003699914125,,1.3941573382357737,LMM,D10,
interaction_surface,-0.8927041389686114,-0.6801186423064618,-1.1678252774935594,,1.3941573382357737,LMM,D10,
interaction_surface,-0.5539670964671346,-0.45341242820430794,-0.7785501849957062,,1.3941573382357737,LMM,D10,
interaction_surface,-0.21523005396565775,-0.22670621410215397,-0.3892750924978531,,1.3941573382357737,LMM,D10,
interaction_surface,0.1235069885358191,-2.7755575615628914e-17,2.7755575615628914e-17,,1.3941573382357737,LMM,D10,
interaction_surface,0.46224403103729594,0.22670621410215389,0.38927509249785314,,1.3941573382357737,LMM,D10,
interaction_surface,0.8009810735387726,0.4534124282043076,0.7785501849957059,,1.3941573382357737,LMM,D10,
interaction_surface,1.1397181160402496,0.6801186423064617,1.1678252774935591,,1.3941573382357737,LMM,D10,
interaction_surface,1.4784551585417267,0.9068248564086158,1.5571003699914128,,1.3941573382357737,LMM,D10,
interaction_surface,1.8171922010432033,1.1335310705107697,1.9463754624892657,,1.3941573382357737,LMM,D10,
interaction_surface,-1.5701782239715651,-1.1335310705107697,-2.002710016570758,,1.4634521832694,LMM,D10,
interaction_surface,-1.2314411814700883,-0.9068248564086158,-1.6021680132566065,,1.4634521832694,LMM,D10,
interaction_surface,-0.8927041389686114,-0.6801186423064618,-1.201626009942455,,1.4634521832694,LMM,D10,
interaction_surface,-0.5539670964671346,-0.45341242820430794,-0.8010840066283035,,1.4634521832694,LMM,D10,
interaction_surface,-0.21523005396565775,-0.22670621410215397,-0.4005420033141517,,1.4634521832694,LMM,D10,
interaction_surface,0.1235069885358191,-5.551115123125783e-17,-5.551115123125783e-17,,1.4634521832694,LMM,D10,
interaction_surface,0.46224403103729594,0.22670621410215389,0.4005420033141516,,1.4634521832694,LMM,D10,
interaction_surface,0.8009810735387726,0.4534124282043077,0.8010840066283031,,1.4634521832694,LMM,D10,
interaction_surface,1.1397181160402496,0.6801186423064618,1.201626009942455,,1.4634521832694,LMM,D10,
interaction_surface,1.4784551585417267,0.9068248564086157,1.6021680132566072,,1.4634521832694,LMM,D10,
interaction_surface,1.8171922010432033,1.1335310705107697,2.0027100165707576,,1.4634521832694,LMM,D10,
interaction_surface,-1.5701782239715651,-1.1335310705107695,-2.059044570652251,,1.532747028303026,LMM,D10,
interaction_surface,-1.2314411814700883,-0.9068248564086158,-1.647235656521801,,1.532747028303026,LMM,D10,
interaction_surface,-0.8927041389686114,-0.6801186423064618,-1.2354267423913505,,1.532747028303026,LMM,D10,
interaction_surface,-0.5539670964671346,-0.4534124282043078,-0.8236178282609006,,1.532747028303026,LMM,D10,
interaction_surface,-0.21523005396565775,-0.22670621410215397,-0.4118089141304503,,1.532747028303026,LMM,D10,
interaction_surface,0.1235069885358191,-2.7755575615628914e-17,0.0,,1.532747028303026,LMM,D10,
interaction_surface,0.46224403103729594,0.22670621410215394,0.4118089141304503,,1.532747028303026,LMM,D10,
interaction_surface,0.8009810735387726,0.4534124282043077,0.8236178282609004,,1.532747028303026,LMM,D10,
interaction_surface,1.1397181160402496,0.6801186423064618,1.2354267423913508,,1.532747028303026,LMM,D10,
interaction_surface,1.4784551585417267,0.9068248564086159,1.6472356565218012,,1.532747028303026,LMM,D10,
interaction_surface,1.8171922010432033,1.1335310705107697,2.0590445706522513,,1.532747028303026,LMM,D10,
interaction_surface,-1.5701782239715651,-1.1335310705107697,-2.1153791247337437,,1.6020418733366524,LMM,D10,
interaction_surface,-1.2314411814700883,-0.9068248564086158,-1.6923032997869951,,1.6020418733366524,LMM,D10,
interaction_surface,-0.8927041389686114,-0.6801186423064618,-1.2692274748402463,,1.6020418733366524,LMM,D10,
interaction_surface,-0.5539670964671346,-0.4534124282043078,-0.8461516498934976,,1.6020418733366524,LMM,D10,
interaction_surface,-0.21523005396565775,-0.22670621410215394,-0.4230758249467488,,1.6020418733366524,LMM,D10,
interaction_surface,0.1235069885358191,0.0,-2.7755575615628914e-17,,1.6020418733366524,LMM,D10,
interaction_surface,0.46224403103729594,0.22670621410215397,0.42307582494674884,,1.6020418733366524,LMM,D10,
interaction_surface,0.8009810735387726,0.4534124282043078,0.8461516498934973,,1.6020418733366524,LMM,D10,
interaction_surface,1.1397181160402496,0.6801186423064618,1.2692274748402466,,1.6020418733366524,LMM,D10,
interaction_surface,1.4784551585417267,0.906824856408616,1.6923032997869953,,1.6020418733366524,LMM,D10,
interaction_surface,1.8171922010432033,1.1335310705107697,2.1153791247337446,,1.6020418733366524,LMM,D10,
interaction_surface,-1.5701782239715651,-1.1335310705107697,-2.1717136788152365,,1.6713367183702788,LMM,D10,
interaction_surface,-1.2314411814700883,-0.9068248564086158,-1.7373709430521898,,1.6713367183702788,LMM,D10,
interaction_surface,-0.8927041389686114,-0.6801186423064618,-1.3030282072891421,,1.6713367183702788,LMM,D10,
interaction_surface,-0.5539670964671346,-0.4534124282043079,-0.8686854715260948,,1.6713367183702788,LMM,D10,
interaction_surface,-0.21523005396565775,-0.22670621410215397,-0.4343427357630474,,1.6713367183702788,LMM,D10,
interaction_surface,0.1235069885358191,0.0,0.0,,1.6713367183702788,LMM,D10,
interaction_surface,0.46224403103729594,0.2267062141021539,0.43434273576304727,,1.6713367183702788,LMM,D10,
interaction_surface,0.8009810735387726,0.4534124282043077,0.8686854715260943,,1.6713367183702788,LMM,D10,
interaction_surface,1.1397181160402496,0.6801186423064618,1.3030282072891421,,1.6713367183702788,LMM,D10,
interaction_surface,1.4784551585417267,0.9068248564086159,1.7373709430521895,,1.6713367183702788,LMM,D10,
interaction_surface,1.8171922010432033,1.1335310705107697,2.171713678815237,,1.6713367183702788,LMM,D10,
interaction_surface,-1.5701782239715651,-1.1335310705107695,-2.2280482328967293,,1.7406315634039047,LMM,D10,
interaction_surface,-1.2314411814700883,-0.9068248564086157,-1.7824385863173833,,1.7406315634039047,LMM,D10,
interaction_surface,-0.8927041389686114,-0.6801186423064618,-1.3368289397380377,,1.7406315634039047,LMM,D10,
interaction_surface,-0.5539670964671346,-0.4534124282043079,-0.891219293158692,,1.7406315634039047,LMM,D10,
interaction_surface,-0.21523005396565775,-0.22670621410215394,-0.445609646579346,,1.7406315634039047,LMM,D10,
interaction_surface,0.1235069885358191,0.0,-2.7755575615628914e-17,,1.7406315634039047,LMM,D10,
interaction_surface,0.46224403103729594,0.22670621410215397,0.44560964657934604,,1.7406315634039047,LMM,D10,
interaction_surface,0.8009810735387726,0.45341242820430766,0.8912192931586915,,1.7406315634039047,LMM,D10,
interaction_surface,1.1397181160402496,0.6801186423064618,1.3368289397380377,,1.7406315634039047,LMM,D10,
interaction_surface,1.4784551585417267,0.9068248564086159,1.7824385863173837,,1.7406315634039047,LMM,D10,
interaction_surface,1.8171922010432033,1.1335310705107697,2.2280482328967293,,1.7406315634039047,LMM,D10,
modifier_effect_by_z,-1.0311622379411445,0.9140270519518374,0.8194256736297397,,-1.0311622379411445,LMM,D10,
modifier_effect_by_z,-0.9618673929075182,0.9140270519518374,0.8194256736297397,,-0.9618673929075182,LMM,D10,
modifier_effect_by_z,-0.892572547873892,0.9140270519518374,0.8194256736297397,,-0.892572547873892,LMM,D10,
modifier_effect_by_z,-0.8232777028402658,0.9140270519518374,0.8194256736297397,,-0.8232777028402658,LMM,D10,
modifier_effect_by_z,-0.7539828578066395,0.9140270519518374,0.8194256736297397,,-0.7539828578066395,LMM,D10,
modifier_effect_by_z,-0.6846880127730133,0.9140270519518374,0.8194256736297397,,-0.6846880127730133,LMM,D10,
modifier_effect_by_z,-0.6153931677393871,0.9140270519518374,0.8194256736297397,,-0.6153931677393871,LMM,D10,
modifier_effect_by_z,-0.5460983227057609,0.9140270519518374,0.8194256736297397,,-0.5460983227057609,LMM,D10,
modifier_effect_by_z,-0.4768034776721346,0.9140270519518374,0.8194256736297397,,-0.4768034776721346,LMM,D10,
modifier_effect_by_z,-0.40750863263850834,0.9140270519518374,0.8194256736297397,,-0.40750863263850834,LMM,D10,
modifier_effect_by_z,-0.3382137876048821,0.9140270519518374,0.8194256736297397,,-0.3382137876048821,LMM,D10,
modifier_effect_by_z,-0.2689189425712559,0.9140270519518374,0.8194256736297397,,-0.2689189425712559,LMM,D10,
modifier_effect_by_z,-0.19962409753762966,0.9140270519518374,0.8194256736297397,,-0.19962409753762966,LMM,D10,
modifier_effect_by_z,-0.1303292525040034,0.9140270519518374,0.8194256736297397,,-0.1303292525040034,LMM,D10,
modifier_effect_by_z,-0.06103440747037725,0.9140270519518374,0.8194256736297397,,-0.06103440747037725,LMM,D10,
modifier_effect_by_z,0.008260437563249123,0.9140270519518374,0.8194256736297397,,0.008260437563249123,LMM,D10,
modifier_effect_by_z,0.07755528259687527,0.9140270519518374,0.8194256736297397,,0.07755528259687527,LMM,D10,
modifier_effect_by_z,0.14685012763050143,0.9140270519518374,0.8194256736297397,,0.14685012763050143,LMM,D10,
modifier_effect_by_z,0.2161449726641278,0.9140270519518374,0.8194256736297397,,0.2161449726641278,LMM,D10,
modifier_effect_by_z,0.28543981769775395,0.9140270519518374,0.8426579108219774,,0.28543981769775395,LMM,D10,
modifier_effect_by_z,0.3547346627313803,0.9140270519518374,0.8880834908785755,,0.3547346627313803,LMM,D10,
modifier_effect_by_z,0.4240295077650065,0.9140270519518374,0.9335090709351737,,0.4240295077650065,LMM,D10,
modifier_effect_by_z,0.4933243527986326,0.9140270519518374,0.9789346509917715,,0.4933243527986326,LMM,D10,
modifier_effect_by_z,0.562619197832259,0.9140270519518374,1.0243602310483697,,0.562619197832259,LMM,D10,
modifier_effect_by_z,0.6319140428658852,0.9140270519518374,1.0697858111049676,,0.6319140428658852,LMM,D10,
modifier_effect_by_z,0.7012088878995113,0.9140270519518374,1.1152113911615658,,0.7012088878995113,LMM,D10,
modifier_effect_by_z,0.7705037329331377,0.9140270519518374,1.1606369712181643,,0.7705037329331377,LMM,D10,
modifier_effect_by_z,0.8397985779667638,0.9140270519518374,1.206062551274762,,0.8397985779667638,LMM,D10,
modifier_effect_by_z,0.90909342300039,0.9140270519518374,1.25148813133136,,0.90909342300039,LMM,D10,
modifier_effect_by_z,0.9783882680340164,0.9140270519518374,1.2969137113879583,,0.9783882680340164,LMM,D10,
modifier_effect_by_z,1.0476831130676427,0.9140270519518374,1.3423392914445564,,1.0476831130676427,LMM,D10,
modifier_effect_by_z,1.1169779581012687,0.9140270519518374,1.3877648715011546,,1.1169779581012687,LMM,D10,
modifier_effect_by_z,1.186272803134895,0.9140270519518374,1.4331904515577525,,1.186272803134895,LMM,D10,
modifier_effect_by_z,1.2555676481685214,0.9140270519518374,1.4786160316143508,,1.2555676481685214,LMM,D10,
modifier_effect_by_z,1.3248624932021473,0.9140270519518374,1.5240416116709483,,1.3248624932021473,LMM,D10,
modifier_effect_by_z,1.3941573382357737,0.9140270519518374,1.5694671917275467,,1.3941573382357737,LMM,D10,
modifier_effect_by_z,1.4634521832694,0.9140270519518374,1.614892771784145,,1.4634521832694,LMM,D10,
modifier_effect_by_z,1.532747028303026,0.9140270519518374,1.6603183518407432,,1.532747028303026,LMM,D10,
modifier_effect_by_z,1.6020418733366524,0.9140270519518374,1.7057439318973409,,1.6020418733366524,LMM,D10,
modifier_effect_by_z,1.6713367183702788,0.9140270519518374,1.7511695119539388,,1.6713367183702788,LMM,D10,
modifier_effect_by_z,1.7406315634039047,0.9140270519518374,1.796595092010537,,1.7406315634039047,LMM,D10,
PD,-1.5701782239715651,-0.48997255486846614,-1.2286599626816004,-0.09094686760032895,,GAM,D10,
PD,-1.4854939633461959,-0.49767432310739335,-1.1672269645475204,-0.07139112827707406,,GAM,D10,
PD,-1.4008097027208266,-0.502063964695176,-1.1057939664134404,-0.030315772071674463,,GAM,D10,
PD,-1.3161254420954576,-0.5028088605937473,-1.0443609682793604,0.014681945988771261,,GAM,D10,
PD,-1.2314411814700883,-0.4995773052139746,-0.9829279701452804,0.06323471185510865,,GAM,D10,
PD,-1.146756920844719,-0.49209889095513104,-0.9214949720112002,0.11421978339530492,,GAM,D10,
PD,-1.06207266021935,-0.4802320694027321,-0.8600619738771205,0.16523583334980163,,GAM,D10,
PD,-0.9773883995939807,-0.4641131422030418,-0.7986289757430403,0.2136979158927712,,GAM,D10,
PD,-0.8927041389686114,-0.44403836939360875,-0.7371959776089603,0.2586412453551201,,GAM,D10,
PD,-0.8080198783432422,-0.4203074569427957,-0.6757629794748803,0.30004547597962805,,GAM,D10,
PD,-0.723335617717873,-0.39322011081896513,-0.6143299813408003,0.3379106077662968,,GAM,D10,
PD,-0.6386513570925039,-0.36307603699047974,-0.5528969832067203,0.3722366407151243,,GAM,D10,
PD,-0.5539670964671346,-0.33017494142570214,-0.4914639850726402,0.40302357482611195,,GAM,D10,
PD,-0.46928283584176533,-0.2948165300929948,-0.4300309869385601,0.4302714100992593,,GAM,D10,
PD,-0.3845985752163963,-0.2573005089607206,-0.36859798880448025,0.45398014653456675,,GAM,D10,
PD,-0.299914314591027,-0.21792658399724174,-0.30716499067040015,0.47414978413203435,,GAM,D10,
PD,-0.21523005396565775,-0.17699446117092105,-0.2457319925363201,0.49078032289166074,,GAM,D10,
PD,-0.13054579334028849,-0.13480384645012117,-0.18429899440224007,0.5038589834125963,,GAM,D10,
PD,-0.04586153271491922,-0.09165661023142924,-0.12286599626815999,0.5131945987264668,,GAM,D10,
PD,0.03882272791044983,-0.04788483614995348,-0.06143299813408008,0.5184777378483494,,GAM,D10,
PD,0.1235069885358191,-0.0038428024706263497,-1.3877787807814457e-17,0.5195930331591454,,GAM,D10,
PD,0.20819124916118836,0.04011786752839694,0.06143299813408004,0.5168321142071763,,GAM,D10,
PD,0.2928755097865574,0.08369228844753582,0.12286599626815994,0.5106825082140545,,GAM,D10,
PD,0.3775597704119267,0.12661140877322938,0.18429899440224,0.5013612969725152,,GAM,D10,
PD,0.46224403103729594,0.16860710992812308,0.2457319925363201,0.48887398880370214,,GAM,D10,
PD,0.546928291662665,0.2094112733348624,0.3071649906704,0.47322058370761544,,GAM,D10,
PD,0.6316125522880345,0.24875578041609323,0.36859798880448025,0.45440108168425586,,GAM,D10,
PD,0.7162968129134035,0.28637251259446084,0.43003098693856007,0.4324154827336233,,GAM,D10,
PD,0.8009810735387726,0.3219933512926111,0.49146398507264005,0.40726378685571696,,GAM,D10,
PD,0.8856653341641421,0.35535017793318957,0.5528969832067203,0.3789459940505375,,GAM,D10,
PD,0.9703495947895111,0.38617487393884176,0.6143299813408001,0.347462104318085,,GAM,D10,
PD,1.0550338554148806,0.41419932073221344,0.6757629794748805,0.3129612735712497,,GAM,D10,
PD,1.1397181160402496,0.4391806620523522,0.7371959776089603,0.2763579349463341,,GAM,D10,
PD,1.2244023766656187,0.46100565550998174,0.7986289757430403,0.2386621294134792,,GAM,D10,
PD,1.3090866372909882,0.4796025139896656,0.8600619738771205,0.20011872983923817,,GAM,D10,
PD,1.3937708979163572,0.4948994688574295,0.9214949720112002,0.16073833461613152,,GAM,D10,
PD,1.4784551585417267,0.5068265280319062,0.9829279701452804,0.12104958744284833,,GAM,D10,
PD,1.5631394191670958,0.5154014584806368,1.0443609682793606,0.08233049348496246,,GAM,D10,
PD,1.6478236797924648,0.5207707219672978,1.1057939664134404,0.04540272956559299,,GAM,D10,
PD,1.7325079404178343,0.5230912516479084,1.1672269645475206,0.010328121768274467,,GAM,D10,
PD,1.8171922010432033,0.5225199806784879,1.2286599626816004,-0.006745893099872074,,GAM,D10,
ALE,-1.3764038791144122,-0.4719101069532055,-1.0333121250429878,,,GAM,D10,0.07142857142857142
ALE,-0.9908888510806432,-0.43573480261113795,-0.7675359777101876,,,GAM,D10,0.10851648351648352
ALE,-0.6705025139292288,-0.35046747441063086,-0.5431828794474486,,,GAM,D10,0.08791208791208792
ALE,-0.43731759958216443,-0.2583605934579874,-0.3735171864731026,,,GAM,D10,0.06868131868131869
ALE,-0.23699437615071484,-0.16581755748858013,-0.22402237406534897,,,GAM,D10,0.07692307692307693
ALE,-0.06917261440317247,-0.08237558554465674,-0.10052552440459395,,,GAM,D10,0.050824175824175824
ALE,0.07945952765539052,-0.0057471437836882355,0.008318011241508216,,,GAM,D10,0.0673076923076923
ALE,0.2874027494947953,0.10110035849504112,0.16319298085768996,,,GAM,D10,0.10302197802197802
ALE,0.5552615178811682,0.23239582919642338,0.34899230791103886,,,GAM,D10,0.12225274725274725
ALE,0.8154172889283255,0.34635977988927374,0.5282887501059248,,,GAM,D10,0.061813186813186816
ALE,1.0876203605970085,0.440417068905865,0.7261017322079029,,,GAM,D10,0.08928571428571429
ALE,1.5266848760894551,0.5141277264691277,1.0357441169065393,,,GAM,D10,0.09203296703296704
modifier_slice,-1.5701782239715651,-0.4899725548684662,-1.0162111275044305,,-0.5,GAM,D10,
modifier_slice,-1.4854939633461959,-0.49767432310739335,-0.965400571129209,,-0.5,GAM,D10,
modifier_slice,-1.4008097027208266,-0.5020639646951761,-0.9145900147539877,,-0.5,GAM,D10,
modifier_slice,-1.3161254420954576,-0.5028088605937473,-0.8637794583787661,,-0.5,GAM,D10,
modifier_slice,-1.2314411814700883,-0.49957730521397453,-0.8129689020035444,,-0.5,GAM,D10,
modifier_slice,-1.146756920844719,-0.4920988909551311,-0.762158345628323,,-0.5,GAM,D10,
modifier_slice,-1.06207266021935,-0.48023206940273216,-0.7113477892531015,,-0.5,GAM,D10,
modifier_slice,-0.9773883995939807,-0.4641131422030418,-0.6605372328778799,,-0.5,GAM,D10,
modifier_slice,-0.8927041389686114,-0.4440383693936087,-0.6097266765026583,,-0.5,GAM,D10,
modifier_slice,-0.8080198783432422,-0.42030745694279575,-0.5589161201274369,,-0.5,GAM,D10,
modifier_slice,-0.723335617717873,-0.39322011081896513,-0.5081055637522153,,-0.5,GAM,D10,
modifier_slice,-0.6386513570925039,-0.36307603699047974,-0.45729500737699386,,-0.5,GAM,D10,
modifier_slice,-0.5539670964671346,-0.33017494142570214,-0.4064844510017722,,-0.5,GAM,D10,
modifier_slice,-0.46928283584176533,-0.2948165300929948,-0.35567389462655064,,-0.5,GAM,D10,
modifier_slice,-0.3845985752163963,-0.25730050896072065,-0.3048633382513293,,-0.5,GAM,D10,
modifier_slice,-0.299914314591027,-0.2179265839972418,-0.2540527818761077,,-0.5,GAM,D10,
modifier_slice,-0.21523005396565775,-0.1769944611709211,-0.20324222550088616,,-0.5,GAM,D10,
modifier_slice,-0.13054579334028849,-0.1348038464501212,-0.15243166912566458,,-0.5,GAM,D10,
modifier_slice,-0.04586153271491922,-0.09165661023142928,-0.10162111275044301,,-0.5,GAM,D10,
modifier_slice,0.03882272791044983,-0.047884836149953494,-0.05081055637522159,,-0.5,GAM,D10,
modifier_slice,0.1235069885358191,-0.0038428024706263775,-2.7755575615628914e-17,,-0.5,GAM,D10,
modifier_slice,0.20819124916118836,0.04011786752839691,0.05081055637522153,,-0.5,GAM,D10,
modifier_slice,0.2928755097865574,0.08369228844753585,0.10162111275044293,,-0.5,GAM,D10,
modifier_slice,0.3775597704119267,0.12661140877322935,0.15243166912566453,,-0.5,GAM,D10,
modifier_slice,0.46224403103729594,0.16860710992812306,0.2032422255008861,,-0.5,GAM,D10,
modifier_slice,0.546928291662665,0.20941127333486237,0.2540527818761075,,-0.5,GAM,D10,
modifier_slice,0.6316125522880345,0.2487557804160932,0.3048633382513292,,-0.5,GAM,D10,
modifier_slice,0.7162968129134035,0.2863725125944609,0.3556738946265506,,-0.5,GAM,D10,
modifier_slice,0.8009810735387726,0.3219933512926111,0.4064844510017721,,-0.5,GAM,D10,
modifier_slice,0.8856653341641421,0.3553501779331895,0.45729500737699375,,-0.5,GAM,D10,
modifier_slice,0.9703495947895111,0.3861748739388417,0.5081055637522152,,-0.5,GAM,D10,
modifier_slice,1.0550338554148806,0.41419932073221327,0.5589161201274369,,-0.5,GAM,D10,
modifier_slice,1.1397181160402496,0.4391806620523521,0.6097266765026583,,-0.5,GAM,D10,
modifier_slice,1.2244023766656187,0.4610056555099818,0.6605372328778797,,-0.5,GAM,D10,
modifier_slice,1.3090866372909882,0.4796025139896654,0.7113477892531014,,-0.5,GAM,D10,
modifier_slice,1.3937708979163572,0.49489946885742947,0.7621583456283227,,-0.5,GAM,D10,
modifier_slice,1.4784551585417267,0.506826528031906,0.8129689020035444,,-0.5,GAM,D10,
modifier_slice,1.5631394191670958,0.5154014584806368,0.8637794583787659,,-0.5,GAM,D10,
modifier_slice,1.6478236797924648,0.5207707219672977,0.9145900147539875,,-0.5,GAM,D10,
modifier_slice,1.7325079404178343,0.5230912516479083,0.9654005711292092,,-0.5,GAM,D10,
modifier_slice,1.8171922010432033,0.5225199806784879,1.0162111275044305,,-0.5,GAM,D10,
modifier_slice,-1.5701782239715651,-0.48997255486846625,-1.4226955785062028,,0.75,GAM,D10,
modifier_slice,-1.4854939633461959,-0.49767432310739335,-1.3515607995808925,,0.75,GAM,D10,
modifier_slice,-1.4008097027208266,-0.502063964695176,-1.2804260206555822,,0.75,GAM,D10,
modifier_slice,-1.3161254420954576,-0.5028088605937473,-1.2092912417302724,,0.75,GAM,D10,
modifier_slice,-1.2314411814700883,-0.4995773052139746,-1.138156462804962,,0.75,GAM,D10,
modifier_slice,-1.146756920844719,-0.49209889095513104,-1.067021683879652,,0.75,GAM,D10,
modifier_slice,-1.06207266021935,-0.4802320694027321,-0.995886904954342,,0.75,GAM,D10,
modifier_slice,-0.9773883995939807,-0.4641131422030418,-0.9247521260290316,,0.75,GAM,D10,
modifier_slice,-0.8927041389686114,-0.44403836939360875,-0.8536173471037215,,0.75,GAM,D10,
modifier_slice,-0.8080198783432422,-0.4203074569427957,-0.7824825681784113,,0.75,GAM,D10,
modifier_slice,-0.723335617717873,-0.39322011081896513,-0.7113477892531012,,0.75,GAM,D10,
modifier_slice,-0.6386513570925039,-0.36307603699047974,-0.6402130103277912,,0.75,GAM,D10,
modifier_slice,-0.5539670964671346,-0.33017494142570214,-0.569078231402481,,0.75,GAM,D10,
modifier_slice,-0.46928283584176533,-0.2948165300929948,-0.49794345247717076,,0.75,GAM,D10,
modifier_slice,-0.3845985752163963,-0.2573005089607206,-0.4268086735518608,,0.75,GAM,D10,
modifier_slice,-0.299914314591027,-0.21792658399724177,-0.35567389462655064,,0.75,GAM,D10,
modifier_slice,-0.21523005396565775,-0.17699446117092107,-0.28453911570124046,,0.75,GAM,D10,
modifier_slice,-0.13054579334028849,-0.13480384645012117,-0.21340433677593032,,0.75,GAM,D10,
modifier_slice,-0.04586153271491922,-0.09165661023142926,-0.14226955785062015,,0.75,GAM,D10,
modifier_slice,0.03882272791044983,-0.04788483614995345,-0.07113477892531014,,0.75,GAM,D10,
modifier_slice,0.1235069885358191,-0.0038428024706263775,0.0,,0.75,GAM,D10,
modifier_slice,0.20819124916118836,0.04011786752839694,0.07113477892531023,,0.75,GAM,D10,
modifier_slice,0.2928755097865574,0.08369228844753587,0.14226955785062015,,0.75,GAM,D10,
modifier_slice,0.3775597704119267,0.12661140877322938,0.21340433677593038,,0.75,GAM,D10,
modifier_slice,0.46224403103729594,0.16860710992812308,0.2845391157012406,,0.75,GAM,D10,
modifier_slice,0.546928291662665,0.2094112733348624,0.3556738946265505,,0.75,GAM,D10,
modifier_slice,0.6316125522880345,0.24875578041609323,0.4268086735518609,,0.75,GAM,D10,
modifier_slice,0.7162968129134035,0.28637251259446095,0.497943452477171,,0.75,GAM,D10,
modifier_slice,0.8009810735387726,0.3219933512926111,0.5690782314024809,,0.75,GAM,D10,
modifier_slice,0.8856653341641421,0.35535017793318957,0.6402130103277913,,0.75,GAM,D10,
modifier_slice,0.9703495947895111,0.38617487393884176,0.7113477892531012,,0.75,GAM,D10,
modifier_slice,1.0550338554148806,0.4141993207322133,0.7824825681784117,,0.75,GAM,D10,
modifier_slice,1.1397181160402496,0.4391806620523522,0.8536173471037216,,0.75,GAM,D10,
modifier_slice,1.2244023766656187,0.46100565550998174,0.9247521260290317,,0.75,GAM,D10,
modifier_slice,1.3090866372909882,0.4796025139896656,0.995886904954342,,0.75,GAM,D10,
modifier_slice,1.3937708979163572,0.49489946885742964,1.067021683879652,,0.75,GAM,D10,
modifier_slice,1.4784551585417267,0.5068265280319061,1.138156462804962,,0.75,GAM,D10,
modifier_slice,1.5631394191670958,0.5154014584806368,1.2092912417302724,,0.75,GAM,D10,
modifier_slice,1.6478236797924648,0.5207707219672977,1.280426020655582,,0.75,GAM,D10,
modifier_slice,1.7325079404178343,0.5230912516479083,1.3515607995808925,,0.75,GAM,D10,
modifier_slice,1.8171922010432033,0.5225199806784878,1.4226955785062028,,0.75,GAM,D10,
pure_interaction_contrast,-1.5701782239715651,-5.551115123125783e-17,-0.4064844510017722,,,GAM,D10,
pure_interaction_contrast,-1.4854939633461959,0.0,-0.3861602284516835,,,GAM,D10,
pure_interaction_contrast,-1.4008097027208266,1.1102230246251565e-16,-0.3658360059015945,,,GAM,D10,
pure_interaction_contrast,-1.3161254420954576,0.0,-0.34551178335150623,,,GAM,D10,
pure_interaction_contrast,-1.2314411814700883,-5.551115123125783e-17,-0.32518756080141764,,,GAM,D10,
pure_interaction_contrast,-1.146756920844719,5.551115123125783e-17,-0.30486333825132905,,,GAM,D10,
pure_interaction_contrast,-1.06207266021935,5.551115123125783e-17,-0.28453911570124046,,,GAM,D10,
pure_interaction_contrast,-0.9773883995939807,0.0,-0.26421489315115165,,,GAM,D10,
pure_interaction_contrast,-0.8927041389686114,-5.551115123125783e-17,-0.24389067060106318,,,GAM,D10,
pure_interaction_contrast,-0.8080198783432422,5.551115123125783e-17,-0.22356644805097448,,,GAM,D10,
pure_interaction_contrast,-0.723335617717873,0.0,-0.2032422255008859,,,GAM,D10,
pure_interaction_contrast,-0.6386513570925039,0.0,-0.18291800295079735,,,GAM,D10,
pure_interaction_contrast,-0.5539670964671346,0.0,-0.16259378040070882,,,GAM,D10,
pure_interaction_contrast,-0.46928283584176533,0.0,-0.14226955785062012,,,GAM,D10,
pure_interaction_contrast,-0.3845985752163963,5.551115123125783e-17,-0.12194533530053153,,,GAM,D10,
pure_interaction_contrast,-0.299914314591027,2.7755575615628914e-17,-0.10162111275044294,,,GAM,D10,
pure_interaction_contrast,-0.21523005396565775,2.7755575615628914e-17,-0.0812968902003543,,,GAM,D10,
pure_interaction_contrast,-0.13054579334028849,2.7755575615628914e-17,-0.06097266765026574,,,GAM,D10,
pure_interaction_contrast,-0.04586153271491922,1.3877787807814457e-17,-0.040648445100177136,,,GAM,D10,
pure_interaction_contrast,0.03882272791044983,4.163336342344337e-17,-0.020324222550088554,,,GAM,D10,
pure_interaction_contrast,0.1235069885358191,0.0,2.7755575615628914e-17,,,GAM,D10,
pure_interaction_contrast,0.20819124916118836,2.7755575615628914e-17,0.0203242225500887,,,GAM,D10,
pure_interaction_contrast,0.2928755097865574,2.7755575615628914e-17,0.04064844510017722,,,GAM,D10,
pure_interaction_contrast,0.3775597704119267,2.7755575615628914e-17,0.06097266765026585,,,GAM,D10,
pure_interaction_contrast,0.46224403103729594,2.7755575615628914e-17,0.08129689020035447,,,GAM,D10,
pure_interaction_contrast,0.546928291662665,2.7755575615628914e-17,0.101621112750443,,,GAM,D10,
pure_interaction_contrast,0.6316125522880345,2.7755575615628914e-17,0.1219453353005317,,,GAM,D10,
pure_interaction_contrast,0.7162968129134035,5.551115123125783e-17,0.1422695578506204,,,GAM,D10,
pure_interaction_contrast,0.8009810735387726,0.0,0.16259378040070882,,,GAM,D10,
pure_interaction_contrast,0.8856653341641421,5.551115123125783e-17,0.18291800295079758,,,GAM,D10,
pure_interaction_contrast,0.9703495947895111,5.551115123125783e-17,0.203242225500886,,,GAM,D10,
pure_interaction_contrast,1.0550338554148806,5.551115123125783e-17,0.2235664480509748,,,GAM,D10,
pure_interaction_contrast,1.1397181160402496,5.551115123125783e-17,0.2438906706010633,,,GAM,D10,
pure_interaction_contrast,1.2244023766656187,-5.551115123125783e-17,0.264214893151152,,,GAM,D10,
pure_interaction_contrast,1.3090866372909882,1.6653345369377348e-16,0.2845391157012406,,,GAM,D10,
pure_interaction_contrast,1.3937708979163572,1.6653345369377348e-16,0.3048633382513293,,,GAM,D10,
pure_interaction_contrast,1.4784551585417267,1.1102230246251565e-16,0.32518756080141764,,,GAM,D10,
pure_interaction_contrast,1.5631394191670958,0.0,0.34551178335150645,,,GAM,D10,
pure_interaction_contrast,1.6478236797924648,0.0,0.3658360059015945,,,GAM,D10,
pure_interaction_contrast,1.7325079404178343,0.0,0.3861602284516833,,,GAM,D10,
pure_interaction_contrast,1.8171922010432033,-1.1102230246251565e-16,0.4064844510017722,,,GAM,D10,
interaction_surface,-1.5701782239715651,-0.48997255486846625,-1.0162111275044305,,-1.0311622379411445,GAM,D10,
interaction_surface,-1.2314411814700883,-0.49957730521397464,-0.8129689020035444,,-1.0311622379411445,GAM,D10,
interaction_surface,-0.8927041389686114,-0.44403836939360875,-0.6097266765026583,,-1.0311622379411445,GAM,D10,
interaction_surface,-0.5539670964671346,-0.3301749414257022,-0.4064844510017722,,-1.0311622379411445,GAM,D10,
interaction_surface,-0.21523005396565775,-0.17699446117092113,-0.20324222550088616,,-1.0311622379411445,GAM,D10,
interaction_surface,0.1235069885358191,-0.0038428024706264052,-2.7755575615628914e-17,,-1.0311622379411445,GAM,D10,
interaction_surface,0.46224403103729594,0.16860710992812306,0.2032422255008861,,-1.0311622379411445,GAM,D10,
interaction_surface,0.8009810735387726,0.32199335129261103,0.4064844510017721,,-1.0311622379411445,GAM,D10,
interaction_surface,1.1397181160402496,0.4391806620523521,0.6097266765026583,,-1.0311622379411445,GAM,D10,
interaction_surface,1.4784551585417267,0.506826528031906,0.8129689020035444,,-1.0311622379411445,GAM,D10,
interaction_surface,1.8171922010432033,0.5225199806784877,1.0162111275044305,,-1.0311622379411445,GAM,D10,
interaction_surface,-1.5701782239715651,-0.48997255486846614,-1.0162111275044305,,-0.9618673929075182,GAM,D10,
interaction_surface,-1.2314411814700883,-0.4995773052139746,-0.8129689020035444,,-0.9618673929075182,GAM,D10,
interaction_surface,-0.8927041389686114,-0.44403836939360875,-0.6097266765026583,,-0.9618673929075182,GAM,D10,
interaction_surface,-0.5539670964671346,-0.33017494142570214,-0.4064844510017722,,-0.9618673929075182,GAM,D10,
interaction_surface,-0.21523005396565775,-0.17699446117092105,-0.20324222550088616,,-0.9618673929075182,GAM,D10,
interaction_surface,0.1235069885358191,-0.0038428024706263497,-2.7755575615628914e-17,,-0.9618673929075182,GAM,D10,
interaction_surface,0.46224403103729594,0.1686071099281231,0.2032422255008861,,-0.9618673929075182,GAM,D10,
interaction_surface,0.8009810735387726,0.3219933512926111,0.4064844510017721,,-0.9618673929075182,GAM,D10,
interaction_surface,1.1397181160402496,0.4391806620523522,0.6097266765026583,,-0.9618673929075182,GAM,D10,
interaction_surface,1.4784551585417267,0.5068265280319061,0.8129689020035444,,-0.9618673929075182,GAM,D10,
interaction_surface,1.8171922010432033,0.5225199806784879,1.0162111275044305,,-0.9618673929075182,GAM,D10,
interaction_surface,-1.5701782239715651,-0.48997255486846625,-1.0162111275044305,,-0.892572547873892,GAM,D10,
interaction_surface,-1.2314411814700883,-0.4995773052139745,-0.8129689020035444,,-0.892572547873892,GAM,D10,
interaction_surface,-0.8927041389686114,-0.44403836939360875,-0.6097266765026583,,-0.892572547873892,GAM,D10,
interaction_surface,-0.5539670964671346,-0.33017494142570214,-0.4064844510017722,,-0.892572547873892,GAM,D10,
interaction_surface,-0.21523005396565775,-0.17699446117092107,-0.20324222550088616,,-0.892572547873892,GAM,D10,
interaction_surface,0.1235069885358191,-0.0038428024706263775,-2.7755575615628914e-17,,-0.892572547873892,GAM,D10,
interaction_surface,0.46224403103729594,0.16860710992812303,0.2032422255008861,,-0.892572547873892,GAM,D10,
interaction_surface,0.8009810735387726,0.321993351292611,0.4064844510017721,,-0.892572547873892,GAM,D10,
interaction_surface,1.1397181160402496,0.4391806620523522,0.6097266765026583,,-0.892572547873892,GAM,D10,
interaction_surface,1.4784551585417267,0.5068265280319061,0.8129689020035444,,-0.892572547873892,GAM,D10,
interaction_surface,1.8171922010432033,0.5225199806784879,1.0162111275044305,,-0.892572547873892,GAM,D10,
interaction_surface,-1.5701782239715651,-0.48997255486846625,-1.0162111275044305,,-0.8232777028402658,GAM,D10,
interaction_surface,-1.2314411814700883,-0.4995773052139746,-0.8129689020035444,,-0.8232777028402658,GAM,D10,
interaction_surface,-0.8927041389686114,-0.44403836939360875,-0.6097266765026583,,-0.8232777028402658,GAM,D10,
interaction_surface,-0.5539670964671346,-0.33017494142570214,-0.4064844510017722,,-0.8232777028402658,GAM,D10,
interaction_surface,-0.21523005396565775,-0.17699446117092107,-0.20324222550088616,,-0.8232777028402658,GAM,D10,
interaction_surface,0.1235069885358191,-0.0038428024706263775,-2.7755575615628914e-17,,-0.8232777028402658,GAM,D10,
interaction_surface,0.46224403103729594,0.168607109928123,0.2032422255008861,,-0.8232777028402658,GAM,D10,
interaction_surface,0.8009810735387726,0.3219933512926111,0.4064844510017721,,-0.8232777028402658,GAM,D10,
interaction_surface,1.1397181160402496,0.43918066205235207,0.6097266765026583,,-0.8232777028402658,GAM,D10,
interaction_surface,1.4784551585417267,0.5068265280319061,0.8129689020035444,,-0.8232777028402658,GAM,D10,
interaction_surface,1.8171922010432033,0.5225199806784878,1.0162111275044305,,-0.8232777028402658,GAM,D10,
interaction_surface,-1.5701782239715651,-0.48997255486846625,-1.0162111275044305,,-0.7539828578066395,GAM,D10,
interaction_surface,-1.2314411814700883,-0.49957730521397464,-0.8129689020035444,,-0.7539828578066395,GAM,D10,
interaction_surface,-0.8927041389686114,-0.44403836939360875,-0.6097266765026583,,-0.7539828578066395,GAM,D10,
interaction_surface,-0.5539670964671346,-0.33017494142570214,-0.4064844510017722,,-0.7539828578066395,GAM,D10,
interaction_surface,-0.21523005396565775,-0.1769944611709211,-0.20324222550088616,,-0.7539828578066395,GAM,D10,
interaction_surface,0.1235069885358191,-0.0038428024706264052,-2.7755575615628914e-17,,-0.7539828578066395,GAM,D10,
interaction_surface,0.46224403103729594,0.16860710992812306,0.2032422255008861,,-0.7539828578066395,GAM,D10,
interaction_surface,0.8009810735387726,0.32199335129261103,0.4064844510017721,,-0.7539828578066395,GAM,D10,
interaction_surface,1.1397181160402496,0.4391806620523521,0.6097266765026583,,-0.7539828578066395,GAM,D10,
interaction_surface,1.4784551585417267,0.506826528031906,0.8129689020035444,,-0.7539828578066395,GAM,D10,
interaction_surface,1.8171922010432033,0.5225199806784879,1.0162111275044305,,-0.7539828578066395,GAM,D10,
interaction_surface,-1.5701782239715651,-0.4899725548684662,-1.0162111275044305,,-0.6846880127730133,GAM,D10,
interaction_surface,-1.2314411814700883,-0.4995773052139746,-0.8129689020035444,,-0.6846880127730133,GAM,D10,
interaction_surface,-0.8927041389686114,-0.4440383693936087,-0.6097266765026583,,-0.6846880127730133,GAM,D10,
interaction_surface,-0.5539670964671346,-0.33017494142570214,-0.4064844510017722,,-0.6846880127730133,GAM,D10,
interaction_surface,-0.21523005396565775,-0.17699446117092105,-0.20324222550088616,,-0.6846880127730133,GAM,D10,
interaction_surface,0.1235069885358191,-0.0038428024706263775,-2.7755575615628914e-17,,-0.6846880127730133,GAM,D10,
interaction_surface,0.46224403103729594,0.16860710992812306,0.2032422255008861,,-0.6846880127730133,GAM,D10,
interaction_surface,0.8009810735387726,0.3219933512926111,0.4064844510017721,,-0.6846880127730133,GAM,D10,
interaction_surface,1.1397181160402496,0.4391806620523521,0.6097266765026583,,-0.6846880127730133,GAM,D10,
interaction_surface,1.4784551585417267,0.506826528031906,0.8129689020035444,,-0.6846880127730133,GAM,D10,
interaction_surface,1.8171922010432033,0.5225199806784879,1.0162111275044305,,-0.6846880127730133,GAM,D10,
interaction_surface,-1.5701782239715651,-0.4899725548684662,-1.0162111275044305,,-0.6153931677393871,GAM,D10,
interaction_surface,-1.2314411814700883,-0.4995773052139746,-0.8129689020035444,,-0.6153931677393871,GAM,D10,
interaction_surface,-0.8927041389686114,-0.44403836939360875,-0.6097266765026583,,-0.6153931677393871,GAM,D10,
interaction_surface,-0.5539670964671346,-0.33017494142570214,-0.4064844510017722,,-0.6153931677393871,GAM,D10,
interaction_surface,-0.21523005396565775,-0.17699446117092107,-0.20324222550088616,,-0.6153931677393871,GAM,D10,
interaction_surface,0.1235069885358191,-0.0038428024706263775,-2.7755575615628914e-17,,-0.6153931677393871,GAM,D10,
interaction_surface,0.46224403103729594,0.168607109928123,0.2032422255008861,,-0.6153931677393871,GAM,D10,
interaction_surface,0.8009810735387726,0.3219933512926111,0.4064844510017721,,-0.6153931677393871,GAM,D10,
interaction_surface,1.1397181160402496,0.43918066205235207,0.6097266765026583,,-0.6153931677393871,GAM,D10,
interaction_surface,1.4784551585417267,0.5068265280319061,0.8129689020035444,,-0.6153931677393871,GAM,D10,
interaction_surface,1.8171922010432033,0.5225199806784878,1.0162111275044305,,-0.6153931677393871,GAM,D10,
interaction_surface,-1.5701782239715651,-0.4899725548684662,-1.0162111275044305,,-0.5460983227057609,GAM,D10,
interaction_surface,-1.2314411814700883,-0.4995773052139746,-0.8129689020035444,,-0.5460983227057609,GAM,D10,
interaction_surface,-0.8927041389686114,-0.4440383693936087,-0.6097266765026583,,-0.5460983227057609,GAM,D10,
interaction_surface,-0.5539670964671346,-0.33017494142570214,-0.4064844510017722,,-0.5460983227057609,GAM,D10,
interaction_surface,-0.21523005396565775,-0.17699446117092105,-0.20324222550088616,,-0.5460983227057609,GAM,D10,
interaction_surface,0.1235069885358191,-0.0038428024706263497,-2.7755575615628914e-17,,-0.5460983227057609,GAM,D10,
interaction_surface,0.46224403103729594,0.16860710992812306,0.2032422255008861,,-0.5460983227057609,GAM,D10,
interaction_surface,0.8009810735387726,0.32199335129261103,0.4064844510017721,,-0.5460983227057609,GAM,D10,
interaction_surface,1.1397181160402496,0.4391806620523521,0.6097266765026583,,-0.5460983227057609,GAM,D10,
interaction_surface,1.4784551585417267,0.5068265280319062,0.8129689020035444,,-0.5460983227057609,GAM,D10,
interaction_surface,1.8171922010432033,0.5225199806784879,1.0162111275044305,,-0.5460983227057609,GAM,D10,
interaction_surface,-1.5701782239715651,-0.48997255486846625,-1.0162111275044305,,-0.4768034776721346,GAM,D10,
interaction_surface,-1.2314411814700883,-0.4995773052139746,-0.8129689020035444,,-0.4768034776721346,GAM,D10,
interaction_surface,-0.8927041389686114,-0.44403836939360875,-0.6097266765026583,,-0.4768034776721346,GAM,D10,
interaction_surface,-0.5539670964671346,-0.3301749414257022,-0.4064844510017722,,-0.4768034776721346,GAM,D10,
interaction_surface,-0.21523005396565775,-0.1769944611709211,-0.20324222550088616,,-0.4768034776721346,GAM,D10,
interaction_surface,0.1235069885358191,-0.0038428024706264052,-2.7755575615628914e-17,,-0.4768034776721346,GAM,D10,
interaction_surface,0.46224403103729594,0.16860710992812306,0.2032422255008861,,-0.4768034776721346,GAM,D10,
interaction_surface,0.8009810735387726,0.3219933512926111,0.4064844510017721,,-0.4768034776721346,GAM,D10,
interaction_surface,1.1397181160402496,0.439180662052352,0.6097266765026583,,-0.4768034776721346,GAM,D10,
interaction_surface,1.4784551585417267,0.506826528031906,0.8129689020035444,,-0.4768034776721346,GAM,D10,
interaction_surface,1.8171922010432033,0.5225199806784877,1.0162111275044305,,-0.4768034776721346,GAM,D10,
interaction_surface,-1.5701782239715651,-0.4899725548684662,-1.0162111275044305,,-0.40750863263850834,GAM,D10,
interaction_surface,-1.2314411814700883,-0.49957730521397453,-0.8129689020035444,,-0.40750863263850834,GAM,D10,
interaction_surface,-0.8927041389686114,-0.4440383693936087,-0.6097266765026583,,-0.40750863263850834,GAM,D10,
interaction_surface,-0.5539670964671346,-0.33017494142570214,-0.4064844510017722,,-0.40750863263850834,GAM,D10,
interaction_surface,-0.21523005396565775,-0.17699446117092105,-0.20324222550088616,,-0.40750863263850834,GAM,D10,
interaction_surface,0.1235069885358191,-0.0038428024706263497,-2.7755575615628914e-17,,-0.40750863263850834,GAM,D10,
interaction_surface,0.46224403103729594,0.1686071099281231,0.2032422255008861,,-0.40750863263850834,GAM,D10,
interaction_surface,0.8009810735387726,0.32199335129261114,0.4064844510017721,,-0.40750863263850834,GAM,D10,
interaction_surface,1.1397181160402496,0.4391806620523521,0.6097266765026583,,-0.40750863263850834,GAM,D10,
interaction_surface,1.4784551585417267,0.5068265280319062,0.8129689020035444,,-0.40750863263850834,GAM,D10,
interaction_surface,1.8171922010432033,0.5225199806784879,1.0162111275044305,,-0.40750863263850834,GAM,D10,
interaction_surface,-1.5701782239715651,-0.48997255486846625,-1.0162111275044305,,-0.3382137876048821,GAM,D10,
interaction_surface,-1.2314411814700883,-0.4995773052139746,-0.8129689020035444,,-0.3382137876048821,GAM,D10,
interaction_surface,-0.8927041389686114,-0.44403836939360875,-0.6097266765026583,,-0.3382137876048821,GAM,D10,
interaction_surface,-0.5539670964671346,-0.33017494142570214,-0.4064844510017722,,-0.3382137876048821,GAM,D10,
interaction_surface,-0.21523005396565775,-0.17699446117092105,-0.20324222550088616,,-0.3382137876048821,GAM,D10,
interaction_surface,0.1235069885358191,-0.0038428024706263775,-2.7755575615628914e-17,,-0.3382137876048821,GAM,D10,
interaction_surface,0.46224403103729594,0.16860710992812303,0.2032422255008861,,-0.3382137876048821,GAM,D10,
interaction_surface,0.8009810735387726,0.3219933512926111,0.4064844510017721,,-0.3382137876048821,GAM,D10,
interaction_surface,1.1397181160402496,0.43918066205235207,0.6097266765026583,,-0.3382137876048821,GAM,D10,
interaction_surface,1.4784551585417267,0.5068265280319061,0.8129689020035444,,-0.3382137876048821,GAM,D10,
interaction_surface,1.8171922010432033,0.5225199806784878,1.0162111275044305,,-0.3382137876048821,GAM,D10,
interaction_surface,-1.5701782239715651,-0.4899725548684662,-1.0162111275044305,,-0.2689189425712559,GAM,D10,
interaction_surface,-1.2314411814700883,-0.49957730521397453,-0.8129689020035444,,-0.2689189425712559,GAM,D10,
interaction_surface,-0.8927041389686114,-0.44403836939360875,-0.6097266765026583,,-0.2689189425712559,GAM,D10,
interaction_surface,-0.5539670964671346,-0.3301749414257022,-0.4064844510017722,,-0.2689189425712559,GAM,D10,
interaction_surface,-0.21523005396565775,-0.17699446117092105,-0.20324222550088616,,-0.2689189425712559,GAM,D10,
interaction_surface,0.1235069885358191,-0.0038428024706263497,-2.7755575615628914e-17,,-0.2689189425712559,GAM,D10,
interaction_surface,0.46224403103729594,0.16860710992812306,0.2032422255008861,,-0.2689189425712559,GAM,D10,
interaction_surface,0.8009810735387726,0.32199335129261103,0.4064844510017721,,-0.2689189425712559,GAM,D10,
interaction_surface,1.1397181160402496,0.4391806620523521,0.6097266765026583,,-0.2689189425712559,GAM,D10,
interaction_surface,1.4784551585417267,0.5068265280319062,0.8129689020035444,,-0.2689189425712559,GAM,D10,
interaction_surface,1.8171922010432033,0.5225199806784878,1.0162111275044305,,-0.2689189425712559,GAM,D10,
interaction_surface,-1.5701782239715651,-0.48997255486846625,-1.0162111275044305,,-0.19962409753762966,GAM,D10,
interaction_surface,-1.2314411814700883,-0.49957730521397464,-0.8129689020035444,,-0.19962409753762966,GAM,D10,
interaction_surface,-0.8927041389686114,-0.4440383693936088,-0.6097266765026583,,-0.19962409753762966,GAM,D10,
interaction_surface,-0.5539670964671346,-0.3301749414257022,-0.4064844510017722,,-0.19962409753762966,GAM,D10,
interaction_surface,-0.21523005396565775,-0.1769944611709211,-0.20324222550088616,,-0.19962409753762966,GAM,D10,
interaction_surface,0.1235069885358191,-0.0038428024706263914,-2.7755575615628914e-17,,-0.19962409753762966,GAM,D10,
interaction_surface,0.46224403103729594,0.168607109928123,0.2032422255008861,,-0.19962409753762966,GAM,D10,
interaction_surface,0.8009810735387726,0.32199335129261103,0.4064844510017721,,-0.19962409753762966,GAM,D10,
interaction_surface,1.1397181160402496,0.4391806620523521,0.6097266765026583,,-0.19962409753762966,GAM,D10,
interaction_surface,1.4784551585417267,0.5068265280319061,0.8129689020035444,,-0.19962409753762966,GAM,D10,
interaction_surface,1.8171922010432033,0.5225199806784878,1.0162111275044305,,-0.19962409753762966,GAM,D10,
interaction_surface,-1.5701782239715651,-0.4899725548684662,-1.0162111275044305,,-0.1303292525040034,GAM,D10,
interaction_surface,-1.2314411814700883,-0.4995773052139746,-0.8129689020035444,,-0.1303292525040034,GAM,D10,
interaction_surface,-0.8927041389686114,-0.44403836939360875,-0.6097266765026583,,-0.1303292525040034,GAM,D10,
interaction_surface,-0.5539670964671346,-0.3301749414257022,-0.4064844510017722,,-0.1303292525040034,GAM,D10,
interaction_surface,-0.21523005396565775,-0.1769944611709211,-0.20324222550088616,,-0.1303292525040034,GAM,D10,
interaction_surface,0.1235069885358191,-0.0038428024706263636,-2.7755575615628914e-17,,-0.1303292525040034,GAM,D10,
interaction_surface,0.46224403103729594,0.16860710992812306,0.2032422255008861,,-0.1303292525040034,GAM,D10,
interaction_surface,0.8009810735387726,0.3219933512926111,0.4064844510017721,,-0.1303292525040034,GAM,D10,
interaction_surface,1.1397181160402496,0.43918066205235207,0.6097266765026583,,-0.1303292525040034,GAM,D10,
interaction_surface,1.4784551585417267,0.5068265280319062,0.8129689020035444,,-0.1303292525040034,GAM,D10,
interaction_surface,1.8171922010432033,0.5225199806784879,1.0162111275044305,,-0.1303292525040034,GAM,D10,
interaction_surface,-1.5701782239715651,-0.48997255486846625,-1.0162111275044305,,-0.06103440747037725,GAM,D10,
interaction_surface,-1.2314411814700883,-0.4995773052139746,-0.8129689020035444,,-0.06103440747037725,GAM,D10,
interaction_surface,-0.8927041389686114,-0.44403836939360875,-0.6097266765026583,,-0.06103440747037725,GAM,D10,
interaction_surface,-0.5539670964671346,-0.33017494142570214,-0.4064844510017722,,-0.06103440747037725,GAM,D10,
interaction_surface,-0.21523005396565775,-0.1769944611709211,-0.20324222550088616,,-0.06103440747037725,GAM,D10,
interaction_surface,0.1235069885358191,-0.0038428024706263636,-2.7755575615628914e-17,,-0.06103440747037725,GAM,D10,
interaction_surface,0.46224403103729594,0.16860710992812306,0.2032422255008861,,-0.06103440747037725,GAM,D10,
interaction_surface,0.8009810735387726,0.3219933512926111,0.4064844510017721,,-0.06103440747037725,GAM,D10,
interaction_surface,1.1397181160402496,0.43918066205235207,0.6097266765026583,,-0.06103440747037725,GAM,D10,
interaction_surface,1.4784551585417267,0.5068265280319061,0.8129689020035444,,-0.06103440747037725,GAM,D10,
interaction_surface,1.8171922010432033,0.5225199806784879,1.0162111275044305,,-0.06103440747037725,GAM,D10,
interaction_surface,-1.5701782239715651,-0.48997255486846625,-1.0162111275044305,,0.008260437563249123,GAM,D10,
interaction_surface,-1.2314411814700883,-0.4995773052139746,-0.8129689020035444,,0.008260437563249123,GAM,D10,
interaction_surface,-0.8927041389686114,-0.44403836939360875,-0.6097266765026583,,0.008260437563249123,GAM,D10,
interaction_surface,-0.5539670964671346,-0.3301749414257022,-0.4064844510017722,,0.008260437563249123,GAM,D10,
interaction_surface,-0.21523005396565775,-0.1769944611709211,-0.20324222550088616,,0.008260437563249123,GAM,D10,
interaction_surface,0.1235069885358191,-0.0038428024706263914,-2.7755575615628914e-17,,0.008260437563249123,GAM,D10,
interaction_surface,0.46224403103729594,0.168607109928123,0.2032422255008861,,0.008260437563249123,GAM,D10,
interaction_surface,0.8009810735387726,0.3219933512926111,0.4064844510017721,,0.008260437563249123,GAM,D10,
interaction_surface,1.1397181160402496,0.4391806620523522,0.6097266765026583,,0.008260437563249123,GAM,D10,
interaction_surface,1.4784551585417267,0.5068265280319061,0.8129689020035444,,0.008260437563249123,GAM,D10,
interaction_surface,1.8171922010432033,0.5225199806784878,1.0162111275044305,,0.008260437563249123,GAM,D10,
interaction_surface,-1.5701782239715651,-0.48997255486846625,-1.0162111275044305,,0.07755528259687527,GAM,D10,
interaction_surface,-1.2314411814700883,-0.4995773052139746,-0.8129689020035444,,0.07755528259687527,GAM,D10,
interaction_surface,-0.8927041389686114,-0.44403836939360875,-0.6097266765026583,,0.07755528259687527,GAM,D10,
interaction_surface,-0.5539670964671346,-0.33017494142570214,-0.4064844510017722,,0.07755528259687527,GAM,D10,
interaction_surface,-0.21523005396565775,-0.17699446117092107,-0.20324222550088616,,0.07755528259687527,GAM,D10,
interaction_surface,0.1235069885358191,-0.0038428024706263636,-2.7755575615628914e-17,,0.07755528259687527,GAM,D10,
interaction_surface,0.46224403103729594,0.16860710992812303,0.2032422255008861,,0.07755528259687527,GAM,D10,
interaction_surface,0.8009810735387726,0.321993351292611,0.4064844510017721,,0.07755528259687527,GAM,D10,
interaction_surface,1.1397181160402496,0.43918066205235207,0.6097266765026583,,0.07755528259687527,GAM,D10,
interaction_surface,1.4784551585417267,0.5068265280319061,0.8129689020035444,,0.07755528259687527,GAM,D10,
interaction_surface,1.8171922010432033,0.5225199806784878,1.0162111275044305,,0.07755528259687527,GAM,D10,
interaction_surface,-1.5701782239715651,-0.48997255486846625,-1.0162111275044305,,0.14685012763050143,GAM,D10,
interaction_surface,-1.2314411814700883,-0.4995773052139746,-0.8129689020035444,,0.14685012763050143,GAM,D10,
interaction_surface,-0.8927041389686114,-0.44403836939360875,-0.6097266765026583,,0.14685012763050143,GAM,D10,
interaction_surface,-0.5539670964671346,-0.33017494142570214,-0.4064844510017722,,0.14685012763050143,GAM,D10,
interaction_surface,-0.21523005396565775,-0.1769944611709211,-0.20324222550088616,,0.14685012763050143,GAM,D10,
interaction_surface,0.1235069885358191,-0.0038428024706263775,-2.7755575615628914e-17,,0.14685012763050143,GAM,D10,
interaction_surface,0.46224403103729594,0.16860710992812303,0.2032422255008861,,0.14685012763050143,GAM,D10,
interaction_surface,0.8009810735387726,0.3219933512926111,0.4064844510017721,,0.14685012763050143,GAM,D10,
interaction_surface,1.1397181160402496,0.43918066205235207,0.6097266765026583,,0.14685012763050143,GAM,D10,
interaction_surface,1.4784551585417267,0.5068265280319061,0.8129689020035444,,0.14685012763050143,GAM,D10,
interaction_surface,1.8171922010432033,0.5225199806784879,1.0162111275044305,,0.14685012763050143,GAM,D10,
interaction_surface,-1.5701782239715651,-0.4899725548684662,-1.0162111275044305,,0.2161449726641278,GAM,D10,
interaction_surface,-1.2314411814700883,-0.4995773052139746,-0.8129689020035444,,0.2161449726641278,GAM,D10,
interaction_surface,-0.8927041389686114,-0.44403836939360875,-0.6097266765026583,,0.2161449726641278,GAM,D10,
interaction_surface,-0.5539670964671346,-0.33017494142570214,-0.4064844510017722,,0.2161449726641278,GAM,D10,
interaction_surface,-0.21523005396565775,-0.17699446117092105,-0.20324222550088616,,0.2161449726641278,GAM,D10,
interaction_surface,0.1235069885358191,-0.0038428024706263497,-2.7755575615628914e-17,,0.2161449726641278,GAM,D10,
interaction_surface,0.46224403103729594,0.16860710992812306,0.2032422255008861,,0.2161449726641278,GAM,D10,
interaction_surface,0.8009810735387726,0.3219933512926111,0.4064844510017721,,0.2161449726641278,GAM,D10,
interaction_surface,1.1397181160402496,0.43918066205235207,0.6097266765026583,,0.2161449726641278,GAM,D10,
interaction_surface,1.4784551585417267,0.5068265280319062,0.8129689020035444,,0.2161449726641278,GAM,D10,
interaction_surface,1.8171922010432033,0.5225199806784878,1.0162111275044305,,0.2161449726641278,GAM,D10,
interaction_surface,-1.5701782239715651,-0.48997255486846614,-1.0450225971853788,,0.28543981769775395,GAM,D10,
interaction_surface,-1.2314411814700883,-0.4995773052139745,-0.8360180777483034,,0.28543981769775395,GAM,D10,
interaction_surface,-0.8927041389686114,-0.44403836939360875,-0.6270135583112275,,0.28543981769775395,GAM,D10,
interaction_surface,-0.5539670964671346,-0.33017494142570214,-0.41800903887415175,,0.28543981769775395,GAM,D10,
interaction_surface,-0.21523005396565775,-0.17699446117092105,-0.20900451943707582,,0.28543981769775395,GAM,D10,
interaction_surface,0.1235069885358191,-0.0038428024706263497,0.0,,0.28543981769775395,GAM,D10,
interaction_surface,0.46224403103729594,0.16860710992812308,0.20900451943707588,,0.28543981769775395,GAM,D10,
interaction_surface,0.8009810735387726,0.3219933512926111,0.41800903887415164,,0.28543981769775395,GAM,D10,
interaction_surface,1.1397181160402496,0.4391806620523522,0.6270135583112275,,0.28543981769775395,GAM,D10,
interaction_surface,1.4784551585417267,0.5068265280319061,0.8360180777483034,,0.28543981769775395,GAM,D10,
interaction_surface,1.8171922010432033,0.5225199806784879,1.0450225971853793,,0.28543981769775395,GAM,D10,
interaction_surface,-1.5701782239715651,-0.4899725548684662,-1.1013571512668723,,0.3547346627313803,GAM,D10,
interaction_surface,-1.2314411814700883,-0.49957730521397453,-0.8810857210134978,,0.3547346627313803,GAM,D10,
interaction_surface,-0.8927041389686114,-0.4440383693936087,-0.6608142907601232,,0.3547346627313803,GAM,D10,
interaction_surface,-0.5539670964671346,-0.33017494142570214,-0.4405428605067489,,0.3547346627313803,GAM,D10,
interaction_surface,-0.21523005396565775,-0.17699446117092105,-0.22027143025337448,,0.3547346627313803,GAM,D10,
interaction_surface,0.1235069885358191,-0.0038428024706263775,-1.3877787807814457e-17,,0.3547346627313803,GAM,D10,
interaction_surface,0.46224403103729594,0.16860710992812306,0.22027143025337442,,0.3547346627313803,GAM,D10,
interaction_surface,0.8009810735387726,0.3219933512926111,0.44054286050674885,,0.3547346627313803,GAM,D10,
interaction_surface,1.1397181160402496,0.4391806620523521,0.6608142907601234,,0.3547346627313803,GAM,D10,
interaction_surface,1.4784551585417267,0.5068265280319062,0.881085721013498,,0.3547346627313803,GAM,D10,
interaction_surface,1.8171922010432033,0.5225199806784877,1.1013571512668725,,0.3547346627313803,GAM,D10,
interaction_surface,-1.5701782239715651,-0.48997255486846625,-1.157691705348365,,0.4240295077650065,GAM,D10,
interaction_surface,-1.2314411814700883,-0.4995773052139746,-0.9261533642786922,,0.4240295077650065,GAM,D10,
interaction_surface,-0.8927041389686114,-0.44403836939360875,-0.6946150232090191,,0.4240295077650065,GAM,D10,
interaction_surface,-0.5539670964671346,-0.3301749414257022,-0.463076682139346,,0.4240295077650065,GAM,D10,
interaction_surface,-0.21523005396565775,-0.1769944611709211,-0.23153834106967303,,0.4240295077650065,GAM,D10,
interaction_surface,0.1235069885358191,-0.0038428024706264052,2.7755575615628914e-17,,0.4240295077650065,GAM,D10,
interaction_surface,0.46224403103729594,0.16860710992812306,0.23153834106967308,,0.4240295077650065,GAM,D10,
interaction_surface,0.8009810735387726,0.32199335129261103,0.4630766821393459,,0.4240295077650065,GAM,D10,
interaction_surface,1.1397181160402496,0.43918066205235207,0.694615023209019,,0.4240295077650065,GAM,D10,
interaction_surface,1.4784551585417267,0.5068265280319061,0.9261533642786922,,0.4240295077650065,GAM,D10,
interaction_surface,1.8171922010432033,0.5225199806784878,1.157691705348365,,0.4240295077650065,GAM,D10,
interaction_surface,-1.5701782239715651,-0.48997255486846625,-1.2140262594298579,,0.4933243527986326,GAM,D10,
interaction_surface,-1.2314411814700883,-0.4995773052139746,-0.9712210075438863,,0.4933243527986326,GAM,D10,
interaction_surface,-0.8927041389686114,-0.44403836939360875,-0.7284157556579148,,0.4933243527986326,GAM,D10,
interaction_surface,-0.5539670964671346,-0.33017494142570214,-0.48561050377194315,,0.4933243527986326,GAM,D10,
interaction_surface,-0.21523005396565775,-0.17699446117092107,-0.24280525188597157,,0.4933243527986326,GAM,D10,
interaction_surface,0.1235069885358191,-0.0038428024706263775,1.3877787807814457e-17,,0.4933243527986326,GAM,D10,
interaction_surface,0.46224403103729594,0.16860710992812303,0.24280525188597155,,0.4933243527986326,GAM,D10,
interaction_surface,0.8009810735387726,0.3219933512926111,0.4856105037719428,,0.4933243527986326,GAM,D10,
interaction_surface,1.1397181160402496,0.43918066205235207,0.7284157556579148,,0.4933243527986326,GAM,D10,
interaction_surface,1.4784551585417267,0.5068265280319061,0.9712210075438865,,0.4933243527986326,GAM,D10,
interaction_surface,1.8171922010432033,0.5225199806784878,1.2140262594298579,,0.4933243527986326,GAM,D10,
interaction_surface,-1.5701782239715651,-0.4899725548684662,-1.270360813511351,,0.562619197832259,GAM,D10,
interaction_surface,-1.2314411814700883,-0.49957730521397453,-1.016288650809081,,0.562619197832259,GAM,D10,
interaction_surface,-0.8927041389686114,-0.4440383693936087,-0.7622164881068106,,0.562619197832259,GAM,D10,
interaction_surface,-0.5539670964671346,-0.33017494142570214,-0.5081443254045404,,0.562619197832259,GAM,D10,
interaction_surface,-0.21523005396565775,-0.17699446117092107,-0.25407216270227023,,0.562619197832259,GAM,D10,
interaction_surface,0.1235069885358191,-0.0038428024706263497,-1.3877787807814457e-17,,0.562619197832259,GAM,D10,
interaction_surface,0.46224403103729594,0.16860710992812306,0.25407216270227023,,0.562619197832259,GAM,D10,
interaction_surface,0.8009810735387726,0.32199335129261103,0.5081443254045401,,0.562619197832259,GAM,D10,
interaction_surface,1.1397181160402496,0.4391806620523521,0.7622164881068104,,0.562619197832259,GAM,D10,
interaction_surface,1.4784551585417267,0.5068265280319062,1.016288650809081,,0.562619197832259,GAM,D10,
interaction_surface,1.8171922010432033,0.5225199806784879,1.2703608135113507,,0.562619197832259,GAM,D10,
interaction_surface,-1.5701782239715651,-0.4899725548684662,-1.326695367592844,,0.6319140428658852,GAM,D10,
interaction_surface,-1.2314411814700883,-0.49957730521397453,-1.061356294074275,,0.6319140428658852,GAM,D10,
interaction_surface,-0.8927041389686114,-0.4440383693936087,-0.7960172205557063,,0.6319140428658852,GAM,D10,
interaction_surface,-0.5539670964671346,-0.33017494142570214,-0.5306781470371374,,0.6319140428658852,GAM,D10,
interaction_surface,-0.21523005396565775,-0.17699446117092105,-0.2653390735185688,,0.6319140428658852,GAM,D10,
interaction_surface,0.1235069885358191,-0.0038428024706263497,0.0,,0.6319140428658852,GAM,D10,
interaction_surface,0.46224403103729594,0.16860710992812306,0.2653390735185688,,0.6319140428658852,GAM,D10,
interaction_surface,0.8009810735387726,0.32199335129261103,0.5306781470371372,,0.6319140428658852,GAM,D10,
interaction_surface,1.1397181160402496,0.4391806620523521,0.7960172205557063,,0.6319140428658852,GAM,D10,
interaction_surface,1.4784551585417267,0.506826528031906,1.0613562940742751,,0.6319140428658852,GAM,D10,
interaction_surface,1.8171922010432033,0.5225199806784879,1.3266953675928441,,0.6319140428658852,GAM,D10,
interaction_surface,-1.5701782239715651,-0.48997255486846625,-1.3830299216743365,,0.7012088878995113,GAM,D10,
interaction_surface,-1.2314411814700883,-0.4995773052139746,-1.106423937339469,,0.7012088878995113,GAM,D10,
interaction_surface,-0.8927041389686114,-0.44403836939360875,-0.8298179530046019,,0.7012088878995113,GAM,D10,
interaction_surface,-0.5539670964671346,-0.33017494142570214,-0.5532119686697348,,0.7012088878995113,GAM,D10,
interaction_surface,-0.21523005396565775,-0.17699446117092107,-0.27660598433486727,,0.7012088878995113,GAM,D10,
interaction_surface,0.1235069885358191,-0.0038428024706263497,0.0,,0.7012088878995113,GAM,D10,
interaction_surface,0.46224403103729594,0.16860710992812308,0.27660598433486727,,0.7012088878995113,GAM,D10,
interaction_surface,0.8009810735387726,0.3219933512926111,0.5532119686697345,,0.7012088878995113,GAM,D10,
interaction_surface,1.1397181160402496,0.43918066205235207,0.8298179530046018,,0.7012088878995113,GAM,D10,
interaction_surface,1.4784551585417267,0.5068265280319062,1.1064239373394695,,0.7012088878995113,GAM,D10,
interaction_surface,1.8171922010432033,0.5225199806784878,1.3830299216743365,,0.7012088878995113,GAM,D10,
interaction_surface,-1.5701782239715651,-0.48997255486846625,-1.4393644757558295,,0.7705037329331377,GAM,D10,
interaction_surface,-1.2314411814700883,-0.4995773052139746,-1.1514915806046637,,0.7705037329331377,GAM,D10,
interaction_surface,-0.8927041389686114,-0.44403836939360875,-0.8636186854534978,,0.7705037329331377,GAM,D10,
interaction_surface,-0.5539670964671346,-0.33017494142570214,-0.5757457903023319,,0.7705037329331377,GAM,D10,
interaction_surface,-0.21523005396565775,-0.1769944611709211,-0.287872895151166,,0.7705037329331377,GAM,D10,
interaction_surface,0.1235069885358191,-0.0038428024706263775,-1.3877787807814457e-17,,0.7705037329331377,GAM,D10,
interaction_surface,0.46224403103729594,0.168607109928123,0.2878728951511659,,0.7705037329331377,GAM,D10,
interaction_surface,0.8009810735387726,0.3219933512926111,0.5757457903023319,,0.7705037329331377,GAM,D10,
interaction_surface,1.1397181160402496,0.43918066205235207,0.8636186854534977,,0.7705037329331377,GAM,D10,
interaction_surface,1.4784551585417267,0.5068265280319061,1.1514915806046642,,0.7705037329331377,GAM,D10,
interaction_surface,1.8171922010432033,0.5225199806784878,1.43936447575583,,0.7705037329331377,GAM,D10,
interaction_surface,-1.5701782239715651,-0.48997255486846625,-1.495699029837322,,0.8397985779667638,GAM,D10,
interaction_surface,-1.2314411814700883,-0.4995773052139746,-1.196559223869858,,0.8397985779667638,GAM,D10,
interaction_surface,-0.8927041389686114,-0.44403836939360875,-0.8974194179023935,,0.8397985779667638,GAM,D10,
interaction_surface,-0.5539670964671346,-0.33017494142570214,-0.598279611934929,,0.8397985779667638,GAM,D10,
interaction_surface,-0.21523005396565775,-0.1769944611709211,-0.2991398059674645,,0.8397985779667638,GAM,D10,
interaction_surface,0.1235069885358191,-0.0038428024706263497,1.3877787807814457e-17,,0.8397985779667638,GAM,D10,
interaction_surface,0.46224403103729594,0.168607109928123,0.2991398059674646,,0.8397985779667638,GAM,D10,
interaction_surface,0.8009810735387726,0.3219933512926111,0.5982796119349288,,0.8397985779667638,GAM,D10,
interaction_surface,1.1397181160402496,0.43918066205235207,0.8974194179023932,,0.8397985779667638,GAM,D10,
interaction_surface,1.4784551585417267,0.5068265280319061,1.1965592238698584,,0.8397985779667638,GAM,D10,
interaction_surface,1.8171922010432033,0.5225199806784878,1.4956990298373225,,0.8397985779667638,GAM,D10,
interaction_surface,-1.5701782239715651,-0.48997255486846625,-1.552033583918815,,0.90909342300039,GAM,D10,
interaction_surface,-1.2314411814700883,-0.4995773052139746,-1.241626867135052,,0.90909342300039,GAM,D10,
interaction_surface,-0.8927041389686114,-0.44403836939360875,-0.9312201503512894,,0.90909342300039,GAM,D10,
interaction_surface,-0.5539670964671346,-0.3301749414257022,-0.620813433567526,,0.90909342300039,GAM,D10,
interaction_surface,-0.21523005396565775,-0.1769944611709211,-0.31040671678376297,,0.90909342300039,GAM,D10,
interaction_surface,0.1235069885358191,-0.0038428024706263775,1.3877787807814457e-17,,0.90909342300039,GAM,D10,
interaction_surface,0.46224403103729594,0.16860710992812303,0.31040671678376314,,0.90909342300039,GAM,D10,
interaction_surface,0.8009810735387726,0.321993351292611,0.6208134335675258,,0.90909342300039,GAM,D10,
interaction_surface,1.1397181160402496,0.43918066205235207,0.9312201503512891,,0.90909342300039,GAM,D10,
interaction_surface,1.4784551585417267,0.506826528031906,1.2416268671350525,,0.90909342300039,GAM,D10,
interaction_surface,1.8171922010432033,0.5225199806784878,1.5520335839188155,,0.90909342300039,GAM,D10,
interaction_surface,-1.5701782239715651,-0.48997255486846625,-1.6083681380003083,,0.9783882680340164,GAM,D10,
interaction_surface,-1.2314411814700883,-0.4995773052139746,-1.2866945104002467,,0.9783882680340164,GAM,D10,
interaction_surface,-0.8927041389686114,-0.44403836939360875,-0.9650208828001848,,0.9783882680340164,GAM,D10,
interaction_surface,-0.5539670964671346,-0.3301749414257022,-0.6433472552001233,,0.9783882680340164,GAM,D10,
interaction_surface,-0.21523005396565775,-0.17699446117092113,-0.3216736276000617,,0.9783882680340164,GAM,D10,
interaction_surface,0.1235069885358191,-0.003842802470626433,-1.3877787807814457e-17,,0.9783882680340164,GAM,D10,
interaction_surface,0.46224403103729594,0.16860710992812303,0.3216736276000617,,0.9783882680340164,GAM,D10,
interaction_surface,0.8009810735387726,0.32199335129261086,0.6433472552001231,,0.9783882680340164,GAM,D10,
interaction_surface,1.1397181160402496,0.43918066205235207,0.965020882800185,,0.9783882680340164,GAM,D10,
interaction_surface,1.4784551585417267,0.506826528031906,1.2866945104002467,,0.9783882680340164,GAM,D10,
interaction_surface,1.8171922010432033,0.5225199806784878,1.608368138000308,,0.9783882680340164,GAM,D10,
interaction_surface,-1.5701782239715651,-0.48997255486846625,-1.6647026920818013,,1.0476831130676427,GAM,D10,
interaction_surface,-1.2314411814700883,-0.4995773052139746,-1.3317621536654407,,1.0476831130676427,GAM,D10,
interaction_surface,-0.8927041389686114,-0.44403836939360875,-0.9988216152490806,,1.0476831130676427,GAM,D10,
interaction_surface,-0.5539670964671346,-0.3301749414257022,-0.6658810768327204,,1.0476831130676427,GAM,D10,
interaction_surface,-0.21523005396565775,-0.1769944611709211,-0.33294053841636023,,1.0476831130676427,GAM,D10,
interaction_surface,0.1235069885358191,-0.003842802470626433,-1.3877787807814457e-17,,1.0476831130676427,GAM,D10,
interaction_surface,0.46224403103729594,0.168607109928123,0.3329405384163602,,1.0476831130676427,GAM,D10,
interaction_surface,0.8009810735387726,0.321993351292611,0.6658810768327202,,1.0476831130676427,GAM,D10,
interaction_surface,1.1397181160402496,0.43918066205235207,0.9988216152490805,,1.0476831130676427,GAM,D10,
interaction_surface,1.4784551585417267,0.5068265280319061,1.331762153665441,,1.0476831130676427,GAM,D10,
interaction_surface,1.8171922010432033,0.5225199806784878,1.6647026920818013,,1.0476831130676427,GAM,D10,
interaction_surface,-1.5701782239715651,-0.48997255486846625,-1.7210372461632941,,1.1169779581012687,GAM,D10,
interaction_surface,-1.2314411814700883,-0.49957730521397453,-1.3768297969306353,,1.1169779581012687,GAM,D10,
interaction_surface,-0.8927041389686114,-0.44403836939360875,-1.0326223476979763,,1.1169779581012687,GAM,D10,
interaction_surface,-0.5539670964671346,-0.3301749414257022,-0.6884148984653176,,1.1169779581012687,GAM,D10,
interaction_surface,-0.21523005396565775,-0.1769944611709211,-0.3442074492326588,,1.1169779581012687,GAM,D10,
interaction_surface,0.1235069885358191,-0.0038428024706264052,0.0,,1.1169779581012687,GAM,D10,
interaction_surface,0.46224403103729594,0.16860710992812306,0.3442074492326588,,1.1169779581012687,GAM,D10,
interaction_surface,0.8009810735387726,0.32199335129261103,0.6884148984653174,,1.1169779581012687,GAM,D10,
interaction_surface,1.1397181160402496,0.4391806620523521,1.0326223476979763,,1.1169779581012687,GAM,D10,
interaction_surface,1.4784551585417267,0.506826528031906,1.376829796930635,,1.1169779581012687,GAM,D10,
interaction_surface,1.8171922010432033,0.5225199806784877,1.7210372461632937,,1.1169779581012687,GAM,D10,
interaction_surface,-1.5701782239715651,-0.48997255486846625,-1.777371800244787,,1.186272803134895,GAM,D10,
interaction_surface,-1.2314411814700883,-0.4995773052139746,-1.4218974401958293,,1.186272803134895,GAM,D10,
interaction_surface,-0.8927041389686114,-0.44403836939360875,-1.0664230801468717,,1.186272803134895,GAM,D10,
interaction_surface,-0.5539670964671346,-0.3301749414257022,-0.7109487200979147,,1.186272803134895,GAM,D10,
interaction_surface,-0.21523005396565775,-0.1769944611709211,-0.3554743600489573,,1.186272803134895,GAM,D10,
interaction_surface,0.1235069885358191,-0.0038428024706263775,5.551115123125783e-17,,1.186272803134895,GAM,D10,
interaction_surface,0.46224403103729594,0.16860710992812306,0.35547436004895727,,1.186272803134895,GAM,D10,
interaction_surface,0.8009810735387726,0.32199335129261103,0.7109487200979143,,1.186272803134895,GAM,D10,
interaction_surface,1.1397181160402496,0.4391806620523521,1.0664230801468721,,1.186272803134895,GAM,D10,
interaction_surface,1.4784551585417267,0.5068265280319062,1.4218974401958293,,1.186272803134895,GAM,D10,
interaction_surface,1.8171922010432033,0.5225199806784879,1.7773718002447862,,1.186272803134895,GAM,D10,
interaction_surface,-1.5701782239715651,-0.4899725548684662,-1.83370635432628,,1.2555676481685214,GAM,D10,
interaction_surface,-1.2314411814700883,-0.49957730521397453,-1.466965083461024,,1.2555676481685214,GAM,D10,
interaction_surface,-0.8927041389686114,-0.44403836939360875,-1.1002238125957682,,1.2555676481685214,GAM,D10,
interaction_surface,-0.5539670964671346,-0.33017494142570214,-0.733482541730512,,1.2555676481685214,GAM,D10,
interaction_surface,-0.21523005396565775,-0.17699446117092105,-0.36674127086525593,,1.2555676481685214,GAM,D10,
interaction_surface,0.1235069885358191,-0.0038428024706263497,5.551115123125783e-17,,1.2555676481685214,GAM,D10,
interaction_surface,0.46224403103729594,0.16860710992812306,0.3667412708652561,,1.2555676481685214,GAM,D10,
interaction_surface,0.8009810735387726,0.32199335129261103,0.7334825417305116,,1.2555676481685214,GAM,D10,
interaction_surface,1.1397181160402496,0.4391806620523521,1.100223812595768,,1.2555676481685214,GAM,D10,
interaction_surface,1.4784551585417267,0.506826528031906,1.4669650834610244,,1.2555676481685214,GAM,D10,
interaction_surface,1.8171922010432033,0.5225199806784879,1.8337063543262797,,1.2555676481685214,GAM,D10,
interaction_surface,-1.5701782239715651,-0.48997255486846625,-1.8900409084077723,,1.3248624932021473,GAM,D10,
interaction_surface,-1.2314411814700883,-0.4995773052139746,-1.5120327267262177,,1.3248624932021473,GAM,D10,
interaction_surface,-0.8927041389686114,-0.44403836939360875,-1.1340245450446633,,1.3248624932021473,GAM,D10,
interaction_surface,-0.5539670964671346,-0.33017494142570214,-0.7560163633631088,,1.3248624932021473,GAM,D10,
interaction_surface,-0.21523005396565775,-0.17699446117092107,-0.3780081816815544,,1.3248624932021473,GAM,D10,
interaction_surface,0.1235069885358191,-0.0038428024706264052,2.7755575615628914e-17,,1.3248624932021473,GAM,D10,
interaction_surface,0.46224403103729594,0.168607109928123,0.3780081816815545,,1.3248624932021473,GAM,D10,
interaction_surface,0.8009810735387726,0.3219933512926111,0.7560163633631087,,1.3248624932021473,GAM,D10,
interaction_surface,1.1397181160402496,0.4391806620523522,1.1340245450446635,,1.3248624932021473,GAM,D10,
interaction_surface,1.4784551585417267,0.5068265280319061,1.5120327267262184,,1.3248624932021473,GAM,D10,
interaction_surface,1.8171922010432033,0.5225199806784879,1.890040908407773,,1.3248624932021473,GAM,D10,
interaction_surface,-1.5701782239715651,-0.4899725548684662,-1.9463754624892655,,1.3941573382357737,GAM,D10,
interaction_surface,-1.2314411814700883,-0.49957730521397453,-1.5571003699914125,,1.3941573382357737,GAM,D10,
interaction_surface,-0.8927041389686114,-0.4440383693936087,-1.1678252774935594,,1.3941573382357737,GAM,D10,
interaction_surface,-0.5539670964671346,-0.3301749414257021,-0.7785501849957062,,1.3941573382357737,GAM,D10,
interaction_surface,-0.21523005396565775,-0.17699446117092105,-0.3892750924978531,,1.3941573382357737,GAM,D10,
interaction_surface,0.1235069885358191,-0.0038428024706263497,2.7755575615628914e-17,,1.3941573382357737,GAM,D10,
interaction_surface,0.46224403103729594,0.16860710992812306,0.38927509249785314,,1.3941573382357737,GAM,D10,
interaction_surface,0.8009810735387726,0.32199335129261114,0.7785501849957059,,1.3941573382357737,GAM,D10,
interaction_surface,1.1397181160402496,0.43918066205235223,1.1678252774935591,,1.3941573382357737,GAM,D10,
interaction_surface,1.4784551585417267,0.5068265280319062,1.5571003699914128,,1.3941573382357737,GAM,D10,
interaction_surface,1.8171922010432033,0.5225199806784879,1.9463754624892657,,1.3941573382357737,GAM,D10,
interaction_surface,-1.5701782239715651,-0.48997255486846625,-2.002710016570758,,1.4634521832694,GAM,D10,
interaction_surface,-1.2314411814700883,-0.4995773052139746,-1.6021680132566065,,1.4634521832694,GAM,D10,
interaction_surface,-0.8927041389686114,-0.44403836939360875,-1.201626009942455,,1.4634521832694,GAM,D10,
interaction_surface,-0.5539670964671346,-0.3301749414257022,-0.8010840066283035,,1.4634521832694,GAM,D10,
interaction_surface,-0.21523005396565775,-0.1769944611709211,-0.4005420033141517,,1.4634521832694,GAM,D10,
interaction_surface,0.1235069885358191,-0.0038428024706264052,-5.551115123125783e-17,,1.4634521832694,GAM,D10,
interaction_surface,0.46224403103729594,0.168607109928123,0.4005420033141516,,1.4634521832694,GAM,D10,
interaction_surface,0.8009810735387726,0.3219933512926111,0.8010840066283031,,1.4634521832694,GAM,D10,
interaction_surface,1.1397181160402496,0.43918066205235207,1.201626009942455,,1.4634521832694,GAM,D10,
interaction_surface,1.4784551585417267,0.5068265280319061,1.6021680132566072,,1.4634521832694,GAM,D10,
interaction_surface,1.8171922010432033,0.5225199806784878,2.0027100165707576,,1.4634521832694,GAM,D10,
interaction_surface,-1.5701782239715651,-0.4899725548684662,-2.059044570652251,,1.532747028303026,GAM,D10,
interaction_surface,-1.2314411814700883,-0.4995773052139746,-1.647235656521801,,1.532747028303026,GAM,D10,
interaction_surface,-0.8927041389686114,-0.4440383693936087,-1.2354267423913505,,1.532747028303026,GAM,D10,
interaction_surface,-0.5539670964671346,-0.33017494142570214,-0.8236178282609006,,1.532747028303026,GAM,D10,
interaction_surface,-0.21523005396565775,-0.17699446117092105,-0.4118089141304503,,1.532747028303026,GAM,D10,
interaction_surface,0.1235069885358191,-0.0038428024706263497,0.0,,1.532747028303026,GAM,D10,
interaction_surface,0.46224403103729594,0.16860710992812306,0.4118089141304503,,1.532747028303026,GAM,D10,
interaction_surface,0.8009810735387726,0.3219933512926111,0.8236178282609004,,1.532747028303026,GAM,D10,
interaction_surface,1.1397181160402496,0.43918066205235207,1.2354267423913508,,1.532747028303026,GAM,D10,
interaction_surface,1.4784551585417267,0.5068265280319061,1.6472356565218012,,1.532747028303026,GAM,D10,
interaction_surface,1.8171922010432033,0.5225199806784879,2.0590445706522513,,1.532747028303026,GAM,D10,
interaction_surface,-1.5701782239715651,-0.4899725548684662,-2.1153791247337437,,1.6020418733366524,GAM,D10,
interaction_surface,-1.2314411814700883,-0.4995773052139746,-1.6923032997869951,,1.6020418733366524,GAM,D10,
interaction_surface,-0.8927041389686114,-0.4440383693936087,-1.2692274748402463,,1.6020418733366524,GAM,D10,
interaction_surface,-0.5539670964671346,-0.33017494142570214,-0.8461516498934976,,1.6020418733366524,GAM,D10,
interaction_surface,-0.21523005396565775,-0.17699446117092105,-0.4230758249467488,,1.6020418733366524,GAM,D10,
interaction_surface,0.1235069885358191,-0.0038428024706263497,-2.7755575615628914e-17,,1.6020418733366524,GAM,D10,
interaction_surface,0.46224403103729594,0.16860710992812306,0.42307582494674884,,1.6020418733366524,GAM,D10,
interaction_surface,0.8009810735387726,0.32199335129261103,0.8461516498934973,,1.6020418733366524,GAM,D10,
interaction_surface,1.1397181160402496,0.4391806620523521,1.2692274748402466,,1.6020418733366524,GAM,D10,
interaction_surface,1.4784551585417267,0.5068265280319062,1.6923032997869953,,1.6020418733366524,GAM,D10,
interaction_surface,1.8171922010432033,0.5225199806784879,2.1153791247337446,,1.6020418733366524,GAM,D10,
interaction_surface,-1.5701782239715651,-0.48997255486846614,-2.1717136788152365,,1.6713367183702788,GAM,D10,
interaction_surface,-1.2314411814700883,-0.49957730521397453,-1.7373709430521898,,1.6713367183702788,GAM,D10,
interaction_surface,-0.8927041389686114,-0.4440383693936087,-1.3030282072891421,,1.6713367183702788,GAM,D10,
interaction_surface,-0.5539670964671346,-0.33017494142570214,-0.8686854715260948,,1.6713367183702788,GAM,D10,
interaction_surface,-0.21523005396565775,-0.17699446117092105,-0.4343427357630474,,1.6713367183702788,GAM,D10,
interaction_surface,0.1235069885358191,-0.0038428024706263497,0.0,,1.6713367183702788,GAM,D10,
interaction_surface,0.46224403103729594,0.1686071099281231,0.43434273576304727,,1.6713367183702788,GAM,D10,
interaction_surface,0.8009810735387726,0.32199335129261114,0.8686854715260943,,1.6713367183702788,GAM,D10,
interaction_surface,1.1397181160402496,0.43918066205235223,1.3030282072891421,,1.6713367183702788,GAM,D10,
interaction_surface,1.4784551585417267,0.506826528031906,1.7373709430521895,,1.6713367183702788,GAM,D10,
interaction_surface,1.8171922010432033,0.5225199806784879,2.171713678815237,,1.6713367183702788,GAM,D10,
interaction_surface,-1.5701782239715651,-0.48997255486846614,-2.2280482328967293,,1.7406315634039047,GAM,D10,
interaction_surface,-1.2314411814700883,-0.4995773052139745,-1.7824385863173833,,1.7406315634039047,GAM,D10,
interaction_surface,-0.8927041389686114,-0.4440383693936087,-1.3368289397380377,,1.7406315634039047,GAM,D10,
interaction_surface,-0.5539670964671346,-0.33017494142570214,-0.891219293158692,,1.7406315634039047,GAM,D10,
interaction_surface,-0.21523005396565775,-0.17699446117092105,-0.445609646579346,,1.7406315634039047,GAM,D10,
interaction_surface,0.1235069885358191,-0.0038428024706263497,-2.7755575615628914e-17,,1.7406315634039047,GAM,D10,
interaction_surface,0.46224403103729594,0.16860710992812317,0.44560964657934604,,1.7406315634039047,GAM,D10,
interaction_surface,0.8009810735387726,0.32199335129261103,0.8912192931586915,,1.7406315634039047,GAM,D10,
interaction_surface,1.1397181160402496,0.4391806620523521,1.3368289397380377,,1.7406315634039047,GAM,D10,
interaction_surface,1.4784551585417267,0.5068265280319062,1.7824385863173837,,1.7406315634039047,GAM,D10,
interaction_surface,1.8171922010432033,0.5225199806784879,2.2280482328967293,,1.7406315634039047,GAM,D10,
modifier_effect_by_z,-1.0311622379411445,0.6549594831778485,0.8194256736297397,,-1.0311622379411445,GAM,D10,
modifier_effect_by_z,-0.9618673929075182,0.6549594831778485,0.8194256736297397,,-0.9618673929075182,GAM,D10,
modifier_effect_by_z,-0.892572547873892,0.6549594831778485,0.8194256736297397,,-0.892572547873892,GAM,D10,
modifier_effect_by_z,-0.8232777028402658,0.6549594831778486,0.8194256736297397,,-0.8232777028402658,GAM,D10,
modifier_effect_by_z,-0.7539828578066395,0.6549594831778485,0.8194256736297397,,-0.7539828578066395,GAM,D10,
modifier_effect_by_z,-0.6846880127730133,0.6549594831778486,0.8194256736297397,,-0.6846880127730133,GAM,D10,
modifier_effect_by_z,-0.6153931677393871,0.6549594831778485,0.8194256736297397,,-0.6153931677393871,GAM,D10,
modifier_effect_by_z,-0.5460983227057609,0.6549594831778485,0.8194256736297397,,-0.5460983227057609,GAM,D10,
modifier_effect_by_z,-0.4768034776721346,0.6549594831778485,0.8194256736297397,,-0.4768034776721346,GAM,D10,
modifier_effect_by_z,-0.40750863263850834,0.6549594831778486,0.8194256736297397,,-0.40750863263850834,GAM,D10,
modifier_effect_by_z,-0.3382137876048821,0.6549594831778485,0.8194256736297397,,-0.3382137876048821,GAM,D10,
modifier_effect_by_z,-0.2689189425712559,0.6549594831778485,0.8194256736297397,,-0.2689189425712559,GAM,D10,
modifier_effect_by_z,-0.19962409753762966,0.6549594831778485,0.8194256736297397,,-0.19962409753762966,GAM,D10,
modifier_effect_by_z,-0.1303292525040034,0.6549594831778486,0.8194256736297397,,-0.1303292525040034,GAM,D10,
modifier_effect_by_z,-0.06103440747037725,0.6549594831778485,0.8194256736297397,,-0.06103440747037725,GAM,D10,
modifier_effect_by_z,0.008260437563249123,0.6549594831778485,0.8194256736297397,,0.008260437563249123,GAM,D10,
modifier_effect_by_z,0.07755528259687527,0.6549594831778485,0.8194256736297397,,0.07755528259687527,GAM,D10,
modifier_effect_by_z,0.14685012763050143,0.6549594831778485,0.8194256736297397,,0.14685012763050143,GAM,D10,
modifier_effect_by_z,0.2161449726641278,0.6549594831778485,0.8194256736297397,,0.2161449726641278,GAM,D10,
modifier_effect_by_z,0.28543981769775395,0.6549594831778485,0.8426579108219774,,0.28543981769775395,GAM,D10,
modifier_effect_by_z,0.3547346627313803,0.6549594831778485,0.8880834908785755,,0.3547346627313803,GAM,D10,
modifier_effect_by_z,0.4240295077650065,0.6549594831778486,0.9335090709351737,,0.4240295077650065,GAM,D10,
modifier_effect_by_z,0.4933243527986326,0.6549594831778485,0.9789346509917715,,0.4933243527986326,GAM,D10,
modifier_effect_by_z,0.562619197832259,0.6549594831778485,1.0243602310483697,,0.562619197832259,GAM,D10,
modifier_effect_by_z,0.6319140428658852,0.6549594831778485,1.0697858111049676,,0.6319140428658852,GAM,D10,
modifier_effect_by_z,0.7012088878995113,0.6549594831778485,1.1152113911615658,,0.7012088878995113,GAM,D10,
modifier_effect_by_z,0.7705037329331377,0.6549594831778485,1.1606369712181643,,0.7705037329331377,GAM,D10,
modifier_effect_by_z,0.8397985779667638,0.6549594831778485,1.206062551274762,,0.8397985779667638,GAM,D10,
modifier_effect_by_z,0.90909342300039,0.6549594831778485,1.25148813133136,,0.90909342300039,GAM,D10,
modifier_effect_by_z,0.9783882680340164,0.6549594831778485,1.2969137113879583,,0.9783882680340164,GAM,D10,
modifier_effect_by_z,1.0476831130676427,0.6549594831778485,1.3423392914445564,,1.0476831130676427,GAM,D10,
modifier_effect_by_z,1.1169779581012687,0.6549594831778485,1.3877648715011546,,1.1169779581012687,GAM,D10,
modifier_effect_by_z,1.186272803134895,0.6549594831778485,1.4331904515577525,,1.186272803134895,GAM,D10,
modifier_effect_by_z,1.2555676481685214,0.6549594831778485,1.4786160316143508,,1.2555676481685214,GAM,D10,
modifier_effect_by_z,1.3248624932021473,0.6549594831778485,1.5240416116709483,,1.3248624932021473,GAM,D10,
modifier_effect_by_z,1.3941573382357737,0.6549594831778486,1.5694671917275467,,1.3941573382357737,GAM,D10,
modifier_effect_by_z,1.4634521832694,0.6549594831778485,1.614892771784145,,1.4634521832694,GAM,D10,
modifier_effect_by_z,1.532747028303026,0.6549594831778485,1.6603183518407432,,1.532747028303026,GAM,D10,
modifier_effect_by_z,1.6020418733366524,0.6549594831778485,1.7057439318973409,,1.6020418733366524,GAM,D10,
modifier_effect_by_z,1.6713367183702788,0.6549594831778486,1.7511695119539388,,1.6713367183702788,GAM,D10,
modifier_effect_by_z,1.7406315634039047,0.6549594831778485,1.796595092010537,,1.7406315634039047,GAM,D10,
PD,-1.5701782239715651,-0.747870208942402,-1.2286599626816004,0.014720844470236742,,RF,D10,
PD,-1.4854939633461959,-0.7466235851126589,-1.1672269645475204,-0.0021128382391699674,,RF,D10,
PD,-1.4008097027208266,-0.7482280572306123,-1.1057939664134404,8.602660089618297e-05,,RF,D10,
PD,-1.3161254420954576,-0.746609014914477,-1.0443609682793604,0.20350802609186758,,RF,D10,
PD,-1.2314411814700883,-0.7137602037887759,-0.9829279701452804,0.2629862519535413,,RF,D10,
PD,-1.146756920844719,-0.7020674223118316,-0.9214949720112002,0.10250767435418418,,RF,D10,
PD,-1.06207266021935,-0.6963986305665553,-0.8600619738771205,0.03029618204705109,,RF,D10,
PD,-0.9773883995939807,-0.6969362027589795,-0.7986289757430403,0.2141531059120907,,RF,D10,
PD,-0.8927041389686114,-0.6601278356969716,-0.7371959776089603,0.4757702965105084,,RF,D10,
PD,-0.8080198783432422,-0.6163556911839693,-0.6757629794748803,0.3084899148983564,,RF,D10,
PD,-0.723335617717873,-0.6078793549898708,-0.6143299813408003,0.03958950765935265,,RF,D10,
PD,-0.6386513570925039,-0.60965047481466,-0.5528969832067203,0.3729095769160824,,RF,D10,
PD,-0.5539670964671346,-0.5447202113873554,-0.4914639850726402,1.9773805936914082,,RF,D10,
PD,-0.46928283584176533,-0.2747444477112387,-0.4300309869385601,1.6458829997793332,,RF,D10,
PD,-0.3845985752163963,-0.2659594415629998,-0.36859798880448025,0.11166129425605487,,RF,D10,
PD,-0.299914314591027,-0.2558325394221471,-0.30716499067040015,0.18203389329855346,,RF,D10,
PD,-0.21523005396565775,-0.23512863023750907,-0.2457319925363201,0.7869159992981932,,RF,D10,
PD,-0.13054579334028849,-0.12255374027246493,-0.18429899440224007,1.0399834670188393,,RF,D10,
PD,-0.04586153271491922,-0.05898816830331205,-0.12286599626815999,0.33600055879316865,,RF,D10,
PD,0.03882272791044983,-0.065645822490244,-0.06143299813408008,0.10894508271688355,,RF,D10,
PD,0.1235069885358191,-0.040536300746014026,-1.3877787807814457e-17,0.7836915813949377,,RF,D10,
PD,0.20819124916118836,0.06708686176726938,0.06143299813408004,1.0286605443360302,,RF,D10,
PD,0.2928755097865574,0.13368641451715904,0.12286599626815994,0.5748940763485278,,RF,D10,
PD,0.3775597704119267,0.1644558213542285,0.18429899440224,0.6221277340395102,,RF,D10,
PD,0.46224403103729594,0.23905526886050363,0.2457319925363201,0.8990723016111457,,RF,D10,
PD,0.546928291662665,0.316730367575606,0.3071649906704,0.6959381891943939,,RF,D10,
PD,0.6316125522880345,0.35692529084627467,0.36859798880448025,0.4664086376362413,,RF,D10,
PD,0.7162968129134035,0.39572530883062773,0.43003098693856007,0.35572470181674776,,RF,D10,
PD,0.8009810735387726,0.417173857565337,0.49146398507264005,0.12456853487349617,,RF,D10,
PD,0.8856653341641421,0.4168232973765228,0.5528969832067203,0.13202209208622095,,RF,D10,
PD,0.9703495947895111,0.4395342440744089,0.6143299813408001,0.6784107052295196,,RF,D10,
PD,1.0550338554148806,0.5317247153219177,0.6757629794748805,0.7301358665980358,,RF,D10,
PD,1.1397181160402496,0.563196276112245,0.7371959776089603,0.8055310655778092,,RF,D10,
PD,1.2244023766656187,0.6681563207203626,0.7986289757430403,0.7664527126157754,,RF,D10,
PD,1.3090866372909882,0.6930092386565957,0.8600619738771205,0.26610450347703063,,RF,D10,
PD,1.3937708979163572,0.7132260469724293,0.9214949720112002,0.2638642686875503,,RF,D10,
PD,1.4784551585417267,0.7376995396551137,0.9829279701452804,0.5071130557092607,,RF,D10,
PD,1.5631394191670958,0.7991150353248498,1.0443609682793606,0.5228549047362803,,RF,D10,
PD,1.6478236797924648,0.8262547016989931,1.1057939664134404,0.23379725060502654,,RF,D10,
PD,1.7325079404178343,0.8387129299323114,1.1672269645475206,0.07126321641217537,,RF,D10,
PD,1.8171922010432033,0.8383244472822945,1.2286599626816004,-0.004587424477087758,,RF,D10,
ALE,-1.3764038791144122,-0.7088954297429065,-1.0333121250429878,,,RF,D10,0.07142857142857142
ALE,-0.9908888510806432,-0.6426816921467378,-0.7675359777101876,,,RF,D10,0.10851648351648352
ALE,-0.6705025139292288,-0.46126886125287125,-0.5431828794474486,,,RF,D10,0.08791208791208792
ALE,-0.43731759958216443,-0.28718895151363566,-0.3735171864731026,,,RF,D10,0.06868131868131869
ALE,-0.23699437615071484,-0.19008192311329342,-0.22402237406534897,,,RF,D10,0.07692307692307693
ALE,-0.06917261440317247,-0.08693694610742331,-0.10052552440459395,,,RF,D10,0.050824175824175824
ALE,0.07945952765539052,-0.02631804116277503,0.008318011241508216,,,RF,D10,0.0673076923076923
ALE,0.2874027494947953,0.11563182727617527,0.16319298085768996,,,RF,D10,0.10302197802197802
ALE,0.5552615178811682,0.32326932788231477,0.34899230791103886,,,RF,D10,0.12225274725274725
ALE,0.8154172889283255,0.4298368954491155,0.5282887501059248,,,RF,D10,0.061813186813186816
ALE,1.0876203605970085,0.5752942587138162,0.7261017322079029,,,RF,D10,0.08928571428571429
ALE,1.5266848760894551,0.783369628366218,1.0357441169065393,,,RF,D10,0.09203296703296704
modifier_slice,-1.5701782239715651,-0.69490586810938,-1.0162111275044305,,-0.5,RF,D10,
modifier_slice,-1.4854939633461959,-0.6937550465181446,-0.965400571129209,,-0.5,RF,D10,
modifier_slice,-1.4008097027208266,-0.6955102144763337,-0.9145900147539877,,-0.5,RF,D10,
modifier_slice,-1.3161254420954576,-0.694431638020047,-0.8637794583787661,,-0.5,RF,D10,
modifier_slice,-1.2314411814700883,-0.6595369626564578,-0.8129689020035444,,-0.5,RF,D10,
modifier_slice,-1.146756920844719,-0.6486958893569357,-0.762158345628323,,-0.5,RF,D10,
modifier_slice,-1.06207266021935,-0.6442273377974002,-0.7113477892531015,,-0.5,RF,D10,
modifier_slice,-0.9773883995939807,-0.6446502116689643,-0.6605372328778799,,-0.5,RF,D10,
modifier_slice,-0.8927041389686114,-0.6098522973554692,-0.6097266765026583,,-0.5,RF,D10,
modifier_slice,-0.8080198783432422,-0.5700540929603166,-0.5589161201274369,,-0.5,RF,D10,
modifier_slice,-0.723335617717873,-0.5612757568182247,-0.5081055637522153,,-0.5,RF,D10,
modifier_slice,-0.6386513570925039,-0.5626322734245788,-0.45729500737699386,,-0.5,RF,D10,
modifier_slice,-0.5539670964671346,-0.5057792111308415,-0.4064844510017722,,-0.5,RF,D10,
modifier_slice,-0.46928283584176533,-0.2684779452827517,-0.35567389462655064,,-0.5,RF,D10,
modifier_slice,-0.3845985752163963,-0.26177472246447736,-0.3048633382513293,,-0.5,RF,D10,
modifier_slice,-0.299914314591027,-0.25856708441443876,-0.2540527818761077,,-0.5,RF,D10,
modifier_slice,-0.21523005396565775,-0.24105885469469582,-0.20324222550088616,,-0.5,RF,D10,
modifier_slice,-0.13054579334028849,-0.13413331934653008,-0.15243166912566458,,-0.5,RF,D10,
modifier_slice,-0.04586153271491922,-0.0760085661941184,-0.10162111275044301,,-0.5,RF,D10,
modifier_slice,0.03882272791044983,-0.0812073891027248,-0.05081055637522159,,-0.5,RF,D10,
modifier_slice,0.1235069885358191,-0.052812515713766106,-2.7755575615628914e-17,,-0.5,RF,D10,
modifier_slice,0.20819124916118836,0.05504319758884052,0.05081055637522153,,-0.5,RF,D10,
modifier_slice,0.2928755097865574,0.12172146593517419,0.10162111275044293,,-0.5,RF,D10,
modifier_slice,0.3775597704119267,0.14895184000186606,0.15243166912566453,,-0.5,RF,D10,
modifier_slice,0.46224403103729594,0.21259589922503047,0.2032422255008861,,-0.5,RF,D10,
modifier_slice,0.546928291662665,0.2793323527356311,0.2540527818761075,,-0.5,RF,D10,
modifier_slice,0.6316125522880345,0.3201269999980811,0.3048633382513292,,-0.5,RF,D10,
modifier_slice,0.7162968129134035,0.3551398895309075,0.3556738946265506,,-0.5,RF,D10,
modifier_slice,0.8009810735387726,0.38249427741330294,0.4064844510017721,,-0.5,RF,D10,
modifier_slice,0.8856653341641421,0.38119240800629545,0.45729500737699375,,-0.5,RF,D10,
modifier_slice,0.9703495947895111,0.40220867466693705,0.5081055637522152,,-0.5,RF,D10,
modifier_slice,1.0550338554148806,0.49411230987671,0.5589161201274369,,-0.5,RF,D10,
modifier_slice,1.1397181160402496,0.5227958731979103,0.6097266765026583,,-0.5,RF,D10,
modifier_slice,1.2244023766656187,0.6334021749420484,0.6605372328778797,,-0.5,RF,D10,
modifier_slice,1.3090866372909882,0.6598053037045231,0.7113477892531014,,-0.5,RF,D10,
modifier_slice,1.3937708979163572,0.6803791914727333,0.7621583456283227,,-0.5,RF,D10,
modifier_slice,1.4784551585417267,0.7076543817179128,0.8129689020035444,,-0.5,RF,D10,
modifier_slice,1.5631394191670958,0.7723789504556962,0.8637794583787659,,-0.5,RF,D10,
modifier_slice,1.6478236797924648,0.8013951873142222,0.9145900147539875,,-0.5,RF,D10,
modifier_slice,1.7325079404178343,0.8145026511863953,0.9654005711292092,,-0.5,RF,D10,
modifier_slice,1.8171922010432033,0.8141141685363786,1.0162111275044305,,-0.5,RF,D10,
modifier_slice,-1.5701782239715651,-0.8539318760331278,-1.4226955785062028,,0.75,RF,D10,
modifier_slice,-1.4854939633461959,-0.8525594859298683,-1.3515607995808925,,0.75,RF,D10,
modifier_slice,-1.4008097027208266,-0.8543146538880575,-1.2804260206555822,,0.75,RF,D10,
modifier_slice,-1.3161254420954576,-0.852445748515883,-1.2092912417302724,,0.75,RF,D10,
modifier_slice,-1.2314411814700883,-0.8189566795030243,-1.138156462804962,,0.75,RF,D10,
modifier_slice,-1.146756920844719,-0.8039240863846382,-1.067021683879652,,0.75,RF,D10,
modifier_slice,-1.06207266021935,-0.7967388072819087,-0.995886904954342,,0.75,RF,D10,
modifier_slice,-0.9773883995939807,-0.7970276683220554,-0.9247521260290316,,0.75,RF,D10,
modifier_slice,-0.8927041389686114,-0.7566886584114604,-0.8536173471037215,,0.75,RF,D10,
modifier_slice,-0.8080198783432422,-0.7020450250178285,-0.7824825681784113,,0.75,RF,D10,
modifier_slice,-0.723335617717873,-0.6931796523102262,-0.7113477892531012,,0.75,RF,D10,
modifier_slice,-0.6386513570925039,-0.6962026694091777,-0.6402130103277912,,0.75,RF,D10,
modifier_slice,-0.5539670964671346,-0.6115378485615195,-0.569078231402481,,0.75,RF,D10,
modifier_slice,-0.46928283584176533,-0.2788451653240779,-0.49794345247717076,,0.75,RF,D10,
modifier_slice,-0.3845985752163963,-0.2663518631641798,-0.4268086735518608,,0.75,RF,D10,
modifier_slice,-0.299914314591027,-0.2419493709360558,-0.35567389462655064,,0.75,RF,D10,
modifier_slice,-0.21523005396565775,-0.2165844912973418,-0.28453911570124046,,0.75,RF,D10,
modifier_slice,-0.13054579334028849,-0.10367583922585767,-0.21340433677593032,,0.75,RF,D10,
modifier_slice,-0.04586153271491922,-0.03268366472561132,-0.14226955785062015,,0.75,RF,D10,
modifier_slice,0.03882272791044983,-0.04749090578929091,-0.07113477892531014,,0.75,RF,D10,
modifier_slice,0.1235069885358191,-0.02708974679877965,0.0,,0.75,RF,D10,
modifier_slice,0.20819124916118836,0.09134564943174492,0.07113477892531023,,0.75,RF,D10,
modifier_slice,0.2928755097865574,0.15865245819270893,0.14226955785062015,,0.75,RF,D10,
modifier_slice,0.3775597704119267,0.19748164097296825,0.21340433677593038,,0.75,RF,D10,
modifier_slice,0.46224403103729594,0.2963928881808633,0.2845391157012406,,0.75,RF,D10,
modifier_slice,0.546928291662665,0.3822851805173282,0.3556738946265505,,0.75,RF,D10,
modifier_slice,0.6316125522880345,0.42258923142537197,0.4268086735518609,,0.75,RF,D10,
modifier_slice,0.7162968129134035,0.46537433909503134,0.497943452477171,,0.75,RF,D10,
modifier_slice,0.8009810735387726,0.478735885393063,0.5690782314024809,,0.75,RF,D10,
modifier_slice,0.8856653341641421,0.4777874441627553,0.6402130103277913,,0.75,RF,D10,
modifier_slice,0.9703495947895111,0.5003193485048631,0.7113477892531012,,0.75,RF,D10,
modifier_slice,1.0550338554148806,0.5989892792664271,0.7824825681784117,,0.75,RF,D10,
modifier_slice,1.1397181160402496,0.636762993043942,0.8536173471037216,,0.75,RF,D10,
modifier_slice,1.2244023766656187,0.7342081409507856,0.9247521260290317,,0.75,RF,D10,
modifier_slice,1.3090866372909882,0.7579562552164338,0.995886904954342,,0.75,RF,D10,
modifier_slice,1.3937708979163572,0.7772132162973353,1.067021683879652,,0.75,RF,D10,
modifier_slice,1.4784551585417267,0.8009062977805028,1.138156462804962,,0.75,RF,D10,
modifier_slice,1.5631394191670958,0.8575546172023261,1.2092912417302724,,0.75,RF,D10,
modifier_slice,1.6478236797924648,0.8813342149759626,1.280426020655582,,0.75,RF,D10,
modifier_slice,1.7325079404178343,0.894361654434787,1.3515607995808925,,0.75,RF,D10,
modifier_slice,1.8171922010432033,0.8939731717847701,1.4226955785062028,,0.75,RF,D10,
pure_interaction_contrast,-1.5701782239715651,-0.15902600792374777,-0.4064844510017722,,,RF,D10,
pure_interaction_contrast,-1.4854939633461959,-0.15880443941172373,-0.3861602284516835,,,RF,D10,
pure_interaction_contrast,-1.4008097027208266,-0.15880443941172384,-0.3658360059015945,,,RF,D10,
pure_interaction_contrast,-1.3161254420954576,-0.1580141104958359,-0.34551178335150623,,,RF,D10,
pure_interaction_contrast,-1.2314411814700883,-0.15941971684656653,-0.32518756080141764,,,RF,D10,
pure_interaction_contrast,-1.146756920844719,-0.15522819702770252,-0.30486333825132905,,,RF,D10,
pure_interaction_contrast,-1.06207266021935,-0.15251146948450856,-0.28453911570124046,,,RF,D10,
pure_interaction_contrast,-0.9773883995939807,-0.1523774566530911,-0.26421489315115165,,,RF,D10,
pure_interaction_contrast,-0.8927041389686114,-0.14683636105599118,-0.24389067060106318,,,RF,D10,
pure_interaction_contrast,-0.8080198783432422,-0.1319909320575119,-0.22356644805097448,,,RF,D10,
pure_interaction_contrast,-0.723335617717873,-0.13190389549200143,-0.2032422255008859,,,RF,D10,
pure_interaction_contrast,-0.6386513570925039,-0.13357039598459897,-0.18291800295079735,,,RF,D10,
pure_interaction_contrast,-0.5539670964671346,-0.10575863743067804,-0.16259378040070882,,,RF,D10,
pure_interaction_contrast,-0.46928283584176533,-0.010367220041326175,-0.14226955785062012,,,RF,D10,
pure_interaction_contrast,-0.3845985752163963,-0.004577140699702442,-0.12194533530053153,,,RF,D10,
pure_interaction_contrast,-0.299914314591027,0.01661771347838295,-0.10162111275044294,,,RF,D10,
pure_interaction_contrast,-0.21523005396565775,0.02447436339735401,-0.0812968902003543,,,RF,D10,
pure_interaction_contrast,-0.13054579334028849,0.03045748012067241,-0.06097266765026574,,,RF,D10,
pure_interaction_contrast,-0.04586153271491922,0.04332490146850708,-0.040648445100177136,,,RF,D10,
pure_interaction_contrast,0.03882272791044983,0.033716483313433895,-0.020324222550088554,,,RF,D10,
pure_interaction_contrast,0.1235069885358191,0.025722768914986455,2.7755575615628914e-17,,,RF,D10,
pure_interaction_contrast,0.20819124916118836,0.0363024518429044,0.0203242225500887,,,RF,D10,
pure_interaction_contrast,0.2928755097865574,0.03693099225753474,0.04064844510017722,,,RF,D10,
pure_interaction_contrast,0.3775597704119267,0.04852980097110218,0.06097266765026585,,,RF,D10,
pure_interaction_contrast,0.46224403103729594,0.08379698895583282,0.08129689020035447,,,RF,D10,
pure_interaction_contrast,0.546928291662665,0.10295282778169706,0.101621112750443,,,RF,D10,
pure_interaction_contrast,0.6316125522880345,0.10246223142729088,0.1219453353005317,,,RF,D10,
pure_interaction_contrast,0.7162968129134035,0.11023444956412382,0.1422695578506204,,,RF,D10,
pure_interaction_contrast,0.8009810735387726,0.09624160797976006,0.16259378040070882,,,RF,D10,
pure_interaction_contrast,0.8856653341641421,0.09659503615645987,0.18291800295079758,,,RF,D10,
pure_interaction_contrast,0.9703495947895111,0.0981106738379261,0.203242225500886,,,RF,D10,
pure_interaction_contrast,1.0550338554148806,0.10487696938971708,0.2235664480509748,,,RF,D10,
pure_interaction_contrast,1.1397181160402496,0.1139671198460317,0.2438906706010633,,,RF,D10,
pure_interaction_contrast,1.2244023766656187,0.10080596600873715,0.264214893151152,,,RF,D10,
pure_interaction_contrast,1.3090866372909882,0.09815095151191078,0.2845391157012406,,,RF,D10,
pure_interaction_contrast,1.3937708979163572,0.09683402482460202,0.3048633382513293,,,RF,D10,
pure_interaction_contrast,1.4784551585417267,0.09325191606258998,0.32518756080141764,,,RF,D10,
pure_interaction_contrast,1.5631394191670958,0.08517566674662991,0.34551178335150645,,,RF,D10,
pure_interaction_contrast,1.6478236797924648,0.07993902766174044,0.3658360059015945,,,RF,D10,
pure_interaction_contrast,1.7325079404178343,0.07985900324839168,0.3861602284516833,,,RF,D10,
pure_interaction_contrast,1.8171922010432033,0.07985900324839146,0.4064844510017722,,,RF,D10,
interaction_surface,-1.5701782239715651,-0.6467889355117477,-1.0162111275044305,,-1.0311622379411445,RF,D10,
interaction_surface,-1.2314411814700883,-0.6174497130082105,-0.8129689020035444,,-1.0311622379411445,RF,D10,
interaction_surface,-0.8927041389686114,-0.5727850056664728,-0.6097266765026583,,-1.0311622379411445,RF,D10,
interaction_surface,-0.5539670964671346,-0.474451015431574,-0.4064844510017722,,-1.0311622379411445,RF,D10,
interaction_surface,-0.21523005396565775,-0.1984846269441932,-0.20324222550088616,,-1.0311622379411445,RF,D10,
interaction_surface,0.1235069885358191,-0.006537243979235635,-2.7755575615628914e-17,,-1.0311622379411445,RF,D10,
interaction_surface,0.46224403103729594,0.1976738450251824,0.2032422255008861,,-1.0311622379411445,RF,D10,
interaction_surface,0.8009810735387726,0.34715942064751615,0.4064844510017721,,-1.0311622379411445,RF,D10,
interaction_surface,1.1397181160402496,0.46628140435655974,0.6097266765026583,,-1.0311622379411445,RF,D10,
interaction_surface,1.4784551585417267,0.6390663823602559,0.8129689020035444,,-1.0311622379411445,RF,D10,
interaction_surface,1.8171922010432033,0.7417317249555062,1.0162111275044305,,-1.0311622379411445,RF,D10,
interaction_surface,-1.5701782239715651,-0.6486968009212984,-1.0162111275044305,,-0.9618673929075182,RF,D10,
interaction_surface,-1.2314411814700883,-0.6190794470172555,-0.8129689020035444,,-0.9618673929075182,RF,D10,
interaction_surface,-0.8927041389686114,-0.5744147396755178,-0.6097266765026583,,-0.9618673929075182,RF,D10,
interaction_surface,-0.5539670964671346,-0.47552810700627335,-0.4064844510017722,,-0.9618673929075182,RF,D10,
interaction_surface,-0.21523005396565775,-0.19976329577056004,-0.20324222550088616,,-0.9618673929075182,RF,D10,
interaction_surface,0.1235069885358191,-0.008377692474356463,-2.7755575615628914e-17,,-0.9618673929075182,RF,D10,
interaction_surface,0.46224403103729594,0.19928459873556184,0.2032422255008861,,-0.9618673929075182,RF,D10,
interaction_surface,0.8009810735387726,0.34899276829213866,0.4064844510017721,,-0.9618673929075182,RF,D10,
interaction_surface,1.1397181160402496,0.46723838774402526,0.6097266765026583,,-0.9618673929075182,RF,D10,
interaction_surface,1.4784551585417267,0.6400233657477215,0.8129689020035444,,-0.9618673929075182,RF,D10,
interaction_surface,1.8171922010432033,0.7427711258426345,1.0162111275044305,,-0.9618673929075182,RF,D10,
interaction_surface,-1.5701782239715651,-0.6478756248617258,-1.0162111275044305,,-0.892572547873892,RF,D10,
interaction_surface,-1.2314411814700883,-0.6182582709576828,-0.8129689020035444,,-0.892572547873892,RF,D10,
interaction_surface,-0.8927041389686114,-0.5735935636159452,-0.6097266765026583,,-0.892572547873892,RF,D10,
interaction_surface,-0.5539670964671346,-0.4747069309467008,-0.4064844510017722,,-0.892572547873892,RF,D10,
interaction_surface,-0.21523005396565775,-0.20064290920399552,-0.20324222550088616,,-0.892572547873892,RF,D10,
interaction_surface,0.1235069885358191,-0.009750246275754687,-2.7755575615628914e-17,,-0.892572547873892,RF,D10,
interaction_surface,0.46224403103729594,0.19719638517580898,0.2032422255008861,,-0.892572547873892,RF,D10,
interaction_surface,0.8009810735387726,0.3473886069341906,0.4064844510017721,,-0.892572547873892,RF,D10,
interaction_surface,1.1397181160402496,0.46733993398208773,0.6097266765026583,,-0.892572547873892,RF,D10,
interaction_surface,1.4784551585417267,0.6412829370982819,0.8129689020035444,,-0.892572547873892,RF,D10,
interaction_surface,1.8171922010432033,0.7452381009574307,1.0162111275044305,,-0.892572547873892,RF,D10,
interaction_surface,-1.5701782239715651,-0.6492123080049901,-1.0162111275044305,,-0.8232777028402658,RF,D10,
interaction_surface,-1.2314411814700883,-0.6195949541009471,-0.8129689020035444,,-0.8232777028402658,RF,D10,
interaction_surface,-0.8927041389686114,-0.5749302467592095,-0.6097266765026583,,-0.8232777028402658,RF,D10,
interaction_surface,-0.5539670964671346,-0.4758022201195371,-0.4064844510017722,,-0.8232777028402658,RF,D10,
interaction_surface,-0.21523005396565775,-0.2016207867424101,-0.20324222550088616,,-0.8232777028402658,RF,D10,
interaction_surface,0.1235069885358191,-0.01120650285128505,-2.7755575615628914e-17,,-0.8232777028402658,RF,D10,
interaction_surface,0.46224403103729594,0.19800108842062603,0.2032422255008861,,-0.8232777028402658,RF,D10,
interaction_surface,0.8009810735387726,0.3490587671805684,0.4064844510017721,,-0.8232777028402658,RF,D10,
interaction_surface,1.1397181160402496,0.46865806935717014,0.6097266765026583,,-0.8232777028402658,RF,D10,
interaction_surface,1.4784551585417267,0.6424975559066334,0.8129689020035444,,-0.8232777028402658,RF,D10,
interaction_surface,1.8171922010432033,0.7471955427898135,1.0162111275044305,,-0.8232777028402658,RF,D10,
interaction_surface,-1.5701782239715651,-0.6546899638875819,-1.0162111275044305,,-0.7539828578066395,RF,D10,
interaction_surface,-1.2314411814700883,-0.6232999387129613,-0.8129689020035444,,-0.7539828578066395,RF,D10,
interaction_surface,-0.8927041389686114,-0.578177972526108,-0.6097266765026583,,-0.7539828578066395,RF,D10,
interaction_surface,-0.5539670964671346,-0.477475199659122,-0.4064844510017722,,-0.7539828578066395,RF,D10,
interaction_surface,-0.21523005396565775,-0.20233701380348157,-0.20324222550088616,,-0.7539828578066395,RF,D10,
interaction_surface,0.1235069885358191,-0.015823237782154137,-2.7755575615628914e-17,,-0.7539828578066395,RF,D10,
interaction_surface,0.46224403103729594,0.19790656131821752,0.2032422255008861,,-0.7539828578066395,RF,D10,
interaction_surface,0.8009810735387726,0.3483584227928609,0.4064844510017721,,-0.7539828578066395,RF,D10,
interaction_surface,1.1397181160402496,0.47289174697470027,0.6097266765026583,,-0.7539828578066395,RF,D10,
interaction_surface,1.4784551585417267,0.6492686727198411,0.8129689020035444,,-0.7539828578066395,RF,D10,
interaction_surface,1.8171922010432033,0.7580571622842924,1.0162111275044305,,-0.7539828578066395,RF,D10,
interaction_surface,-1.5701782239715651,-0.6558469482912789,-1.0162111275044305,,-0.6846880127730133,RF,D10,
interaction_surface,-1.2314411814700883,-0.6244569231166582,-0.8129689020035444,,-0.6846880127730133,RF,D10,
interaction_surface,-0.8927041389686114,-0.579334956929805,-0.6097266765026583,,-0.6846880127730133,RF,D10,
interaction_surface,-0.5539670964671346,-0.47863218406281893,-0.4064844510017722,,-0.6846880127730133,RF,D10,
interaction_surface,-0.21523005396565775,-0.20310561997552445,-0.20324222550088616,,-0.6846880127730133,RF,D10,
interaction_surface,0.1235069885358191,-0.016591843954197022,-2.7755575615628914e-17,,-0.6846880127730133,RF,D10,
interaction_surface,0.46224403103729594,0.1986286451124519,0.2032422255008861,,-0.6846880127730133,RF,D10,
interaction_surface,0.8009810735387726,0.35006489313081723,0.4064844510017721,,-0.6846880127730133,RF,D10,
interaction_surface,1.1397181160402496,0.4741415910257599,0.6097266765026583,,-0.6846880127730133,RF,D10,
interaction_surface,1.4784551585417267,0.6504023145233448,0.8129689020035444,,-0.6846880127730133,RF,D10,
interaction_surface,1.8171922010432033,0.7587872154102151,1.0162111275044305,,-0.6846880127730133,RF,D10,
interaction_surface,-1.5701782239715651,-0.6675138022043091,-1.0162111275044305,,-0.6153931677393871,RF,D10,
interaction_surface,-1.2314411814700883,-0.633444243365086,-0.8129689020035444,,-0.6153931677393871,RF,D10,
interaction_surface,-0.8927041389686114,-0.5863742967673888,-0.6097266765026583,,-0.6153931677393871,RF,D10,
interaction_surface,-0.5539670964671346,-0.4851071227901552,-0.4064844510017722,,-0.6153931677393871,RF,D10,
interaction_surface,-0.21523005396565775,-0.21162245036328625,-0.20324222550088616,,-0.6153931677393871,RF,D10,
interaction_surface,0.1235069885358191,-0.026570538915095143,-2.7755575615628914e-17,,-0.6153931677393871,RF,D10,
interaction_surface,0.46224403103729594,0.202909959636671,0.2032422255008861,,-0.6153931677393871,RF,D10,
interaction_surface,0.8009810735387726,0.3596983894789423,0.4064844510017721,,-0.6153931677393871,RF,D10,
interaction_surface,1.1397181160402496,0.48666563811341046,0.6097266765026583,,-0.6153931677393871,RF,D10,
interaction_surface,1.4784551585417267,0.6632231096966268,0.8129689020035444,,-0.6153931677393871,RF,D10,
interaction_surface,1.8171922010432033,0.771608010583497,1.0162111275044305,,-0.6153931677393871,RF,D10,
interaction_surface,-1.5701782239715651,-0.6866470339332279,-1.0162111275044305,,-0.5460983227057609,RF,D10,
interaction_surface,-1.2314411814700883,-0.6514247009746906,-0.8129689020035444,,-0.5460983227057609,RF,D10,
interaction_surface,-0.8927041389686114,-0.6029514096994787,-0.6097266765026583,,-0.5460983227057609,RF,D10,
interaction_surface,-0.5539670964671346,-0.4989189290570726,-0.4064844510017722,,-0.5460983227057609,RF,D10,
interaction_surface,-0.21523005396565775,-0.2258932220818115,-0.20324222550088616,,-0.5460983227057609,RF,D10,
interaction_surface,0.1235069885358191,-0.038201195649350705,-2.7755575615628914e-17,,-0.5460983227057609,RF,D10,
interaction_surface,0.46224403103729594,0.2147295248761841,0.2032422255008861,,-0.5460983227057609,RF,D10,
interaction_surface,0.8009810735387726,0.37201438292731404,0.4064844510017721,,-0.5460983227057609,RF,D10,
interaction_surface,1.1397181160402496,0.505779763534929,0.6097266765026583,,-0.5460983227057609,RF,D10,
interaction_surface,1.4784551585417267,0.687536786110419,0.8129689020035444,,-0.5460983227057609,RF,D10,
interaction_surface,1.8171922010432033,0.793467449237861,1.0162111275044305,,-0.5460983227057609,RF,D10,
interaction_surface,-1.5701782239715651,-0.7047869246929879,-1.0162111275044305,,-0.4768034776721346,RF,D10,
interaction_surface,-1.2314411814700883,-0.6689906049481471,-0.8129689020035444,,-0.4768034776721346,RF,D10,
interaction_surface,-0.8927041389686114,-0.6190652067855017,-0.6097266765026583,,-0.4768034776721346,RF,D10,
interaction_surface,-0.5539670964671346,-0.510657721768582,-0.4064844510017722,,-0.4768034776721346,RF,D10,
interaction_surface,-0.21523005396565775,-0.24497705668380704,-0.20324222550088616,,-0.4768034776721346,RF,D10,
interaction_surface,0.1235069885358191,-0.05558586920588619,-2.7755575615628914e-17,,-0.4768034776721346,RF,D10,
interaction_surface,0.46224403103729594,0.21503569251139076,0.2032422255008861,,-0.4768034776721346,RF,D10,
interaction_surface,0.8009810735387726,0.3892819403929344,0.4064844510017721,,-0.4768034776721346,RF,D10,
interaction_surface,1.1397181160402496,0.531229963387826,0.6097266765026583,,-0.4768034776721346,RF,D10,
interaction_surface,1.4784551585417267,0.7170844501499644,0.8129689020035444,,-0.4768034776721346,RF,D10,
interaction_surface,1.8171922010432033,0.8238660728125256,1.0162111275044305,,-0.4768034776721346,RF,D10,
interaction_surface,-1.5701782239715651,-0.7099007399378636,-1.0162111275044305,,-0.40750863263850834,RF,D10,
interaction_surface,-1.2314411814700883,-0.6742912094335101,-0.8129689020035444,,-0.40750863263850834,RF,D10,
interaction_surface,-0.8927041389686114,-0.622228834073371,-0.6097266765026583,,-0.40750863263850834,RF,D10,
interaction_surface,-0.5539670964671346,-0.5156550904147046,-0.4064844510017722,,-0.40750863263850834,RF,D10,
interaction_surface,-0.21523005396565775,-0.25714517442522433,-0.20324222550088616,,-0.40750863263850834,RF,D10,
interaction_surface,0.1235069885358191,-0.06615078543790602,-2.7755575615628914e-17,,-0.40750863263850834,RF,D10,
interaction_surface,0.46224403103729594,0.21187773554966438,0.2032422255008861,,-0.40750863263850834,RF,D10,
interaction_surface,0.8009810735387726,0.3915220427961578,0.4064844510017721,,-0.40750863263850834,RF,D10,
interaction_surface,1.1397181160402496,0.5436191668971591,0.6097266765026583,,-0.40750863263850834,RF,D10,
interaction_surface,1.4784551585417267,0.73375995483923,0.8129689020035444,,-0.40750863263850834,RF,D10,
interaction_surface,1.8171922010432033,0.8413224127762728,1.0162111275044305,,-0.40750863263850834,RF,D10,
interaction_surface,-1.5701782239715651,-0.7392768025798208,-1.0162111275044305,,-0.3382137876048821,RF,D10,
interaction_surface,-1.2314411814700883,-0.7016097430009893,-0.8129689020035444,,-0.3382137876048821,RF,D10,
interaction_surface,-0.8927041389686114,-0.6445374143401884,-0.6097266765026583,,-0.3382137876048821,RF,D10,
interaction_surface,-0.5539670964671346,-0.529378609867014,-0.4064844510017722,,-0.3382137876048821,RF,D10,
interaction_surface,-0.21523005396565775,-0.26249412397202776,-0.20324222550088616,,-0.3382137876048821,RF,D10,
interaction_surface,0.1235069885358191,-0.06651535928732114,-2.7755575615628914e-17,,-0.3382137876048821,RF,D10,
interaction_surface,0.46224403103729594,0.22301234514466872,0.2032422255008861,,-0.3382137876048821,RF,D10,
interaction_surface,0.8009810735387726,0.4080544162738074,0.4064844510017721,,-0.3382137876048821,RF,D10,
interaction_surface,1.1397181160402496,0.5638409657421832,0.6097266765026583,,-0.3382137876048821,RF,D10,
interaction_surface,1.4784551585417267,0.7541308629315331,0.8129689020035444,,-0.3382137876048821,RF,D10,
interaction_surface,1.8171922010432033,0.8615261528711561,1.0162111275044305,,-0.3382137876048821,RF,D10,
interaction_surface,-1.5701782239715651,-0.7477901719723928,-1.0162111275044305,,-0.2689189425712559,RF,D10,
interaction_surface,-1.2314411814700883,-0.7105378266658373,-0.8129689020035444,,-0.2689189425712559,RF,D10,
interaction_surface,-0.8927041389686114,-0.6526538200894054,-0.6097266765026583,,-0.2689189425712559,RF,D10,
interaction_surface,-0.5539670964671346,-0.5358427579759717,-0.4064844510017722,,-0.2689189425712559,RF,D10,
interaction_surface,-0.21523005396565775,-0.2649438613783791,-0.20324222550088616,,-0.2689189425712559,RF,D10,
interaction_surface,0.1235069885358191,-0.06959593210862075,-2.7755575615628914e-17,,-0.2689189425712559,RF,D10,
interaction_surface,0.46224403103729594,0.22653144029292274,0.2032422255008861,,-0.2689189425712559,RF,D10,
interaction_surface,0.8009810735387726,0.416841407299251,0.4064844510017721,,-0.2689189425712559,RF,D10,
interaction_surface,1.1397181160402496,0.5737566767099604,0.6097266765026583,,-0.2689189425712559,RF,D10,
interaction_surface,1.4784551585417267,0.7626251277980798,0.8129689020035444,,-0.2689189425712559,RF,D10,
interaction_surface,1.8171922010432033,0.8680743864829619,1.0162111275044305,,-0.2689189425712559,RF,D10,
interaction_surface,-1.5701782239715651,-0.7505280688525234,-1.0162111275044305,,-0.19962409753762966,RF,D10,
interaction_surface,-1.2314411814700883,-0.7131025474045319,-0.8129689020035444,,-0.19962409753762966,RF,D10,
interaction_surface,-0.8927041389686114,-0.6553981031203078,-0.6097266765026583,,-0.19962409753762966,RF,D10,
interaction_surface,-0.5539670964671346,-0.5388600403442682,-0.4064844510017722,,-0.19962409753762966,RF,D10,
interaction_surface,-0.21523005396565775,-0.2660012380525638,-0.20324222550088616,,-0.19962409753762966,RF,D10,
interaction_surface,0.1235069885358191,-0.07165030723959998,-2.7755575615628914e-17,,-0.19962409753762966,RF,D10,
interaction_surface,0.46224403103729594,0.2271542910718795,0.2032422255008861,,-0.19962409753762966,RF,D10,
interaction_surface,0.8009810735387726,0.4211909274858944,0.4064844510017721,,-0.19962409753762966,RF,D10,
interaction_surface,1.1397181160402496,0.5778327983821753,0.6097266765026583,,-0.19962409753762966,RF,D10,
interaction_surface,1.4784551585417267,0.7653781524028218,0.8129689020035444,,-0.19962409753762966,RF,D10,
interaction_surface,1.8171922010432033,0.8693737828439337,1.0162111275044305,,-0.19962409753762966,RF,D10,
interaction_surface,-1.5701782239715651,-0.7567586090076246,-1.0162111275044305,,-0.1303292525040034,RF,D10,
interaction_surface,-1.2314411814700883,-0.719565493900981,-0.8129689020035444,,-0.1303292525040034,RF,D10,
interaction_surface,-0.8927041389686114,-0.6591866294900787,-0.6097266765026583,,-0.1303292525040034,RF,D10,
interaction_surface,-0.5539670964671346,-0.5436336864663451,-0.4064844510017722,,-0.1303292525040034,RF,D10,
interaction_surface,-0.21523005396565775,-0.2699836523317625,-0.20324222550088616,,-0.1303292525040034,RF,D10,
interaction_surface,0.1235069885358191,-0.0764246882226191,-2.7755575615628914e-17,,-0.1303292525040034,RF,D10,
interaction_surface,0.46224403103729594,0.2254469923263101,0.2032422255008861,,-0.1303292525040034,RF,D10,
interaction_surface,0.8009810735387726,0.424366502960797,0.4064844510017721,,-0.1303292525040034,RF,D10,
interaction_surface,1.1397181160402496,0.5857776320714067,0.6097266765026583,,-0.1303292525040034,RF,D10,
interaction_surface,1.4784551585417267,0.7734745795673145,0.8129689020035444,,-0.1303292525040034,RF,D10,
interaction_surface,1.8171922010432033,0.8774702100084265,1.0162111275044305,,-0.1303292525040034,RF,D10,
interaction_surface,-1.5701782239715651,-0.7650091091076912,-1.0162111275044305,,-0.06103440747037725,RF,D10,
interaction_surface,-1.2314411814700883,-0.7266359822149979,-0.8129689020035444,,-0.06103440747037725,RF,D10,
interaction_surface,-0.8927041389686114,-0.6656852154253834,-0.6097266765026583,,-0.06103440747037725,RF,D10,
interaction_surface,-0.5539670964671346,-0.5494275453261885,-0.4064844510017722,,-0.06103440747037725,RF,D10,
interaction_surface,-0.21523005396565775,-0.27202114841644015,-0.20324222550088616,,-0.06103440747037725,RF,D10,
interaction_surface,0.1235069885358191,-0.0772471562601812,-2.7755575615628914e-17,,-0.06103440747037725,RF,D10,
interaction_surface,0.46224403103729594,0.2261273549898526,0.2032422255008861,,-0.06103440747037725,RF,D10,
interaction_surface,0.8009810735387726,0.42611413289565536,0.4064844510017721,,-0.06103440747037725,RF,D10,
interaction_surface,1.1397181160402496,0.5954940110038813,0.6097266765026583,,-0.06103440747037725,RF,D10,
interaction_surface,1.4784551585417267,0.7836378811831846,0.8129689020035444,,-0.06103440747037725,RF,D10,
interaction_surface,1.8171922010432033,0.8873788550334523,1.0162111275044305,,-0.06103440747037725,RF,D10,
interaction_surface,-1.5701782239715651,-0.7629918856027412,-1.0162111275044305,,0.008260437563249123,RF,D10,
interaction_surface,-1.2314411814700883,-0.724618758710048,-0.8129689020035444,,0.008260437563249123,RF,D10,
interaction_surface,-0.8927041389686114,-0.6632125258652094,-0.6097266765026583,,0.008260437563249123,RF,D10,
interaction_surface,-0.5539670964671346,-0.5459493967894786,-0.4064844510017722,,0.008260437563249123,RF,D10,
interaction_surface,-0.21523005396565775,-0.2702413965078998,-0.20324222550088616,,0.008260437563249123,RF,D10,
interaction_surface,0.1235069885358191,-0.07785685413566427,-2.7755575615628914e-17,,0.008260437563249123,RF,D10,
interaction_surface,0.46224403103729594,0.2225713652157161,0.2032422255008861,,0.008260437563249123,RF,D10,
interaction_surface,0.8009810735387726,0.42301889099733003,0.4064844510017721,,0.008260437563249123,RF,D10,
interaction_surface,1.1397181160402496,0.5932499413688793,0.6097266765026583,,0.008260437563249123,RF,D10,
interaction_surface,1.4784551585417267,0.7834020021035252,0.8129689020035444,,0.008260437563249123,RF,D10,
interaction_surface,1.8171922010432033,0.8884423404515097,1.0162111275044305,,0.008260437563249123,RF,D10,
interaction_surface,-1.5701782239715651,-0.7676918834435474,-1.0162111275044305,,0.07755528259687527,RF,D10,
interaction_surface,-1.2314411814700883,-0.7295852527495245,-0.8129689020035444,,0.07755528259687527,RF,D10,
interaction_surface,-0.8927041389686114,-0.6689913647152678,-0.6097266765026583,,0.07755528259687527,RF,D10,
interaction_surface,-0.5539670964671346,-0.549334547555145,-0.4064844510017722,,0.07755528259687527,RF,D10,
interaction_surface,-0.21523005396565775,-0.27030006773986814,-0.20324222550088616,,0.07755528259687527,RF,D10,
interaction_surface,0.1235069885358191,-0.07881534664596393,-2.7755575615628914e-17,,0.07755528259687527,RF,D10,
interaction_surface,0.46224403103729594,0.2202089004572342,0.2032422255008861,,0.07755528259687527,RF,D10,
interaction_surface,0.8009810735387726,0.4266286330361724,0.4064844510017721,,0.07755528259687527,RF,D10,
interaction_surface,1.1397181160402496,0.5999700546399337,0.6097266765026583,,0.07755528259687527,RF,D10,
interaction_surface,1.4784551585417267,0.7887378114816536,0.8129689020035444,,0.07755528259687527,RF,D10,
interaction_surface,1.8171922010432033,0.893778149829638,1.0162111275044305,,0.07755528259687527,RF,D10,
interaction_surface,-1.5701782239715651,-0.7685764559578071,-1.0162111275044305,,0.14685012763050143,RF,D10,
interaction_surface,-1.2314411814700883,-0.7299406439622933,-0.8129689020035444,,0.14685012763050143,RF,D10,
interaction_surface,-0.8927041389686114,-0.6692942137255999,-0.6097266765026583,,0.14685012763050143,RF,D10,
interaction_surface,-0.5539670964671346,-0.5542163402895278,-0.4064844510017722,,0.14685012763050143,RF,D10,
interaction_surface,-0.21523005396565775,-0.2806553787106583,-0.20324222550088616,,0.14685012763050143,RF,D10,
interaction_surface,0.1235069885358191,-0.08781650277924867,-2.7755575615628914e-17,,0.14685012763050143,RF,D10,
interaction_surface,0.46224403103729594,0.21629692375421256,0.2032422255008861,,0.14685012763050143,RF,D10,
interaction_surface,0.8009810735387726,0.43438458184562057,0.4064844510017721,,0.14685012763050143,RF,D10,
interaction_surface,1.1397181160402496,0.6094833450434634,0.6097266765026583,,0.14685012763050143,RF,D10,
interaction_surface,1.4784551585417267,0.7965289222142838,0.8129689020035444,,0.14685012763050143,RF,D10,
interaction_surface,1.8171922010432033,0.9001493977036833,1.0162111275044305,,0.14685012763050143,RF,D10,
interaction_surface,-1.5701782239715651,-0.7763820419373411,-1.0162111275044305,,0.2161449726641278,RF,D10,
interaction_surface,-1.2314411814700883,-0.7389852492362061,-0.8129689020035444,,0.2161449726641278,RF,D10,
interaction_surface,-0.8927041389686114,-0.6782353064118818,-0.6097266765026583,,0.2161449726641278,RF,D10,
interaction_surface,-0.5539670964671346,-0.5653170604573354,-0.4064844510017722,,0.2161449726641278,RF,D10,
interaction_surface,-0.21523005396565775,-0.28915167874187947,-0.20324222550088616,,0.2161449726641278,RF,D10,
interaction_surface,0.1235069885358191,-0.0908606290069239,-2.7755575615628914e-17,,0.2161449726641278,RF,D10,
interaction_surface,0.46224403103729594,0.22376252661542478,0.2032422255008861,,0.2161449726641278,RF,D10,
interaction_surface,0.8009810735387726,0.44438190664325367,0.4064844510017721,,0.2161449726641278,RF,D10,
interaction_surface,1.1397181160402496,0.6185936549379589,0.6097266765026583,,0.2161449726641278,RF,D10,
interaction_surface,1.4784551585417267,0.8059242602026018,0.8129689020035444,,0.2161449726641278,RF,D10,
interaction_surface,1.8171922010432033,0.9095447356920012,1.0162111275044305,,0.2161449726641278,RF,D10,
interaction_surface,-1.5701782239715651,-0.7879753959645007,-1.0450225971853788,,0.28543981769775395,RF,D10,
interaction_surface,-1.2314411814700883,-0.7507357883453681,-0.8360180777483034,,0.28543981769775395,RF,D10,
interaction_surface,-0.8927041389686114,-0.6886039715561892,-0.6270135583112275,,0.28543981769775395,RF,D10,
interaction_surface,-0.5539670964671346,-0.578001950778282,-0.41800903887415175,,0.28543981769775395,RF,D10,
interaction_surface,-0.21523005396565775,-0.2846515183164328,-0.20900451943707582,,0.28543981769775395,RF,D10,
interaction_surface,0.1235069885358191,-0.0837061205669705,0.0,,0.28543981769775395,RF,D10,
interaction_surface,0.46224403103729594,0.23346942336048088,0.20900451943707588,,0.28543981769775395,RF,D10,
interaction_surface,0.8009810735387726,0.45328474610678576,0.41800903887415164,,0.28543981769775395,RF,D10,
interaction_surface,1.1397181160402496,0.624325248833457,0.6270135583112275,,0.28543981769775395,RF,D10,
interaction_surface,1.4784551585417267,0.807914516192553,0.8360180777483034,,0.28543981769775395,RF,D10,
interaction_surface,1.8171922010432033,0.9090703051302081,1.0450225971853793,,0.28543981769775395,RF,D10,
interaction_surface,-1.5701782239715651,-0.7983328975503307,-1.1013571512668723,,0.3547346627313803,RF,D10,
interaction_surface,-1.2314411814700883,-0.7614922667837086,-0.8810857210134978,,0.3547346627313803,RF,D10,
interaction_surface,-0.8927041389686114,-0.6975870403661011,-0.6608142907601232,,0.3547346627313803,RF,D10,
interaction_surface,-0.5539670964671346,-0.5871607904077647,-0.4405428605067489,,0.3547346627313803,RF,D10,
interaction_surface,-0.21523005396565775,-0.2831105420704817,-0.22027143025337448,,0.3547346627313803,RF,D10,
interaction_surface,0.1235069885358191,-0.08179928072493939,-1.3877787807814457e-17,,0.3547346627313803,RF,D10,
interaction_surface,0.46224403103729594,0.23883679204367975,0.22027143025337442,,0.3547346627313803,RF,D10,
interaction_surface,0.8009810735387726,0.4583780046254086,0.44054286050674885,,0.3547346627313803,RF,D10,
interaction_surface,1.1397181160402496,0.6296143543031587,0.6608142907601234,,0.3547346627313803,RF,D10,
interaction_surface,1.4784551585417267,0.8143064700576292,0.881085721013498,,0.3547346627313803,RF,D10,
interaction_surface,1.8171922010432033,0.9153245298713606,1.1013571512668725,,0.3547346627313803,RF,D10,
interaction_surface,-1.5701782239715651,-0.8066924271970614,-1.157691705348365,,0.4240295077650065,RF,D10,
interaction_surface,-1.2314411814700883,-0.7686392131361911,-0.9261533642786922,,0.4240295077650065,RF,D10,
interaction_surface,-0.8927041389686114,-0.7026053107962498,-0.6946150232090191,,0.4240295077650065,RF,D10,
interaction_surface,-0.5539670964671346,-0.5865410705714704,-0.463076682139346,,0.4240295077650065,RF,D10,
interaction_surface,-0.21523005396565775,-0.2759720784034357,-0.23153834106967303,,0.4240295077650065,RF,D10,
interaction_surface,0.1235069885358191,-0.07832479120182058,2.7755575615628914e-17,,0.4240295077650065,RF,D10,
interaction_surface,0.46224403103729594,0.23951153846258028,0.23153834106967308,,0.4240295077650065,RF,D10,
interaction_surface,0.8009810735387726,0.45881536090091996,0.4630766821393459,,0.4240295077650065,RF,D10,
interaction_surface,1.1397181160402496,0.630483314387082,0.694615023209019,,0.4240295077650065,RF,D10,
interaction_surface,1.4784551585417267,0.8152913643849424,0.9261533642786922,,0.4240295077650065,RF,D10,
interaction_surface,1.8171922010432033,0.9161340945411536,1.157691705348365,,0.4240295077650065,RF,D10,
interaction_surface,-1.5701782239715651,-0.8115237383856578,-1.2140262594298579,,0.4933243527986326,RF,D10,
interaction_surface,-1.2314411814700883,-0.7747980888491505,-0.9712210075438863,,0.4933243527986326,RF,D10,
interaction_surface,-0.8927041389686114,-0.7085963336627134,-0.7284157556579148,,0.4933243527986326,RF,D10,
interaction_surface,-0.5539670964671346,-0.5906326429466551,-0.48561050377194315,,0.4933243527986326,RF,D10,
interaction_surface,-0.21523005396565775,-0.2730172185890133,-0.24280525188597157,,0.4933243527986326,RF,D10,
interaction_surface,0.1235069885358191,-0.07492903210424262,1.3877787807814457e-17,,0.4933243527986326,RF,D10,
interaction_surface,0.46224403103729594,0.24179331008910698,0.24280525188597155,,0.4933243527986326,RF,D10,
interaction_surface,0.8009810735387726,0.4612556460144629,0.4856105037719428,,0.4933243527986326,RF,D10,
interaction_surface,1.1397181160402496,0.6339594769430805,0.7284157556579148,,0.4933243527986326,RF,D10,
interaction_surface,1.4784551585417267,0.8171460883847189,0.9712210075438865,,0.4933243527986326,RF,D10,
interaction_surface,1.8171922010432033,0.9181270549232085,1.2140262594298579,,0.4933243527986326,RF,D10,
interaction_surface,-1.5701782239715651,-0.8101984652151188,-1.270360813511351,,0.562619197832259,RF,D10,
interaction_surface,-1.2314411814700883,-0.77304091522245,-1.016288650809081,,0.562619197832259,RF,D10,
interaction_surface,-0.8927041389686114,-0.7092281050028897,-0.7622164881068106,,0.562619197832259,RF,D10,
interaction_surface,-0.5539670964671346,-0.5905848145955779,-0.5081443254045404,,0.562619197832259,RF,D10,
interaction_surface,-0.21523005396565775,-0.2733434075703818,-0.25407216270227023,,0.562619197832259,RF,D10,
interaction_surface,0.1235069885358191,-0.07673291580300837,-1.3877787807814457e-17,,0.562619197832259,RF,D10,
interaction_surface,0.46224403103729594,0.24422367857274935,0.25407216270227023,,0.562619197832259,RF,D10,
interaction_surface,0.8009810735387726,0.46262823411645154,0.5081443254045401,,0.562619197832259,RF,D10,
interaction_surface,1.1397181160402496,0.6336190952150107,0.7622164881068104,,0.562619197832259,RF,D10,
interaction_surface,1.4784551585417267,0.8156228987643537,1.016288650809081,,0.562619197832259,RF,D10,
interaction_surface,1.8171922010432033,0.9161755836372798,1.2703608135113507,,0.562619197832259,RF,D10,
interaction_surface,-1.5701782239715651,-0.8183130475492013,-1.326695367592844,,0.6319140428658852,RF,D10,
interaction_surface,-1.2314411814700883,-0.7812129384070046,-1.061356294074275,,0.6319140428658852,RF,D10,
interaction_surface,-0.8927041389686114,-0.7177328455151928,-0.7960172205557063,,0.6319140428658852,RF,D10,
interaction_surface,-0.5539670964671346,-0.5927636883056467,-0.5306781470371374,,0.6319140428658852,RF,D10,
interaction_surface,-0.21523005396565775,-0.25736088553282377,-0.2653390735185688,,0.6319140428658852,RF,D10,
interaction_surface,0.1235069885358191,-0.07044897452075985,0.0,,0.6319140428658852,RF,D10,
interaction_surface,0.46224403103729594,0.2503436819923658,0.2653390735185688,,0.6319140428658852,RF,D10,
interaction_surface,0.8009810735387726,0.46249789584573714,0.5306781470371372,,0.6319140428658852,RF,D10,
interaction_surface,1.1397181160402496,0.6319967824634685,0.7960172205557063,,0.6319140428658852,RF,D10,
interaction_surface,1.4784551585417267,0.8119229302653264,1.0613562940742751,,0.6319140428658852,RF,D10,
interaction_surface,1.8171922010432033,0.9124756151382523,1.3266953675928441,,0.6319140428658852,RF,D10,
interaction_surface,-1.5701782239715651,-0.8355714735351985,-1.3830299216743365,,0.7012088878995113,RF,D10,
interaction_surface,-1.2314411814700883,-0.8020427812986214,-1.106423937339469,,0.7012088878995113,RF,D10,
interaction_surface,-0.8927041389686114,-0.7415031635207333,-0.8298179530046019,,0.7012088878995113,RF,D10,
interaction_surface,-0.5539670964671346,-0.606222481445381,-0.5532119686697348,,0.7012088878995113,RF,D10,
interaction_surface,-0.21523005396565775,-0.23685577475893638,-0.27660598433486727,,0.7012088878995113,RF,D10,
interaction_surface,0.1235069885358191,-0.04488288368984447,0.0,,0.7012088878995113,RF,D10,
interaction_surface,0.46224403103729594,0.2774010199286714,0.27660598433486727,,0.7012088878995113,RF,D10,
interaction_surface,0.8009810735387726,0.4699484500742902,0.5532119686697345,,0.7012088878995113,RF,D10,
interaction_surface,1.1397181160402496,0.6379484540710102,0.8298179530046018,,0.7012088878995113,RF,D10,
interaction_surface,1.4784551585417267,0.8072928046498448,1.1064239373394695,,0.7012088878995113,RF,D10,
interaction_surface,1.8171922010432033,0.9035232976979409,1.3830299216743365,,0.7012088878995113,RF,D10,
interaction_surface,-1.5701782239715651,-0.8553869765467036,-1.4393644757558295,,0.7705037329331377,RF,D10,
interaction_surface,-1.2314411814700883,-0.8204117800166002,-1.1514915806046637,,0.7705037329331377,RF,D10,
interaction_surface,-0.8927041389686114,-0.758411471234605,-0.8636186854534978,,0.7705037329331377,RF,D10,
interaction_surface,-0.5539670964671346,-0.6112525821216077,-0.5757457903023319,,0.7705037329331377,RF,D10,
interaction_surface,-0.21523005396565775,-0.21411647533051814,-0.287872895151166,,0.7705037329331377,RF,D10,
interaction_surface,0.1235069885358191,-0.026298053622505924,-1.3877787807814457e-17,,0.7705037329331377,RF,D10,
interaction_surface,0.46224403103729594,0.297073058828642,0.2878728951511659,,0.7705037329331377,RF,D10,
interaction_surface,0.8009810735387726,0.47913694906557647,0.5757457903023319,,0.7705037329331377,RF,D10,
interaction_surface,1.1397181160402496,0.6371640567164555,0.8636186854534977,,0.7705037329331377,RF,D10,
interaction_surface,1.4784551585417267,0.8001669174607339,1.1514915806046642,,0.7705037329331377,RF,D10,
interaction_surface,1.8171922010432033,0.8933091554659928,1.43936447575583,,0.7705037329331377,RF,D10,
interaction_surface,-1.5701782239715651,-0.8631268001225113,-1.495699029837322,,0.8397985779667638,RF,D10,
interaction_surface,-1.2314411814700883,-0.8286041856529871,-1.196559223869858,,0.8397985779667638,RF,D10,
interaction_surface,-0.8927041389686114,-0.7675175562779145,-0.8974194179023935,,0.8397985779667638,RF,D10,
interaction_surface,-0.5539670964671346,-0.6199626447391916,-0.598279611934929,,0.8397985779667638,RF,D10,
interaction_surface,-0.21523005396565775,-0.21545734444006454,-0.2991398059674645,,0.8397985779667638,RF,D10,
interaction_surface,0.1235069885358191,-0.016292761985395116,1.3877787807814457e-17,,0.8397985779667638,RF,D10,
interaction_surface,0.46224403103729594,0.3078110698011566,0.2991398059674646,,0.8397985779667638,RF,D10,
interaction_surface,0.8009810735387726,0.48615067395343925,0.5982796119349288,,0.8397985779667638,RF,D10,
interaction_surface,1.1397181160402496,0.6383143947849973,0.8974194179023932,,0.8397985779667638,RF,D10,
interaction_surface,1.4784551585417267,0.8003024782986735,1.1965592238698584,,0.8397985779667638,RF,D10,
interaction_surface,1.8171922010432033,0.8920818231945943,1.4956990298373225,,0.8397985779667638,RF,D10,
interaction_surface,-1.5701782239715651,-0.8636385314486155,-1.552033583918815,,0.90909342300039,RF,D10,
interaction_surface,-1.2314411814700883,-0.8298564684309206,-1.241626867135052,,0.90909342300039,RF,D10,
interaction_surface,-0.8927041389686114,-0.7710344415267658,-0.9312201503512894,,0.90909342300039,RF,D10,
interaction_surface,-0.5539670964671346,-0.6256582308889447,-0.620813433567526,,0.90909342300039,RF,D10,
interaction_surface,-0.21523005396565775,-0.21984950244925722,-0.31040671678376297,,0.90909342300039,RF,D10,
interaction_surface,0.1235069885358191,-0.015505057021165558,1.3877787807814457e-17,,0.90909342300039,RF,D10,
interaction_surface,0.46224403103729594,0.3115763622633785,0.31040671678376314,,0.90909342300039,RF,D10,
interaction_surface,0.8009810735387726,0.49113683829474686,0.6208134335675258,,0.90909342300039,RF,D10,
interaction_surface,1.1397181160402496,0.6428154767715496,0.9312201503512891,,0.90909342300039,RF,D10,
interaction_surface,1.4784551585417267,0.8005681058949063,1.2416268671350525,,0.90909342300039,RF,D10,
interaction_surface,1.8171922010432033,0.8906592376916427,1.5520335839188155,,0.90909342300039,RF,D10,
interaction_surface,-1.5701782239715651,-0.8626250238024934,-1.6083681380003083,,0.9783882680340164,RF,D10,
interaction_surface,-1.2314411814700883,-0.829408652275672,-1.2866945104002467,,0.9783882680340164,RF,D10,
interaction_surface,-0.8927041389686114,-0.775804470694519,-0.9650208828001848,,0.9783882680340164,RF,D10,
interaction_surface,-0.5539670964671346,-0.631246136994511,-0.6433472552001233,,0.9783882680340164,RF,D10,
interaction_surface,-0.21523005396565775,-0.23162304897483754,-0.3216736276000617,,0.9783882680340164,RF,D10,
interaction_surface,0.1235069885358191,-0.025888184116523716,-1.3877787807814457e-17,,0.9783882680340164,RF,D10,
interaction_surface,0.46224403103729594,0.3249042267829506,0.3216736276000617,,0.9783882680340164,RF,D10,
interaction_surface,0.8009810735387726,0.5029100496894529,0.6433472552001231,,0.9783882680340164,RF,D10,
interaction_surface,1.1397181160402496,0.6478426364459451,0.965020882800185,,0.9783882680340164,RF,D10,
interaction_surface,1.4784551585417267,0.8008686405895385,1.2866945104002467,,0.9783882680340164,RF,D10,
interaction_surface,1.8171922010432033,0.8883370677097172,1.608368138000308,,0.9783882680340164,RF,D10,
interaction_surface,-1.5701782239715651,-0.8650224941572044,-1.6647026920818013,,1.0476831130676427,RF,D10,
interaction_surface,-1.2314411814700883,-0.831806122630383,-1.3317621536654407,,1.0476831130676427,RF,D10,
interaction_surface,-0.8927041389686114,-0.77820194104923,-0.9988216152490806,,1.0476831130676427,RF,D10,
interaction_surface,-0.5539670964671346,-0.6347239953483943,-0.6658810768327204,,1.0476831130676427,RF,D10,
interaction_surface,-0.21523005396565775,-0.23485738642088078,-0.33294053841636023,,1.0476831130676427,RF,D10,
interaction_surface,0.1235069885358191,-0.027326824507588776,-1.3877787807814457e-17,,1.0476831130676427,RF,D10,
interaction_surface,0.46224403103729594,0.3246745165067662,0.3329405384163602,,1.0476831130676427,RF,D10,
interaction_surface,0.8009810735387726,0.5063913415249419,0.6658810768327202,,1.0476831130676427,RF,D10,
interaction_surface,1.1397181160402496,0.6526470345393136,0.9988216152490805,,1.0476831130676427,RF,D10,
interaction_surface,1.4784551585417267,0.8046747130837144,1.331762153665441,,1.0476831130676427,RF,D10,
interaction_surface,1.8171922010432033,0.8913400489235435,1.6647026920818013,,1.0476831130676427,RF,D10,
interaction_surface,-1.5701782239715651,-0.8660096681144708,-1.7210372461632941,,1.1169779581012687,RF,D10,
interaction_surface,-1.2314411814700883,-0.8327932965876493,-1.3768297969306353,,1.1169779581012687,RF,D10,
interaction_surface,-0.8927041389686114,-0.779402721788218,-1.0326223476979763,,1.1169779581012687,RF,D10,
interaction_surface,-0.5539670964671346,-0.6360398278999495,-0.6884148984653176,,1.1169779581012687,RF,D10,
interaction_surface,-0.21523005396565775,-0.23657588067878393,-0.3442074492326588,,1.1169779581012687,RF,D10,
interaction_surface,0.1235069885358191,-0.028710203609086382,0.0,,1.1169779581012687,RF,D10,
interaction_surface,0.46224403103729594,0.3259412262078646,0.3442074492326588,,1.1169779581012687,RF,D10,
interaction_surface,0.8009810735387726,0.5080188516437555,0.6884148984653174,,1.1169779581012687,RF,D10,
interaction_surface,1.1397181160402496,0.6540394550941618,1.0326223476979763,,1.1169779581012687,RF,D10,
interaction_surface,1.4784551585417267,0.8060671336385626,1.376829796930635,,1.1169779581012687,RF,D10,
interaction_surface,1.8171922010432033,0.8927324694783915,1.7210372461632937,,1.1169779581012687,RF,D10,
interaction_surface,-1.5701782239715651,-0.8635460578914975,-1.777371800244787,,1.186272803134895,RF,D10,
interaction_surface,-1.2314411814700883,-0.8303296863646761,-1.4218974401958293,,1.186272803134895,RF,D10,
interaction_surface,-0.8927041389686114,-0.7776501753125018,-1.0664230801468717,,1.186272803134895,RF,D10,
interaction_surface,-0.5539670964671346,-0.6360315079937376,-0.7109487200979147,,1.186272803134895,RF,D10,
interaction_surface,-0.21523005396565775,-0.23809560422511497,-0.3554743600489573,,1.186272803134895,RF,D10,
interaction_surface,0.1235069885358191,-0.030605718421799155,5.551115123125783e-17,,1.186272803134895,RF,D10,
interaction_surface,0.46224403103729594,0.3250505174255218,0.35547436004895727,,1.186272803134895,RF,D10,
interaction_surface,0.8009810735387726,0.5091575140844937,0.7109487200979143,,1.186272803134895,RF,D10,
interaction_surface,1.1397181160402496,0.6547655279024422,1.0664230801468721,,1.186272803134895,RF,D10,
interaction_surface,1.4784551585417267,0.8049818796404611,1.4218974401958293,,1.186272803134895,RF,D10,
interaction_surface,1.8171922010432033,0.8916472154802901,1.7773718002447862,,1.186272803134895,RF,D10,
interaction_surface,-1.5701782239715651,-0.8608723004952481,-1.83370635432628,,1.2555676481685214,RF,D10,
interaction_surface,-1.2314411814700883,-0.8283845617837373,-1.466965083461024,,1.2555676481685214,RF,D10,
interaction_surface,-0.8927041389686114,-0.7762570128448676,-1.1002238125957682,,1.2555676481685214,RF,D10,
interaction_surface,-0.5539670964671346,-0.6351782027478887,-0.733482541730512,,1.2555676481685214,RF,D10,
interaction_surface,-0.21523005396565775,-0.24013113898781838,-0.36674127086525593,,1.2555676481685214,RF,D10,
interaction_surface,0.1235069885358191,-0.031104973167426997,5.551115123125783e-17,,1.2555676481685214,RF,D10,
interaction_surface,0.46224403103729594,0.3259641199629791,0.3667412708652561,,1.2555676481685214,RF,D10,
interaction_surface,0.8009810735387726,0.508460065788187,0.7334825417305116,,1.2555676481685214,RF,D10,
interaction_surface,1.1397181160402496,0.6544446140397109,1.100223812595768,,1.2555676481685214,RF,D10,
interaction_surface,1.4784551585417267,0.8037635265301726,1.4669650834610244,,1.2555676481685214,RF,D10,
interaction_surface,1.8171922010432033,0.8904288623700014,1.8337063543262797,,1.2555676481685214,RF,D10,
interaction_surface,-1.5701782239715651,-0.8585140584853894,-1.8900409084077723,,1.3248624932021473,RF,D10,
interaction_surface,-1.2314411814700883,-0.8260263197738785,-1.5120327267262177,,1.3248624932021473,RF,D10,
interaction_surface,-0.8927041389686114,-0.7738987708350088,-1.1340245450446633,,1.3248624932021473,RF,D10,
interaction_surface,-0.5539670964671346,-0.6330792090010893,-0.7560163633631088,,1.3248624932021473,RF,D10,
interaction_surface,-0.21523005396565775,-0.2415844870155618,-0.3780081816815544,,1.3248624932021473,RF,D10,
interaction_surface,0.1235069885358191,-0.03165386638745299,2.7755575615628914e-17,,1.3248624932021473,RF,D10,
interaction_surface,0.46224403103729594,0.32469133910559733,0.3780081816815545,,1.3248624932021473,RF,D10,
interaction_surface,0.8009810735387726,0.5067962965567907,0.7560163633631087,,1.3248624932021473,RF,D10,
interaction_surface,1.1397181160402496,0.6537792693028395,1.1340245450446635,,1.3248624932021473,RF,D10,
interaction_surface,1.4784551585417267,0.8030981817933012,1.5120327267262184,,1.3248624932021473,RF,D10,
interaction_surface,1.8171922010432033,0.8897635176331298,1.890040908407773,,1.3248624932021473,RF,D10,
interaction_surface,-1.5701782239715651,-0.8495279472679473,-1.9463754624892655,,1.3941573382357737,RF,D10,
interaction_surface,-1.2314411814700883,-0.8170402085564366,-1.5571003699914125,,1.3941573382357737,RF,D10,
interaction_surface,-0.8927041389686114,-0.7651314951401287,-1.1678252774935594,,1.3941573382357737,RF,D10,
interaction_surface,-0.5539670964671346,-0.6270477776257342,-0.7785501849957062,,1.3941573382357737,RF,D10,
interaction_surface,-0.21523005396565775,-0.24335336428367432,-0.3892750924978531,,1.3941573382357737,RF,D10,
interaction_surface,0.1235069885358191,-0.03094079837719349,2.7755575615628914e-17,,1.3941573382357737,RF,D10,
interaction_surface,0.46224403103729594,0.3223888622228414,0.38927509249785314,,1.3941573382357737,RF,D10,
interaction_surface,0.8009810735387726,0.502193450587145,0.7785501849957059,,1.3941573382357737,RF,D10,
interaction_surface,1.1397181160402496,0.6478436308790063,1.1678252774935591,,1.3941573382357737,RF,D10,
interaction_surface,1.4784551585417267,0.795606628127798,1.5571003699914128,,1.3941573382357737,RF,D10,
interaction_surface,1.8171922010432033,0.8822719639676266,1.9463754624892657,,1.3941573382357737,RF,D10,
interaction_surface,-1.5701782239715651,-0.8485121587201039,-2.002710016570758,,1.4634521832694,RF,D10,
interaction_surface,-1.2314411814700883,-0.8160244200085931,-1.6021680132566065,,1.4634521832694,RF,D10,
interaction_surface,-0.8927041389686114,-0.7641157065922851,-1.201626009942455,,1.4634521832694,RF,D10,
interaction_surface,-0.5539670964671346,-0.6263184506125399,-0.8010840066283035,,1.4634521832694,RF,D10,
interaction_surface,-0.21523005396565775,-0.24463364782538688,-0.4005420033141517,,1.4634521832694,RF,D10,
interaction_surface,0.1235069885358191,-0.03188914519868319,-5.551115123125783e-17,,1.4634521832694,RF,D10,
interaction_surface,0.46224403103729594,0.3207493043734646,0.4005420033141516,,1.4634521832694,RF,D10,
interaction_surface,0.8009810735387726,0.5022541691623384,0.8010840066283031,,1.4634521832694,RF,D10,
interaction_surface,1.1397181160402496,0.6481498851146381,1.201626009942455,,1.4634521832694,RF,D10,
interaction_surface,1.4784551585417267,0.7962580238582273,1.6021680132566072,,1.4634521832694,RF,D10,
interaction_surface,1.8171922010432033,0.8829233596980561,2.0027100165707576,,1.4634521832694,RF,D10,
interaction_surface,-1.5701782239715651,-0.8479640905913881,-2.059044570652251,,1.532747028303026,RF,D10,
interaction_surface,-1.2314411814700883,-0.8154763518798773,-1.647235656521801,,1.532747028303026,RF,D10,
interaction_surface,-0.8927041389686114,-0.7634539729336616,-1.2354267423913505,,1.532747028303026,RF,D10,
interaction_surface,-0.5539670964671346,-0.626585572386231,-0.8236178282609006,,1.532747028303026,RF,D10,
interaction_surface,-0.21523005396565775,-0.24490076959907814,-0.4118089141304503,,1.532747028303026,RF,D10,
interaction_surface,0.1235069885358191,-0.03182417607863636,0.0,,1.532747028303026,RF,D10,
interaction_surface,0.46224403103729594,0.3207006079636035,0.4118089141304503,,1.532747028303026,RF,D10,
interaction_surface,0.8009810735387726,0.5022054727524774,0.8236178282609004,,1.532747028303026,RF,D10,
interaction_surface,1.1397181160402496,0.6476007049149568,1.2354267423913508,,1.532747028303026,RF,D10,
interaction_surface,1.4784551585417267,0.7954353857113883,1.6472356565218012,,1.532747028303026,RF,D10,
interaction_surface,1.8171922010432033,0.8821007215512171,2.0590445706522513,,1.532747028303026,RF,D10,
interaction_surface,-1.5701782239715651,-0.8476243299976702,-2.1153791247337437,,1.6020418733366524,RF,D10,
interaction_surface,-1.2314411814700883,-0.8151365912861595,-1.6923032997869951,,1.6020418733366524,RF,D10,
interaction_surface,-0.8927041389686114,-0.7631142123399437,-1.2692274748402463,,1.6020418733366524,RF,D10,
interaction_surface,-0.5539670964671346,-0.6271362400076601,-0.8461516498934976,,1.6020418733366524,RF,D10,
interaction_surface,-0.21523005396565775,-0.24526391986938018,-0.4230758249467488,,1.6020418733366524,RF,D10,
interaction_surface,0.1235069885358191,-0.03218732634893834,-2.7755575615628914e-17,,1.6020418733366524,RF,D10,
interaction_surface,0.46224403103729594,0.3202955778562215,0.42307582494674884,,1.6020418733366524,RF,D10,
interaction_surface,0.8009810735387726,0.502467670647434,0.8461516498934973,,1.6020418733366524,RF,D10,
interaction_surface,1.1397181160402496,0.6480296003428871,1.2692274748402466,,1.6020418733366524,RF,D10,
interaction_surface,1.4784551585417267,0.7957818615937011,1.6923032997869953,,1.6020418733366524,RF,D10,
interaction_surface,1.8171922010432033,0.8817958231898915,2.1153791247337446,,1.6020418733366524,RF,D10,
interaction_surface,-1.5701782239715651,-0.8466998630958729,-2.1717136788152365,,1.6713367183702788,RF,D10,
interaction_surface,-1.2314411814700883,-0.8142121243843621,-1.7373709430521898,,1.6713367183702788,RF,D10,
interaction_surface,-0.8927041389686114,-0.7629113272845383,-1.3030282072891421,,1.6713367183702788,RF,D10,
interaction_surface,-0.5539670964671346,-0.6272625017710007,-0.8686854715260948,,1.6713367183702788,RF,D10,
interaction_surface,-0.21523005396565775,-0.24507474571407176,-0.4343427357630474,,1.6713367183702788,RF,D10,
interaction_surface,0.1235069885358191,-0.0322626826226457,0.0,,1.6713367183702788,RF,D10,
interaction_surface,0.46224403103729594,0.32022022158251434,0.43434273576304727,,1.6713367183702788,RF,D10,
interaction_surface,0.8009810735387726,0.5019774316780516,0.8686854715260943,,1.6713367183702788,RF,D10,
interaction_surface,1.1397181160402496,0.647539361373505,1.3030282072891421,,1.6713367183702788,RF,D10,
interaction_surface,1.4784551585417267,0.7952916226243187,1.7373709430521895,,1.6713367183702788,RF,D10,
interaction_surface,1.8171922010432033,0.8813055842205093,2.171713678815237,,1.6713367183702788,RF,D10,
interaction_surface,-1.5701782239715651,-0.8458280772421269,-2.2280482328967293,,1.7406315634039047,RF,D10,
interaction_surface,-1.2314411814700883,-0.8133403385306162,-1.7824385863173833,,1.7406315634039047,RF,D10,
interaction_surface,-0.8927041389686114,-0.7621224820698046,-1.3368289397380377,,1.7406315634039047,RF,D10,
interaction_surface,-0.5539670964671346,-0.6264736565562671,-0.891219293158692,,1.7406315634039047,RF,D10,
interaction_surface,-0.21523005396565775,-0.24530298560052322,-0.445609646579346,,1.7406315634039047,RF,D10,
interaction_surface,0.1235069885358191,-0.032671734462036195,-2.7755575615628914e-17,,1.7406315634039047,RF,D10,
interaction_surface,0.46224403103729594,0.3198111697431236,0.44560964657934604,,1.7406315634039047,RF,D10,
interaction_surface,0.8009810735387726,0.5008309398936946,0.8912192931586915,,1.7406315634039047,RF,D10,
interaction_surface,1.1397181160402496,0.6474899100586824,1.3368289397380377,,1.7406315634039047,RF,D10,
interaction_surface,1.4784551585417267,0.7952421713094966,1.7824385863173837,,1.7406315634039047,RF,D10,
interaction_surface,1.8171922010432033,0.8802089870369603,2.2280482328967293,,1.7406315634039047,RF,D10,
modifier_effect_by_z,-1.0311622379411445,0.8471318808830981,0.8194256736297397,,-1.0311622379411445,RF,D10,
modifier_effect_by_z,-0.9618673929075182,0.8503251605466609,0.8194256736297397,,-0.9618673929075182,RF,D10,
modifier_effect_by_z,-0.892572547873892,0.8478998231291401,0.8194256736297397,,-0.892572547873892,RF,D10,
modifier_effect_by_z,-0.8232777028402658,0.8508192948281601,0.8194256736297397,,-0.8232777028402658,RF,D10,
modifier_effect_by_z,-0.7539828578066395,0.8515314550363848,0.8194256736297397,,-0.7539828578066395,RF,D10,
modifier_effect_by_z,-0.6846880127730133,0.8543949097780381,0.8194256736297397,,-0.6846880127730133,RF,D10,
modifier_effect_by_z,-0.6153931677393871,0.8693398640514156,0.8194256736297397,,-0.6153931677393871,RF,D10,
modifier_effect_by_z,-0.5460983227057609,0.8968584174143059,0.8194256736297397,,-0.5460983227057609,RF,D10,
modifier_effect_by_z,-0.4768034776721346,0.9229502631598123,0.8194256736297397,,-0.4768034776721346,RF,D10,
modifier_effect_by_z,-0.40750863263850834,0.9285842458782683,0.8194256736297397,,-0.40750863263850834,RF,D10,
modifier_effect_by_z,-0.3382137876048821,0.9603223349218075,0.8194256736297397,,-0.3382137876048821,RF,D10,
modifier_effect_by_z,-0.2689189425712559,0.9760240796197392,0.8194256736297397,,-0.2689189425712559,RF,D10,
modifier_effect_by_z,-0.19962409753762966,0.9830996592236732,0.8194256736297397,,-0.19962409753762966,RF,D10,
modifier_effect_by_z,-0.1303292525040034,0.9908350072277954,0.8194256736297397,,-0.1303292525040034,RF,D10,
modifier_effect_by_z,-0.06103440747037725,0.9991893153526505,0.8194256736297397,,-0.06103440747037725,RF,D10,
modifier_effect_by_z,0.008260437563249123,0.9930609602558075,0.8194256736297397,,0.008260437563249123,RF,D10,
modifier_effect_by_z,0.07755528259687527,1.0016556957929574,0.8194256736297397,,0.07755528259687527,RF,D10,
modifier_effect_by_z,0.14685012763050143,1.0123492418968496,0.8194256736297397,,0.14685012763050143,RF,D10,
modifier_effect_by_z,0.2161449726641278,1.0326288390177376,0.8194256736297397,,0.2161449726641278,RF,D10,
modifier_effect_by_z,0.28543981769775395,1.055512096914422,0.8426579108219774,,0.28543981769775395,RF,D10,
modifier_effect_by_z,0.3547346627313803,1.07001470347332,0.8880834908785755,,0.3547346627313803,RF,D10,
modifier_effect_by_z,0.4240295077650065,1.0735197120396838,0.9335090709351737,,0.4240295077650065,RF,D10,
modifier_effect_by_z,0.4933243527986326,1.080688671642914,0.9789346509917715,,0.4933243527986326,RF,D10,
modifier_effect_by_z,0.562619197832259,1.0821937415984224,1.0243602310483697,,0.562619197832259,RF,D10,
modifier_effect_by_z,0.6319140428658852,1.0869718127228012,1.0697858111049676,,0.6319140428658852,RF,D10,
modifier_effect_by_z,0.7012088878995113,1.1175771531204544,1.1152113911615658,,0.7012088878995113,RF,D10,
modifier_effect_by_z,0.7705037329331377,1.1380548397940276,1.1606369712181643,,0.7705037329331377,RF,D10,
modifier_effect_by_z,0.8397985779667638,1.1554700380719627,1.206062551274762,,0.8397985779667638,RF,D10,
modifier_effect_by_z,0.90909342300039,1.1639651305723686,1.25148813133136,,0.90909342300039,RF,D10,
modifier_effect_by_z,0.9783882680340164,1.181301533794513,1.2969137113879583,,0.9783882680340164,RF,D10,
modifier_effect_by_z,1.0476831130676427,1.188368608190778,1.3423392914445564,,1.0476831130676427,RF,D10,
modifier_effect_by_z,1.1169779581012687,1.1913119508611467,1.3877648715011546,,1.1169779581012687,RF,D10,
modifier_effect_by_z,1.186272803134895,1.1921067394134979,1.4331904515577525,,1.186272803134895,RF,D10,
modifier_effect_by_z,1.2555676481685214,1.1905559858713426,1.4786160316143508,,1.2555676481685214,RF,D10,
modifier_effect_by_z,1.3248624932021473,1.18760511447981,1.5240416116709483,,1.3248624932021473,RF,D10,
modifier_effect_by_z,1.3941573382357737,1.1756076576043109,1.5694671917275467,,1.3941573382357737,RF,D10,
modifier_effect_by_z,1.4634521832694,1.174756271367158,1.614892771784145,,1.4634521832694,RF,D10,
modifier_effect_by_z,1.532747028303026,1.1743820372248646,1.6603183518407432,,1.532747028303026,RF,D10,
modifier_effect_by_z,1.6020418733366524,1.1746267618574615,1.7057439318973409,,1.6020418733366524,RF,D10,
modifier_effect_by_z,1.6713367183702788,1.1742647673487796,1.7511695119539388,,1.6713367183702788,RF,D10,
modifier_effect_by_z,1.7406315634039047,1.1723294303496887,1.796595092010537,,1.7406315634039047,RF,D10,
PD,-1.5701782239715651,-0.971240125530854,-1.2286599626816004,0.3625529064048706,,GPR,D10,
PD,-1.4854939633461959,-0.9405376007143789,-1.1672269645475204,0.37501044927262406,,GPR,D10,
PD,-1.4008097027208266,-0.9077251602839747,-1.1057939664134404,0.40053695463155137,,GPR,D10,
PD,-1.3161254420954576,-0.872699249002159,-1.0443609682793604,0.427025932931123,,GPR,D10,
PD,-1.2314411814700883,-0.8354004094877134,-0.9829279701452804,0.45391062979391883,,GPR,D10,
PD,-1.146756920844719,-0.7958210768539716,-0.9214949720112002,0.48068732763816335,,GPR,D10,
PD,-1.06207266021935,-0.7539871076216687,-0.8600619738771205,0.5069481442118233,,GPR,D10,
PD,-0.9773883995939807,-0.7099600193180091,-0.7986289757430403,0.5322009929386895,,GPR,D10,
PD,-0.8927041389686114,-0.663849012439468,-0.7371959776089603,0.5559136132543645,,GPR,D10,
PD,-0.8080198783432422,-0.6158057526979624,-0.6757629794748803,0.5776777955677845,,GPR,D10,
PD,-0.723335617717873,-0.5660085784447659,-0.6143299813408003,0.5972982584531032,,GPR,D10,
PD,-0.6386513570925039,-0.514642229918119,-0.5528969832067203,0.6147043425971717,,GPR,D10,
PD,-0.5539670964671346,-0.4618970129326757,-0.4914639850726402,0.6298043716863879,,GPR,D10,
PD,-0.46928283584176533,-0.40797319480834504,-0.4300309869385601,0.6425731634484979,,GPR,D10,
PD,-0.3845985752163963,-0.35306534644399457,-0.36859798880448025,0.6531872136780774,,GPR,D10,
PD,-0.299914314591027,-0.297343842327799,-0.30716499067040015,0.6618647313039592,,GPR,D10,
PD,-0.21523005396565775,-0.24096629563502558,-0.2457319925363201,0.6686776137022612,,GPR,D10,
PD,-0.13054579334028849,-0.18409090370157444,-0.18429899440224007,0.6737008935102956,,GPR,D10,
PD,-0.04586153271491922,-0.12686257153588554,-0.12286599626815999,0.6771661925049335,,GPR,D10,
PD,0.03882272791044983,-0.06940026703602106,-0.06143299813408008,0.6793666776241751,,GPR,D10,
PD,0.1235069885358191,-0.011799241959651957,-1.3877787807814457e-17,0.6804748182071947,,GPR,D10,
PD,0.20819124916118836,0.045850746672096626,0.06143299813408004,0.6804461117987473,,GPR,D10,
PD,0.2928755097865574,0.10344690978651641,0.12286599626815994,0.6791687218549287,,GPR,D10,
PD,0.3775597704119267,0.1608805487724199,0.18429899440224,0.6766279986007178,,GPR,D10,
PD,0.46224403103729594,0.21804639334636675,0.2457319925363201,0.6728324419397366,,GPR,D10,
PD,0.546928291662665,0.2748371845132763,0.3071649906704,0.6678032656550472,,GPR,D10,
PD,0.6316125522880345,0.33115124493677617,0.36859798880448025,0.661720650507307,,GPR,D10,
PD,0.7162968129134035,0.38691183257077566,0.43003098693856007,0.6549790604700658,,GPR,D10,
PD,0.8009810735387726,0.44208407985878895,0.49146398507264005,0.6479835260365348,,GPR,D10,
PD,0.8856653341641421,0.49665984417042297,0.5528969832067203,0.6408681144928137,,GPR,D10,
PD,0.9703495947895111,0.5506269647271858,0.6143299813408001,0.6334700519580148,,GPR,D10,
PD,1.0550338554148806,0.6039497301271805,0.6757629794748805,0.6254602991045739,,GPR,D10,
PD,1.1397181160402496,0.6565602506875721,0.7371959776089603,0.6164920109933765,,GPR,D10,
PD,1.2244023766656187,0.7083640703920224,0.7986289757430403,0.6063529884978993,,GPR,D10,
PD,1.3090866372909882,0.7592573597054273,0.8600619738771205,0.595025665536216,,GPR,D10,
PD,1.3937708979163572,0.8091426874701277,0.9214949720112002,0.5826487096115311,,GPR,D10,
PD,1.4784551585417267,0.8579397100609834,0.9829279701452804,0.5693797331841397,,GPR,D10,
PD,1.5631394191670958,0.9055776909096656,1.0443609682793606,0.5552332880859572,,GPR,D10,
PD,1.6478236797924648,0.9519787510132869,1.1057939664134404,0.5401376376629425,,GPR,D10,
PD,1.7325079404178343,0.9970600038725055,1.1672269645475206,0.524124810394464,,GPR,D10,
PD,1.8171922010432033,1.040748995100621,1.2286599626816004,0.5159045010901061,,GPR,D10,
ALE,-1.3764038791144122,-0.857426745973315,-1.0333121250429878,,,GPR,D10,0.07142857142857142
ALE,-0.9908888510806432,-0.6822744514366581,-0.7675359777101876,,,GPR,D10,0.10851648351648352
ALE,-0.6705025139292288,-0.5054506128925262,-0.5431828794474486,,,GPR,D10,0.08791208791208792
ALE,-0.43731759958216443,-0.35792046448746007,-0.3735171864731026,,,GPR,D10,0.06868131868131869
ALE,-0.23699437615071484,-0.22257223111337754,-0.22402237406534897,,,GPR,D10,0.07692307692307693
ALE,-0.06917261440317247,-0.10846247676385712,-0.10052552440459395,,,GPR,D10,0.050824175824175824
ALE,0.07945952765539052,-0.0048895792718859354,0.008318011241508216,,,GPR,D10,0.0673076923076923
ALE,0.2874027494947953,0.1413891519887005,0.16319298085768996,,,GPR,D10,0.10302197802197802
ALE,0.5552615178811682,0.31957742922251975,0.34899230791103886,,,GPR,D10,0.12225274725274725
ALE,0.8154172889283255,0.48660155514986503,0.5282887501059248,,,GPR,D10,0.061813186813186816
ALE,1.0876203605970085,0.6626599573943808,0.7261017322079029,,,GPR,D10,0.08928571428571429
ALE,1.5266848760894551,0.9168796426597285,1.0357441169065393,,,GPR,D10,0.09203296703296704
modifier_slice,-1.5701782239715651,-0.8700250571234299,-1.0162111275044305,,-0.5,GPR,D10,
modifier_slice,-1.4854939633461959,-0.8419874849510954,-0.965400571129209,,-0.5,GPR,D10,
modifier_slice,-1.4008097027208266,-0.8120645362379706,-0.9145900147539877,,-0.5,GPR,D10,
modifier_slice,-1.3161254420954576,-0.7801079377425527,-0.8637794583787661,,-0.5,GPR,D10,
modifier_slice,-1.2314411814700883,-0.7460332396078581,-0.8129689020035444,,-0.5,GPR,D10,
modifier_slice,-1.146756920844719,-0.7098375420325002,-0.762158345628323,,-0.5,GPR,D10,
modifier_slice,-1.06207266021935,-0.6715498817388473,-0.7113477892531015,,-0.5,GPR,D10,
modifier_slice,-0.9773883995939807,-0.6312391267736323,-0.6605372328778799,,-0.5,GPR,D10,
modifier_slice,-0.8927041389686114,-0.589039505760915,-0.6097266765026583,,-0.5,GPR,D10,
modifier_slice,-0.8080198783432422,-0.5451400948120623,-0.5589161201274369,,-0.5,GPR,D10,
modifier_slice,-0.723335617717873,-0.49975681155211105,-0.5081055637522153,,-0.5,GPR,D10,
modifier_slice,-0.6386513570925039,-0.4530932597508798,-0.45729500737699386,,-0.5,GPR,D10,
modifier_slice,-0.5539670964671346,-0.40533722714376674,-0.4064844510017722,,-0.5,GPR,D10,
modifier_slice,-0.46928283584176533,-0.3566617316716961,-0.35567389462655064,,-0.5,GPR,D10,
modifier_slice,-0.3845985752163963,-0.3072133724061692,-0.3048633382513293,,-0.5,GPR,D10,
modifier_slice,-0.299914314591027,-0.25708365659481835,-0.2540527818761077,,-0.5,GPR,D10,
modifier_slice,-0.21523005396565775,-0.20636156119824528,-0.20324222550088616,,-0.5,GPR,D10,
modifier_slice,-0.13054579334028849,-0.15518452649125322,-0.15243166912566458,,-0.5,GPR,D10,
modifier_slice,-0.04586153271491922,-0.10370185578551208,-0.10162111275044301,,-0.5,GPR,D10,
modifier_slice,0.03882272791044983,-0.05205563123879289,-0.05081055637522159,,-0.5,GPR,D10,
modifier_slice,0.1235069885358191,-0.00037669861970915375,-2.7755575615628914e-17,,-0.5,GPR,D10,
modifier_slice,0.20819124916118836,0.05119440546015039,0.05081055637522153,,-0.5,GPR,D10,
modifier_slice,0.2928755097865574,0.10248781704772028,0.10162111275044293,,-0.5,GPR,D10,
modifier_slice,0.3775597704119267,0.15334141855176617,0.15243166912566453,,-0.5,GPR,D10,
modifier_slice,0.46224403103729594,0.20361613732397052,0.2032422255008861,,-0.5,GPR,D10,
modifier_slice,0.546928291662665,0.2531867124243463,0.2540527818761075,,-0.5,GPR,D10,
modifier_slice,0.6316125522880345,0.30194435306420064,0.3048633382513292,,-0.5,GPR,D10,
modifier_slice,0.7162968129134035,0.3498254211548091,0.3556738946265506,,-0.5,GPR,D10,
modifier_slice,0.8009810735387726,0.39684314182245783,0.4064844510017721,,-0.5,GPR,D10,
modifier_slice,0.8856653341641421,0.4430570705672555,0.45729500737699375,,-0.5,GPR,D10,
modifier_slice,0.9703495947895111,0.4885457166643442,0.5081055637522152,,-0.5,GPR,D10,
modifier_slice,1.0550338554148806,0.5333832104484253,0.5589161201274369,,-0.5,GPR,D10,
modifier_slice,1.1397181160402496,0.5776123204741642,0.6097266765026583,,-0.5,GPR,D10,
modifier_slice,1.2244023766656187,0.6212421351175182,0.6605372328778797,,-0.5,GPR,D10,
modifier_slice,1.3090866372909882,0.6642601194309167,0.7113477892531014,,-0.5,GPR,D10,
modifier_slice,1.3937708979163572,0.7066509940394863,0.7621583456283227,,-0.5,GPR,D10,
modifier_slice,1.4784551585417267,0.7484192716709948,0.8129689020035444,,-0.5,GPR,D10,
modifier_slice,1.5631394191670958,0.7895685092656143,0.8637794583787659,,-0.5,GPR,D10,
modifier_slice,1.6478236797924648,0.830058768972823,0.9145900147539875,,-0.5,GPR,D10,
modifier_slice,1.7325079404178343,0.8698209843130073,0.9654005711292092,,-0.5,GPR,D10,
modifier_slice,1.8171922010432033,0.9087922314198466,1.0162111275044305,,-0.5,GPR,D10,
modifier_slice,-1.5701782239715651,-1.1336820334097597,-1.4226955785062028,,0.75,GPR,D10,
modifier_slice,-1.4854939633461959,-1.099206277804623,-1.3515607995808925,,0.75,GPR,D10,
modifier_slice,-1.4008097027208266,-1.0621259889700534,-1.2804260206555822,,0.75,GPR,D10,
modifier_slice,-1.3161254420954576,-1.0223231525874414,-1.2092912417302724,,0.75,GPR,D10,
modifier_slice,-1.2314411814700883,-0.9797386055832082,-1.138156462804962,,0.75,GPR,D10,
modifier_slice,-1.146756920844719,-0.9343894035924103,-1.067021683879652,,0.75,GPR,D10,
modifier_slice,-1.06207266021935,-0.8863464986300802,-0.995886904954342,,0.75,GPR,D10,
modifier_slice,-0.9773883995939807,-0.835706433189862,-0.9247521260290316,,0.75,GPR,D10,
modifier_slice,-0.8927041389686114,-0.7825988075444599,-0.8536173471037215,,0.75,GPR,D10,
modifier_slice,-0.8080198783432422,-0.7271875538317949,-0.7824825681784113,,0.75,GPR,D10,
modifier_slice,-0.723335617717873,-0.6696339445796439,-0.7113477892531012,,0.75,GPR,D10,
modifier_slice,-0.6386513570925039,-0.6100751420451903,-0.6402130103277912,,0.75,GPR,D10,
modifier_slice,-0.5539670964671346,-0.54868008200363,-0.569078231402481,,0.75,GPR,D10,
modifier_slice,-0.46928283584176533,-0.48572217659781125,-0.49794345247717076,,0.75,GPR,D10,
modifier_slice,-0.3845985752163963,-0.4215443056792663,-0.4268086735518608,,0.75,GPR,D10,
modifier_slice,-0.299914314591027,-0.35647385038983903,-0.35567389462655064,,0.75,GPR,D10,
modifier_slice,-0.21523005396565775,-0.2907909938785449,-0.28453911570124046,,0.75,GPR,D10,
modifier_slice,-0.13054579334028849,-0.22470971400765039,-0.21340433677593032,,0.75,GPR,D10,
modifier_slice,-0.04586153271491922,-0.15835576601784523,-0.14226955785062015,,0.75,GPR,D10,
modifier_slice,0.03882272791044983,-0.09177336264331853,-0.07113477892531014,,0.75,GPR,D10,
modifier_slice,0.1235069885358191,-0.02492056420060587,0.0,,0.75,GPR,D10,
modifier_slice,0.20819124916118836,0.04225859221779513,0.07113477892531023,,0.75,GPR,D10,
modifier_slice,0.2928755097865574,0.10975815691083932,0.14226955785062015,,0.75,GPR,D10,
modifier_slice,0.3775597704119267,0.17750820514735574,0.21340433677593038,,0.75,GPR,D10,
modifier_slice,0.46224403103729594,0.24539354430691104,0.2845391157012406,,0.75,GPR,D10,
modifier_slice,0.546928291662665,0.31326251970091823,0.3556738946265505,,0.75,GPR,D10,
modifier_slice,0.6316125522880345,0.3809561615745014,0.4268086735518609,,0.75,GPR,D10,
modifier_slice,0.7162968129134035,0.44833450652079354,0.497943452477171,,0.75,GPR,D10,
modifier_slice,0.8009810735387726,0.515302326985629,0.5690782314024809,,0.75,GPR,D10,
modifier_slice,0.8856653341641421,0.581803259849945,0.6402130103277913,,0.75,GPR,D10,
modifier_slice,0.9703495947895111,0.6477645387867966,0.7113477892531012,,0.75,GPR,D10,
modifier_slice,1.0550338554148806,0.7130742162415079,0.7824825681784117,,0.75,GPR,D10,
modifier_slice,1.1397181160402496,0.7775862369628589,0.8536173471037216,,0.75,GPR,D10,
modifier_slice,1.2244023766656187,0.841133263748997,0.9247521260290317,,0.75,GPR,D10,
modifier_slice,1.3090866372909882,0.9035396926688313,0.995886904954342,,0.75,GPR,D10,
modifier_slice,1.3937708979163572,0.9646348035686834,1.067021683879652,,0.75,GPR,D10,
modifier_slice,1.4784551585417267,1.0242612361451164,1.138156462804962,,0.75,GPR,D10,
modifier_slice,1.5631394191670958,1.0822805143714875,1.2092912417302724,,0.75,GPR,D10,
modifier_slice,1.6478236797924648,1.1385733766760227,1.280426020655582,,0.75,GPR,D10,
modifier_slice,1.7325079404178343,1.193025827586864,1.3515607995808925,,0.75,GPR,D10,
modifier_slice,1.8171922010432033,1.2455336772151853,1.4226955785062028,,0.75,GPR,D10,
pure_interaction_contrast,-1.5701782239715651,-0.2636569762863298,-0.4064844510017722,,,GPR,D10,
pure_interaction_contrast,-1.4854939633461959,-0.25721879285352756,-0.3861602284516835,,,GPR,D10,
pure_interaction_contrast,-1.4008097027208266,-0.2500614527320828,-0.3658360059015945,,,GPR,D10,
pure_interaction_contrast,-1.3161254420954576,-0.24221521484488873,-0.34551178335150623,,,GPR,D10,
pure_interaction_contrast,-1.2314411814700883,-0.2337053659753502,-0.32518756080141764,,,GPR,D10,
pure_interaction_contrast,-1.146756920844719,-0.22455186155991014,-0.30486333825132905,,,GPR,D10,
pure_interaction_contrast,-1.06207266021935,-0.21479661689123286,-0.28453911570124046,,,GPR,D10,
pure_interaction_contrast,-0.9773883995939807,-0.2044673064162298,-0.26421489315115165,,,GPR,D10,
pure_interaction_contrast,-0.8927041389686114,-0.19355930178354486,-0.24389067060106318,,,GPR,D10,
pure_interaction_contrast,-0.8080198783432422,-0.18204745901973263,-0.22356644805097448,,,GPR,D10,
pure_interaction_contrast,-0.723335617717873,-0.16987713302753282,-0.2032422255008859,,,GPR,D10,
pure_interaction_contrast,-0.6386513570925039,-0.15698188229431054,-0.18291800295079735,,,GPR,D10,
pure_interaction_contrast,-0.5539670964671346,-0.1433428548598633,-0.16259378040070882,,,GPR,D10,
pure_interaction_contrast,-0.46928283584176533,-0.12906044492611513,-0.14226955785062012,,,GPR,D10,
pure_interaction_contrast,-0.3845985752163963,-0.11433093327309712,-0.12194533530053153,,,GPR,D10,
pure_interaction_contrast,-0.299914314591027,-0.09939019379502068,-0.10162111275044294,,,GPR,D10,
pure_interaction_contrast,-0.21523005396565775,-0.08442943268029962,-0.0812968902003543,,,GPR,D10,
pure_interaction_contrast,-0.13054579334028849,-0.06952518751639716,-0.06097266765026574,,,GPR,D10,
pure_interaction_contrast,-0.04586153271491922,-0.05465391023233315,-0.040648445100177136,,,GPR,D10,
pure_interaction_contrast,0.03882272791044983,-0.03971773140452564,-0.020324222550088554,,,GPR,D10,
pure_interaction_contrast,0.1235069885358191,-0.024543865580896718,2.7755575615628914e-17,,,GPR,D10,
pure_interaction_contrast,0.20819124916118836,-0.008935813242355262,0.0203242225500887,,,GPR,D10,
pure_interaction_contrast,0.2928755097865574,0.007270339863119035,0.04064844510017722,,,GPR,D10,
pure_interaction_contrast,0.3775597704119267,0.024166786595589573,0.06097266765026585,,,GPR,D10,
pure_interaction_contrast,0.46224403103729594,0.041777406982940524,0.08129689020035447,,,GPR,D10,
pure_interaction_contrast,0.546928291662665,0.06007580727657191,0.101621112750443,,,GPR,D10,
pure_interaction_contrast,0.6316125522880345,0.07901180851030076,0.1219453353005317,,,GPR,D10,
pure_interaction_contrast,0.7162968129134035,0.09850908536598446,0.1422695578506204,,,GPR,D10,
pure_interaction_contrast,0.8009810735387726,0.11845918516317111,0.16259378040070882,,,GPR,D10,
pure_interaction_contrast,0.8856653341641421,0.13874618928268945,0.18291800295079758,,,GPR,D10,
pure_interaction_contrast,0.9703495947895111,0.15921882212245242,0.203242225500886,,,GPR,D10,
pure_interaction_contrast,1.0550338554148806,0.17969100579308261,0.2235664480509748,,,GPR,D10,
pure_interaction_contrast,1.1397181160402496,0.19997391648869467,0.2438906706010633,,,GPR,D10,
pure_interaction_contrast,1.2244023766656187,0.21989112863147875,0.264214893151152,,,GPR,D10,
pure_interaction_contrast,1.3090866372909882,0.2392795732379146,0.2845391157012406,,,GPR,D10,
pure_interaction_contrast,1.3937708979163572,0.2579838095291971,0.3048633382513293,,,GPR,D10,
pure_interaction_contrast,1.4784551585417267,0.2758419644741217,0.32518756080141764,,,GPR,D10,
pure_interaction_contrast,1.5631394191670958,0.29271200510587325,0.34551178335150645,,,GPR,D10,
pure_interaction_contrast,1.6478236797924648,0.3085146077031996,0.3658360059015945,,,GPR,D10,
pure_interaction_contrast,1.7325079404178343,0.3232048432738567,0.3861602284516833,,,GPR,D10,
pure_interaction_contrast,1.8171922010432033,0.3367414457953387,0.4064844510017722,,,GPR,D10,
interaction_surface,-1.5701782239715651,-0.8011794877888476,-1.0162111275044305,,-1.0311622379411445,GPR,D10,
interaction_surface,-1.2314411814700883,-0.6787281148116837,-0.8129689020035444,,-1.0311622379411445,GPR,D10,
interaction_surface,-0.8927041389686114,-0.529158721046858,-0.6097266765026583,,-1.0311622379411445,GPR,D10,
interaction_surface,-0.5539670964671346,-0.3546973240284212,-0.4064844510017722,,-1.0311622379411445,GPR,D10,
interaction_surface,-0.21523005396565775,-0.16674496265898617,-0.20324222550088616,,-1.0311622379411445,GPR,D10,
interaction_surface,0.1235069885358191,0.018487760944689263,-2.7755575615628914e-17,,-1.0311622379411445,GPR,D10,
interaction_surface,0.46224403103729594,0.19307068878729228,0.2032422255008861,,-1.0311622379411445,GPR,D10,
interaction_surface,0.8009810735387726,0.3559341473295682,0.4064844510017721,,-1.0311622379411445,GPR,D10,
interaction_surface,1.1397181160402496,0.5096185907002934,0.6097266765026583,,-1.0311622379411445,GPR,D10,
interaction_surface,1.4784551585417267,0.6571265669303442,0.8129689020035444,,-1.0311622379411445,GPR,D10,
interaction_surface,1.8171922010432033,0.7962500734692076,1.0162111275044305,,-1.0311622379411445,GPR,D10,
interaction_surface,-1.5701782239715651,-0.810940166695945,-1.0162111275044305,,-0.9618673929075182,GPR,D10,
interaction_surface,-1.2314411814700883,-0.6877338654865195,-0.8129689020035444,,-0.9618673929075182,GPR,D10,
interaction_surface,-0.8927041389686114,-0.5364185843941182,-0.6097266765026583,,-0.9618673929075182,GPR,D10,
interaction_surface,-0.5539670964671346,-0.35960415595737544,-0.4064844510017722,,-0.9618673929075182,GPR,D10,
interaction_surface,-0.21523005396565775,-0.1691799340850801,-0.20324222550088616,,-0.9618673929075182,GPR,D10,
interaction_surface,0.1235069885358191,0.018659742558697484,-2.7755575615628914e-17,,-0.9618673929075182,GPR,D10,
interaction_surface,0.46224403103729594,0.195911046298655,0.2032422255008861,,-0.9618673929075182,GPR,D10,
interaction_surface,0.8009810735387726,0.3610487249728609,0.4064844510017721,,-0.9618673929075182,GPR,D10,
interaction_surface,1.1397181160402496,0.5163994778617598,0.6097266765026583,,-0.9618673929075182,GPR,D10,
interaction_surface,1.4784551585417267,0.6655345704704887,0.8129689020035444,,-0.9618673929075182,GPR,D10,
interaction_surface,1.8171922010432033,0.8067231794891503,1.0162111275044305,,-0.9618673929075182,GPR,D10,
interaction_surface,-1.5701782239715651,-0.8205111956049309,-1.0162111275044305,,-0.892572547873892,GPR,D10,
interaction_surface,-1.2314411814700883,-0.6967645872972843,-0.8129689020035444,,-0.892572547873892,GPR,D10,
interaction_surface,-0.8927041389686114,-0.5439605341426879,-0.6097266765026583,,-0.892572547873892,GPR,D10,
interaction_surface,-0.5539670964671346,-0.3651773194058272,-0.4064844510017722,,-0.892572547873892,GPR,D10,
interaction_surface,-0.21523005396565775,-0.17264932145307668,-0.20324222550088616,,-0.892572547873892,GPR,D10,
interaction_surface,0.1235069885358191,0.017970798084725126,-2.7755575615628914e-17,,-0.892572547873892,GPR,D10,
interaction_surface,0.46224403103729594,0.1984089431639287,0.2032422255008861,,-0.892572547873892,GPR,D10,
interaction_surface,0.8009810735387726,0.3664357813250188,0.4064844510017721,,-0.892572547873892,GPR,D10,
interaction_surface,1.1397181160402496,0.524000786484832,0.6097266765026583,,-0.892572547873892,GPR,D10,
interaction_surface,1.4784551585417267,0.6751186424961106,0.8129689020035444,,-0.892572547873892,GPR,D10,
interaction_surface,1.8171922010432033,0.8185643600617731,1.0162111275044305,,-0.892572547873892,GPR,D10,
interaction_surface,-1.5701782239715651,-0.8298651497902763,-1.0162111275044305,,-0.8232777028402658,GPR,D10,
interaction_surface,-1.2314411814700883,-0.705780519578532,-0.8129689020035444,,-0.8232777028402658,GPR,D10,
interaction_surface,-0.8927041389686114,-0.5517396343009675,-0.6097266765026583,,-0.8232777028402658,GPR,D10,
interaction_surface,-0.5539670964671346,-0.3713742425306794,-0.4064844510017722,,-0.8232777028402658,GPR,D10,
interaction_surface,-0.21523005396565775,-0.17708073697615442,-0.20324222550088616,,-0.8232777028402658,GPR,D10,
interaction_surface,0.1235069885358191,0.016423079887630976,-2.7755575615628914e-17,,-0.8232777028402658,GPR,D10,
interaction_surface,0.46224403103729594,0.2005056001484593,0.2032422255008861,,-0.8232777028402658,GPR,D10,
interaction_surface,0.8009810735387726,0.3720110806453662,0.4064844510017721,,-0.8232777028402658,GPR,D10,
interaction_surface,1.1397181160402496,0.5323647903966999,0.6097266765026583,,-0.8232777028402658,GPR,D10,
interaction_surface,1.4784551585417267,0.685860151573283,0.8129689020035444,,-0.8232777028402658,GPR,D10,
interaction_surface,1.8171922010432033,0.8317657679079269,1.0162111275044305,,-0.8232777028402658,GPR,D10,
interaction_surface,-1.5701782239715651,-0.8389749464994417,-1.0162111275044305,,-0.7539828578066395,GPR,D10,
interaction_surface,-1.2314411814700883,-0.7147310833170014,-0.8129689020035444,,-0.7539828578066395,GPR,D10,
interaction_surface,-0.8927041389686114,-0.5596913723242563,-0.6097266765026583,,-0.7539828578066395,GPR,D10,
interaction_surface,-0.5539670964671346,-0.3781092480798289,-0.4064844510017722,,-0.7539828578066395,GPR,D10,
interaction_surface,-0.21523005396565775,-0.18235853047714506,-0.20324222550088616,,-0.7539828578066395,GPR,D10,
interaction_surface,0.1235069885358191,0.014056310740607036,-2.7755575615628914e-17,,-0.7539828578066395,GPR,D10,
interaction_surface,0.46224403103729594,0.2021461880936211,0.2032422255008861,,-0.7539828578066395,GPR,D10,
interaction_surface,0.8009810735387726,0.377657795027183,0.4064844510017721,,-0.7539828578066395,GPR,D10,
interaction_surface,1.1397181160402496,0.5413847726505683,0.6097266765026583,,-0.7539828578066395,GPR,D10,
interaction_surface,1.4784551585417267,0.6976943927264757,0.8129689020035444,,-0.7539828578066395,GPR,D10,
interaction_surface,1.8171922010432033,0.8462746208432602,1.0162111275044305,,-0.7539828578066395,GPR,D10,
interaction_surface,-1.5701782239715651,-0.8478136324433383,-1.0162111275044305,,-0.6846880127730133,GPR,D10,
interaction_surface,-1.2314411814700883,-0.7235567903513569,-0.8129689020035444,,-0.6846880127730133,GPR,D10,
interaction_surface,-0.8927041389686114,-0.5677358586508832,-0.6097266765026583,,-0.6846880127730133,GPR,D10,
interaction_surface,-0.5539670964671346,-0.3852625209153516,-0.4064844510017722,,-0.6846880127730133,GPR,D10,
interaction_surface,-0.21523005396565775,-0.18833827133487707,-0.20324222550088616,,-0.6846880127730133,GPR,D10,
interaction_surface,0.1235069885358191,0.010928530574939727,-2.7755575615628914e-17,,-0.6846880127730133,GPR,D10,
interaction_surface,0.46224403103729594,0.203280988057095,0.2032422255008861,,-0.6846880127730133,GPR,D10,
interaction_surface,0.8009810735387726,0.3832422127333965,0.4064844510017721,,-0.6846880127730133,GPR,D10,
interaction_surface,1.1397181160402496,0.5509193814396243,0.6097266765026583,,-0.6846880127730133,GPR,D10,
interaction_surface,1.4784551585417267,0.7105185914214556,0.8129689020035444,,-0.6846880127730133,GPR,D10,
interaction_surface,1.8171922010432033,0.8619992904578377,1.0162111275044305,,-0.6846880127730133,GPR,D10,
interaction_surface,-1.5701782239715651,-0.8563671439112329,-1.0162111275044305,,-0.6153931677393871,GPR,D10,
interaction_surface,-1.2314411814700883,-0.7321955766322684,-0.8129689020035444,,-0.6153931677393871,GPR,D10,
interaction_surface,-0.8927041389686114,-0.5757895124911631,-0.6097266765026583,,-0.6153931677393871,GPR,D10,
interaction_surface,-0.5539670964671346,-0.3926957620949647,-0.4064844510017722,,-0.6153931677393871,GPR,D10,
interaction_surface,-0.21523005396565775,-0.1948484626073483,-0.20324222550088616,,-0.6153931677393871,GPR,D10,
interaction_surface,0.1235069885358191,0.007120976742486268,-2.7755575615628914e-17,,-0.6153931677393871,GPR,D10,
interaction_surface,0.46224403103729594,0.20386881797684434,0.2032422255008861,,-0.6153931677393871,GPR,D10,
interaction_surface,0.8009810735387726,0.3886270092913029,0.4064844510017721,,-0.6153931677393871,GPR,D10,
interaction_surface,1.1397181160402496,0.5608073314735771,0.6097266765026583,,-0.6153931677393871,GPR,D10,
interaction_surface,1.4784551585417267,0.7242005577212837,0.8129689020035444,,-0.6153931677393871,GPR,D10,
interaction_surface,1.8171922010432033,0.8788131576134398,1.0162111275044305,,-0.6153931677393871,GPR,D10,
interaction_surface,-1.5701782239715651,-0.8646467806129313,-1.0162111275044305,,-0.5460983227057609,GPR,D10,
interaction_surface,-1.2314411814700883,-0.7405944564643574,-0.8129689020035444,,-0.5460983227057609,GPR,D10,
interaction_surface,-0.8927041389686114,-0.5837814813233803,-0.6097266765026583,,-0.5460983227057609,GPR,D10,
interaction_surface,-0.5539670964671346,-0.4002734747500558,-0.4064844510017722,,-0.5460983227057609,GPR,D10,
interaction_surface,-0.21523005396565775,-0.2017015802280832,-0.20324222550088616,,-0.5460983227057609,GPR,D10,
interaction_surface,0.1235069885358191,0.002759821372670279,-2.7755575615628914e-17,,-0.5460983227057609,GPR,D10,
interaction_surface,0.46224403103729594,0.20389523874555288,0.2032422255008861,,-0.5460983227057609,GPR,D10,
interaction_surface,0.8009810735387726,0.3936890867478555,0.4064844510017721,,-0.5460983227057609,GPR,D10,
interaction_surface,1.1397181160402496,0.5708820031561141,0.6097266765026583,,-0.5460983227057609,GPR,D10,
interaction_surface,1.4784551585417267,0.7385746618473303,0.8129689020035444,,-0.5460983227057609,GPR,D10,
interaction_surface,1.8171922010432033,0.8965581760552599,1.0162111275044305,,-0.5460983227057609,GPR,D10,
interaction_surface,-1.5701782239715651,-0.8727011987047687,-1.0162111275044305,,-0.4768034776721346,GPR,D10,
interaction_surface,-1.2314411814700883,-0.7487253699477896,-0.8129689020035444,,-0.4768034776721346,GPR,D10,
interaction_surface,-0.8927041389686114,-0.5916644076148452,-0.6097266765026583,,-0.4768034776721346,GPR,D10,
interaction_surface,-0.5539670964671346,-0.4078818725693555,-0.4064844510017722,,-0.4768034776721346,GPR,D10,
interaction_surface,-0.21523005396565775,-0.2087202059991849,-0.20324222550088616,,-0.4768034776721346,GPR,D10,
interaction_surface,0.1235069885358191,-0.0020078099368589786,-2.7755575615628914e-17,,-0.4768034776721346,GPR,D10,
interaction_surface,0.46224403103729594,0.20339412652214206,0.2032422255008861,,-0.4768034776721346,GPR,D10,
interaction_surface,0.8009810735387726,0.3983649213436167,0.4064844510017721,,-0.4768034776721346,GPR,D10,
interaction_surface,1.1397181160402496,0.5809932516700227,0.6097266765026583,,-0.4768034776721346,GPR,D10,
interaction_surface,1.4784551585417267,0.7534355972884486,0.8129689020035444,,-0.4768034776721346,GPR,D10,
interaction_surface,1.8171922010432033,0.9150579737363682,1.0162111275044305,,-0.4768034776721346,GPR,D10,
interaction_surface,-1.5701782239715651,-0.8806310007819579,-1.0162111275044305,,-0.40750863263850834,GPR,D10,
interaction_surface,-1.2314411814700883,-0.7566128405935755,-0.8129689020035444,,-0.40750863263850834,GPR,D10,
interaction_surface,-0.8927041389686114,-0.5994179212980514,-0.6097266765026583,,-0.40750863263850834,GPR,D10,
interaction_surface,-0.5539670964671346,-0.41544115407056276,-0.4064844510017722,,-0.40750863263850834,GPR,D10,
interaction_surface,-0.21523005396565775,-0.215767879785396,-0.20324222550088616,,-0.40750863263850834,GPR,D10,
interaction_surface,0.1235069885358191,-0.007014504676338629,-2.7755575615628914e-17,,-0.40750863263850834,GPR,D10,
interaction_surface,0.46224403103729594,0.20245584564678054,0.2032422255008861,,-0.40750863263850834,GPR,D10,
interaction_surface,0.8009810735387726,0.40266687797394085,0.4064844510017721,,-0.40750863263850834,GPR,D10,
interaction_surface,1.1397181160402496,0.5910287488836258,0.6097266765026583,,-0.40750863263850834,GPR,D10,
interaction_surface,1.4784551585417267,0.768592023195465,0.8129689020035444,,-0.40750863263850834,GPR,D10,
interaction_surface,1.8171922010432033,0.9341343747029646,1.0162111275044305,,-0.40750863263850834,GPR,D10,
interaction_surface,-1.5701782239715651,-0.8885948341379478,-1.0162111275044305,,-0.3382137876048821,GPR,D10,
interaction_surface,-1.2314411814700883,-0.7643512758945176,-0.8129689020035444,,-0.3382137876048821,GPR,D10,
interaction_surface,-0.8927041389686114,-0.6070457829471221,-0.6097266765026583,,-0.3382137876048821,GPR,D10,
interaction_surface,-0.5539670964671346,-0.42290622667663885,-0.4064844510017722,,-0.3382137876048821,GPR,D10,
interaction_surface,-0.21523005396565775,-0.22273708186499258,-0.20324222550088616,,-0.3382137876048821,GPR,D10,
interaction_surface,0.1235069885358191,-0.012104226028720341,-2.7755575615628914e-17,,-0.3382137876048821,GPR,D10,
interaction_surface,0.46224403103729594,0.20121436742458654,0.2032422255008861,,-0.3382137876048821,GPR,D10,
interaction_surface,0.8009810735387726,0.4066587469113792,0.4064844510017721,,-0.3382137876048821,GPR,D10,
interaction_surface,1.1397181160402496,0.6009253935602186,0.6097266765026583,,-0.3382137876048821,GPR,D10,
interaction_surface,1.4784551585417267,0.7838961043664198,0.8129689020035444,,-0.3382137876048821,GPR,D10,
interaction_surface,1.8171922010432033,0.953620650196687,1.0162111275044305,,-0.3382137876048821,GPR,D10,
interaction_surface,-1.5701782239715651,-0.89679218228632,-1.0162111275044305,,-0.2689189425712559,GPR,D10,
interaction_surface,-1.2314411814700883,-0.7720987221396014,-0.8129689020035444,,-0.2689189425712559,GPR,D10,
interaction_surface,-0.8927041389686114,-0.6145865642649508,-0.6097266765026583,,-0.2689189425712559,GPR,D10,
interaction_surface,-0.5539670964671346,-0.43025942927396515,-0.4064844510017722,,-0.2689189425712559,GPR,D10,
interaction_surface,-0.21523005396565775,-0.22954224111527954,-0.20324222550088616,,-0.2689189425712559,GPR,D10,
interaction_surface,0.1235069885358191,-0.01714065550685487,-2.7755575615628914e-17,,-0.2689189425712559,GPR,D10,
interaction_surface,0.46224403103729594,0.1998291505512988,0.2032422255008861,,-0.2689189425712559,GPR,D10,
interaction_surface,0.8009810735387726,0.4104470201095726,0.4064844510017721,,-0.2689189425712559,GPR,D10,
interaction_surface,1.1397181160402496,0.6106799543402083,0.6097266765026583,,-0.2689189425712559,GPR,D10,
interaction_surface,1.4784551585417267,0.7992505100732061,0.8129689020035444,,-0.2689189425712559,GPR,D10,
interaction_surface,1.8171922010432033,0.9733775595085334,1.0162111275044305,,-0.2689189425712559,GPR,D10,
interaction_surface,-1.5701782239715651,-0.9054412992005502,-1.0162111275044305,,-0.19962409753762966,GPR,D10,
interaction_surface,-1.2314411814700883,-0.7800507496952955,-0.8129689020035444,,-0.19962409753762966,GPR,D10,
interaction_surface,-0.8927041389686114,-0.622130292039988,-0.6097266765026583,,-0.19962409753762966,GPR,D10,
interaction_surface,-0.5539670964671346,-0.43751037714632696,-0.4064844510017722,,-0.19962409753762966,GPR,D10,
interaction_surface,-0.21523005396565775,-0.23614226593562465,-0.20324222550088616,,-0.19962409753762966,GPR,D10,
interaction_surface,0.1235069885358191,-0.021996782253137448,-2.7755575615628914e-17,,-0.19962409753762966,GPR,D10,
interaction_surface,0.46224403103729594,0.19847042404869492,0.2032422255008861,,-0.19962409753762966,GPR,D10,
interaction_surface,0.8009810735387726,0.41417186929920635,0.4064844510017721,,-0.19962409753762966,GPR,D10,
interaction_surface,1.1397181160402496,0.6203573997650963,0.6097266765026583,,-0.19962409753762966,GPR,D10,
interaction_surface,1.4784551585417267,0.8146117151055196,0.8129689020035444,,-0.19962409753762966,GPR,D10,
interaction_surface,1.8171922010432033,0.9932992927996583,1.0162111275044305,,-0.19962409753762966,GPR,D10,
interaction_surface,-1.5701782239715651,-0.9147619819155965,-1.0162111275044305,,-0.1303292525040034,GPR,D10,
interaction_surface,-1.2314411814700883,-0.7884214341216526,-0.8129689020035444,,-0.1303292525040034,GPR,D10,
interaction_surface,-0.8927041389686114,-0.629812739326434,-0.6097266765026583,,-0.1303292525040034,GPR,D10,
interaction_surface,-0.5539670964671346,-0.44469653845449875,-0.4064844510017722,,-0.1303292525040034,GPR,D10,
interaction_surface,-0.21523005396565775,-0.24251723954363072,-0.20324222550088616,,-0.1303292525040034,GPR,D10,
interaction_surface,0.1235069885358191,-0.026551981364372396,-2.7755575615628914e-17,,-0.1303292525040034,GPR,D10,
interaction_surface,0.46224403103729594,0.19730978446251438,0.2032422255008861,,-0.1303292525040034,GPR,D10,
interaction_surface,0.8009810735387726,0.4179942027648794,0.4064844510017721,,-0.1303292525040034,GPR,D10,
interaction_surface,1.1397181160402496,0.6300549458841489,0.6097266765026583,,-0.1303292525040034,GPR,D10,
interaction_surface,1.4784551585417267,0.8299790120599185,0.8129689020035444,,-0.1303292525040034,GPR,D10,
interaction_surface,1.8171922010432033,1.0133057484028185,1.0162111275044305,,-0.1303292525040034,GPR,D10,
interaction_surface,-1.5701782239715651,-0.9249573481385895,-1.0162111275044305,,-0.06103440747037725,GPR,D10,
interaction_surface,-1.2314411814700883,-0.7974226835464823,-0.8129689020035444,,-0.06103440747037725,GPR,D10,
interaction_surface,-0.8927041389686114,-0.6377969979336393,-0.6097266765026583,,-0.06103440747037725,GPR,D10,
interaction_surface,-0.5539670964671346,-0.45187181558750805,-0.4064844510017722,,-0.06103440747037725,GPR,D10,
interaction_surface,-0.21523005396565775,-0.24863894242509277,-0.20324222550088616,,-0.06103440747037725,GPR,D10,
interaction_surface,0.1235069885358191,-0.03070533112439608,-2.7755575615628914e-17,,-0.06103440747037725,GPR,D10,
interaction_surface,0.46224403103729594,0.1965255869269122,0.2032422255008861,,-0.06103440747037725,GPR,D10,
interaction_surface,0.8009810735387726,0.4220874676139103,0.4064844510017721,,-0.06103440747037725,GPR,D10,
interaction_surface,1.1397181160402496,0.6398735775880328,0.6097266765026583,,-0.06103440747037725,GPR,D10,
interaction_surface,1.4784551585417267,0.8453703216106776,0.8129689020035444,,-0.06103440747037725,GPR,D10,
interaction_surface,1.8171922010432033,1.0333299937205025,1.0162111275044305,,-0.06103440747037725,GPR,D10,
interaction_surface,-1.5701782239715651,-0.9362099628854668,-1.0162111275044305,,0.008260437563249123,GPR,D10,
interaction_surface,-1.2314411814700883,-0.8072578944698094,-0.8129689020035444,,0.008260437563249123,GPR,D10,
interaction_surface,-0.8927041389686114,-0.6462550341155195,-0.6097266765026583,,0.008260437563249123,GPR,D10,
interaction_surface,-0.5539670964671346,-0.45910098039268177,-0.4064844510017722,,0.008260437563249123,GPR,D10,
interaction_surface,-0.21523005396565775,-0.25447253860999325,-0.20324222550088616,,0.008260437563249123,GPR,D10,
interaction_surface,0.1235069885358191,-0.03436414926841216,-2.7755575615628914e-17,,0.008260437563249123,GPR,D10,
interaction_surface,0.46224403103729594,0.1963021392564735,0.2032422255008861,,0.008260437563249123,GPR,D10,
interaction_surface,0.8009810735387726,0.4266292783917018,0.4064844510017721,,0.008260437563249123,GPR,D10,
interaction_surface,1.1397181160402496,0.6499111298716866,0.6097266765026583,,0.008260437563249123,GPR,D10,
interaction_surface,1.4784551585417267,0.8607950595240499,0.8129689020035444,,0.008260437563249123,GPR,D10,
interaction_surface,1.8171922010432033,1.0532920674594808,1.0162111275044305,,0.008260437563249123,GPR,D10,
interaction_surface,-1.5701782239715651,-0.9486746583365213,-1.0162111275044305,,0.07755528259687527,GPR,D10,
interaction_surface,-1.2314411814700883,-0.8181071069601409,-0.8129689020035444,,0.07755528259687527,GPR,D10,
interaction_surface,-0.8927041389686114,-0.6553486313966899,-0.6097266765026583,,0.07755528259687527,GPR,D10,
interaction_surface,-0.5539670964671346,-0.46645062601204723,-0.4064844510017722,,0.07755528259687527,GPR,D10,
interaction_surface,-0.21523005396565775,-0.2599779643480824,-0.20324222550088616,,0.07755528259687527,GPR,D10,
interaction_surface,0.1235069885358191,-0.037391318722792485,-2.7755575615628914e-17,,0.07755528259687527,GPR,D10,
interaction_surface,0.46224403103729594,0.19680638412051032,0.2032422255008861,,0.07755528259687527,GPR,D10,
interaction_surface,0.8009810735387726,0.4317698431655564,0.4064844510017721,,0.07755528259687527,GPR,D10,
interaction_surface,1.1397181160402496,0.6602470913748408,0.6097266765026583,,0.07755528259687527,GPR,D10,
interaction_surface,1.4784551585417267,0.8762447475957014,0.8129689020035444,,0.07755528259687527,GPR,D10,
interaction_surface,1.8171922010432033,1.0730917779665612,1.0162111275044305,,0.07755528259687527,GPR,D10,
interaction_surface,-1.5701782239715651,-0.962461911926526,-1.0162111275044305,,0.14685012763050143,GPR,D10,
interaction_surface,-1.2314411814700883,-0.8301008767241698,-0.8129689020035444,,0.14685012763050143,GPR,D10,
interaction_surface,-0.8927041389686114,-0.6652085396694115,-0.6097266765026583,,0.14685012763050143,GPR,D10,
interaction_surface,-0.5539670964671346,-0.4740066614011669,-0.4064844510017722,,0.14685012763050143,GPR,D10,
interaction_surface,-0.21523005396565775,-0.2650920441124668,-0.20324222550088616,,0.14685012763050143,GPR,D10,
interaction_surface,0.1235069885358191,-0.03963850629113136,-2.7755575615628914e-17,,0.14685012763050143,GPR,D10,
interaction_surface,0.46224403103729594,0.1981689368463779,0.2032422255008861,,0.14685012763050143,GPR,D10,
interaction_surface,0.8009810735387726,0.43760404802373476,0.4064844510017721,,0.14685012763050143,GPR,D10,
interaction_surface,1.1397181160402496,0.670934385928539,0.6097266765026583,,0.14685012763050143,GPR,D10,
interaction_surface,1.4784551585417267,0.8917015848494839,0.8129689020035444,,0.14685012763050143,GPR,D10,
interaction_surface,1.8171922010432033,1.0926272846863145,1.0162111275044305,,0.14685012763050143,GPR,D10,
interaction_surface,-1.5701782239715651,-0.9776370899724667,-1.0162111275044305,,0.2161449726641278,GPR,D10,
interaction_surface,-1.2314411814700883,-0.8433230483352058,-0.8129689020035444,,0.2161449726641278,GPR,D10,
interaction_surface,-0.8927041389686114,-0.6759265891738364,-0.6097266765026583,,0.2161449726641278,GPR,D10,
interaction_surface,-0.5539670964671346,-0.481846528277437,-0.4064844510017722,,0.2161449726641278,GPR,D10,
interaction_surface,-0.21523005396565775,-0.26972841058081787,-0.20324222550088616,,0.2161449726641278,GPR,D10,
interaction_surface,0.1235069885358191,-0.040979360952679095,-2.7755575615628914e-17,,0.2161449726641278,GPR,D10,
interaction_surface,0.46224403103729594,0.2004809683773872,0.2032422255008861,,0.2161449726641278,GPR,D10,
interaction_surface,0.8009810735387726,0.4441784930941187,0.4064844510017721,,0.2161449726641278,GPR,D10,
interaction_surface,1.1397181160402496,0.6819925033940847,0.6097266765026583,,0.2161449726641278,GPR,D10,
interaction_surface,1.4784551585417267,0.9071380526013427,0.8129689020035444,,0.2161449726641278,GPR,D10,
interaction_surface,1.8171922010432033,1.1118028368616368,1.0162111275044305,,0.2161449726641278,GPR,D10,
interaction_surface,-1.5701782239715651,-0.9942202883602838,-1.0450225971853788,,0.28543981769775395,GPR,D10,
interaction_surface,-1.2314411814700883,-0.8578144428777557,-0.8360180777483034,,0.28543981769775395,GPR,D10,
interaction_surface,-0.8927041389686114,-0.6875486311607228,-0.6270135583112275,,0.28543981769775395,GPR,D10,
interaction_surface,-0.5539670964671346,-0.4899611335639203,-0.41800903887415175,,0.28543981769775395,GPR,D10,
interaction_surface,-0.21523005396565775,-0.2738040418042674,-0.20900451943707582,,0.28543981769775395,GPR,D10,
interaction_surface,0.1235069885358191,-0.041347918667477,0.0,,0.28543981769775395,GPR,D10,
interaction_surface,0.46224403103729594,0.20378587688527805,0.20900451943707588,,0.28543981769775395,GPR,D10,
interaction_surface,0.8009810735387726,0.451492227179324,0.41800903887415164,,0.28543981769775395,GPR,D10,
interaction_surface,1.1397181160402496,0.6934096903211167,0.6270135583112275,,0.28543981769775395,GPR,D10,
interaction_surface,1.4784551585417267,0.9225200487087817,0.8360180777483034,,0.28543981769775395,GPR,D10,
interaction_surface,1.8171922010432033,1.130541608527245,1.0450225971853793,,0.28543981769775395,GPR,D10,
interaction_surface,-1.5701782239715651,-1.012167564014326,-1.1013571512668723,,0.3547346627313803,GPR,D10,
interaction_surface,-1.2314411814700883,-0.8735470645827014,-0.8810857210134978,,0.3547346627313803,GPR,D10,
interaction_surface,-0.8927041389686114,-0.7000543293112044,-0.6608142907601232,,0.3547346627313803,GPR,D10,
interaction_surface,-0.5539670964671346,-0.4983081291120199,-0.4405428605067489,,0.3547346627313803,GPR,D10,
interaction_surface,-0.21523005396565775,-0.2773111265670281,-0.22027143025337448,,0.3547346627313803,GPR,D10,
interaction_surface,0.1235069885358191,-0.04075876251236922,-1.3877787807814457e-17,,0.3547346627313803,GPR,D10,
interaction_surface,0.46224403103729594,0.20806077404321244,0.22027143025337442,,0.3547346627313803,GPR,D10,
interaction_surface,0.8009810735387726,0.45951597299277674,0.44054286050674885,,0.3547346627313803,GPR,D10,
interaction_surface,1.1397181160402496,0.7051675106954644,0.6608142907601234,,0.3547346627313803,GPR,D10,
interaction_surface,1.4784551585417267,0.9378295074354127,0.881085721013498,,0.3547346627313803,GPR,D10,
interaction_surface,1.8171922010432033,1.1488154162786146,1.1013571512668725,,0.3547346627313803,GPR,D10,
interaction_surface,-1.5701782239715651,-1.031373881008387,-1.157691705348365,,0.4240295077650065,GPR,D10,
interaction_surface,-1.2314411814700883,-0.8904163492849381,-0.9261533642786922,,0.4240295077650065,GPR,D10,
interaction_surface,-0.8927041389686114,-0.7133616853364432,-0.6946150232090191,,0.4240295077650065,GPR,D10,
interaction_surface,-0.5539670964671346,-0.5068433217750734,-0.463076682139346,,0.4240295077650065,GPR,D10,
interaction_surface,-0.21523005396565775,-0.2803204160920273,-0.23153834106967303,,0.4240295077650065,GPR,D10,
interaction_surface,0.1235069885358191,-0.03929530416331596,2.7755575615628914e-17,,0.4240295077650065,GPR,D10,
interaction_surface,0.46224403103729594,0.21322026267221045,0.23153834106967308,,0.4240295077650065,GPR,D10,
interaction_surface,0.8009810735387726,0.468197640078324,0.4630766821393459,,0.4240295077650065,GPR,D10,
interaction_surface,1.1397181160402496,0.7172485169729909,0.694615023209019,,0.4240295077650065,GPR,D10,
interaction_surface,1.4784551585417267,0.9530672144143805,0.9261533642786922,,0.4240295077650065,GPR,D10,
interaction_surface,1.8171922010432033,1.1666326757372736,1.157691705348365,,0.4240295077650065,GPR,D10,
interaction_surface,-1.5701782239715651,-1.0517001699764037,-1.2140262594298579,,0.4933243527986326,GPR,D10,
interaction_surface,-1.2314411814700883,-0.9082698888678068,-0.9712210075438863,,0.4933243527986326,GPR,D10,
interaction_surface,-0.8927041389686114,-0.7273481907554309,-0.7284157556579148,,0.4933243527986326,GPR,D10,
interaction_surface,-0.5539670964671346,-0.515539775083335,-0.48561050377194315,,0.4933243527986326,GPR,D10,
interaction_surface,-0.21523005396565775,-0.28291942971917083,-0.24280525188597157,,0.4933243527986326,GPR,D10,
interaction_surface,0.1235069885358191,-0.037079672741403114,1.3877787807814457e-17,,0.4933243527986326,GPR,D10,
interaction_surface,0.46224403103729594,0.2191484929092957,0.24280525188597155,,0.4933243527986326,GPR,D10,
interaction_surface,0.8009810735387726,0.47746244426876105,0.4856105037719428,,0.4933243527986326,GPR,D10,
interaction_surface,1.1397181160402496,0.7296303758552288,0.7284157556579148,,0.4933243527986326,GPR,D10,
interaction_surface,1.4784551585417267,0.9682443515794376,0.9712210075438865,,0.4933243527986326,GPR,D10,
interaction_surface,1.8171922010432033,1.1840236542468234,1.2140262594298579,,0.4933243527986326,GPR,D10,
interaction_surface,-1.5701782239715651,-1.0729856249192635,-1.270360813511351,,0.562619197832259,GPR,D10,
interaction_surface,-1.2314411814700883,-0.926926297130087,-1.016288650809081,,0.562619197832259,GPR,D10,
interaction_surface,-0.8927041389686114,-0.7418678399899872,-0.7622164881068106,,0.562619197832259,GPR,D10,
interaction_surface,-0.5539670964671346,-0.5243714374128862,-0.5081443254045404,,0.562619197832259,GPR,D10,
interaction_surface,-0.21523005396565775,-0.2852050536020335,-0.25407216270227023,,0.562619197832259,GPR,D10,
interaction_surface,0.1235069885358191,-0.034252047746105116,-1.3877787807814457e-17,,0.562619197832259,GPR,D10,
interaction_surface,0.46224403103729594,0.22570853150797995,0.25407216270227023,,0.562619197832259,GPR,D10,
interaction_surface,0.8009810735387726,0.4872193719673845,0.5081443254045401,,0.562619197832259,GPR,D10,
interaction_surface,1.1397181160402496,0.7422800155193412,0.7622164881068104,,0.562619197832259,GPR,D10,
interaction_surface,1.4784551585417267,0.9833787425556724,1.016288650809081,,0.562619197832259,GPR,D10,
interaction_surface,1.8171922010432033,1.2010324685853233,1.2703608135113507,,0.562619197832259,GPR,D10,
interaction_surface,-1.5701782239715651,-1.0950356157797976,-1.326695367592844,,0.6319140428658852,GPR,D10,
interaction_surface,-1.2314411814700883,-0.9461828840931313,-1.061356294074275,,0.6319140428658852,GPR,D10,
interaction_surface,-0.8927041389686114,-0.7567661204337425,-0.7960172205557063,,0.6319140428658852,GPR,D10,
interaction_surface,-0.5539670964671346,-0.533308118116966,-0.5306781470371374,,0.6319140428658852,GPR,D10,
interaction_surface,-0.21523005396565775,-0.28729167230274605,-0.2653390735185688,,0.6319140428658852,GPR,D10,
interaction_surface,0.1235069885358191,-0.030972530868135312,0.0,,0.6319140428658852,GPR,D10,
interaction_surface,0.46224403103729594,0.2327470859884985,0.2653390735185688,,0.6319140428658852,GPR,D10,
interaction_surface,0.8009810735387726,0.4973678630819468,0.5306781470371372,,0.6319140428658852,GPR,D10,
interaction_surface,1.1397181160402496,0.755163164520509,0.7960172205557063,,0.6319140428658852,GPR,D10,
interaction_surface,1.4784551585417267,0.9984912151810009,1.0613562940742751,,0.6319140428658852,GPR,D10,
interaction_surface,1.8171922010432033,1.217710282974181,1.3266953675928441,,0.6319140428658852,GPR,D10,
interaction_surface,-1.5701782239715651,-1.1176146560716729,-1.3830299216743365,,0.7012088878995113,GPR,D10,
interaction_surface,-1.2314411814700883,-0.9658159245489956,-1.106423937339469,,0.7012088878995113,GPR,D10,
interaction_surface,-0.8927041389686114,-0.7718906578287057,-0.8298179530046019,,0.7012088878995113,GPR,D10,
interaction_surface,-0.5539670964671346,-0.5423136901562757,-0.5532119686697348,,0.7012088878995113,GPR,D10,
interaction_surface,-0.21523005396565775,-0.2893164663335077,-0.27660598433486727,,0.7012088878995113,GPR,D10,
interaction_surface,0.1235069885358191,-0.027437794503560792,0.0,,0.7012088878995113,GPR,D10,
interaction_surface,0.46224403103729594,0.24010452202922886,0.27660598433486727,,0.7012088878995113,GPR,D10,
interaction_surface,0.8009810735387726,0.5078112205363031,0.5532119686697345,,0.7012088878995113,GPR,D10,
interaction_surface,1.1397181160402496,0.768253684506974,0.8298179530046018,,0.7012088878995113,GPR,D10,
interaction_surface,1.4784551585417267,1.01360513877921,1.1064239373394695,,0.7012088878995113,GPR,D10,
interaction_surface,1.8171922010432033,1.2341143814472693,1.3830299216743365,,0.7012088878995113,GPR,D10,
interaction_surface,-1.5701782239715651,-1.1404461528435585,-1.4393644757558295,,0.7705037329331377,GPR,D10,
interaction_surface,-1.2314411814700883,-0.9855906737757338,-1.1514915806046637,,0.7705037329331377,GPR,D10,
interaction_surface,-0.8927041389686114,-0.7871003594714181,-0.8636186854534978,,0.7705037329331377,GPR,D10,
interaction_surface,-0.5539670964671346,-0.5513622442330917,-0.5757457903023319,,0.7705037329331377,GPR,D10,
interaction_surface,-0.21523005396565775,-0.2914399335303951,-0.287872895151166,,0.7705037329331377,GPR,D10,
interaction_surface,0.1235069885358191,-0.023879459140693532,-1.3877787807814457e-17,,0.7705037329331377,GPR,D10,
interaction_surface,0.46224403103729594,0.2476291195790922,0.2878728951511659,,0.7705037329331377,GPR,D10,
interaction_surface,0.8009810735387726,0.5184802188215121,0.5757457903023319,,0.7705037329331377,GPR,D10,
interaction_surface,1.1397181160402496,0.781535428259424,0.8636186854534977,,0.7705037329331377,GPR,D10,
interaction_surface,1.4784551585417267,1.0287451162776549,1.1514915806046642,,0.7705037329331377,GPR,D10,
interaction_surface,1.8171922010432033,1.250306264015496,1.43936447575583,,0.7705037329331377,GPR,D10,
interaction_surface,-1.5701782239715651,-1.1632217980521022,-1.495699029837322,,0.8397985779667638,GPR,D10,
interaction_surface,-1.2314411814700883,-1.0052705571232148,-1.196559223869858,,0.8397985779667638,GPR,D10,
interaction_surface,-0.8927041389686114,-0.8022657953609088,-0.8974194179023935,,0.8397985779667638,GPR,D10,
interaction_surface,-0.5539670964671346,-0.5604737506129406,-0.598279611934929,,0.8397985779667638,GPR,D10,
interaction_surface,-0.21523005396565775,-0.29384106791646225,-0.2991398059674645,,0.8397985779667638,GPR,D10,
interaction_surface,0.1235069885358191,-0.020533481696853872,1.3877787807814457e-17,,0.8397985779667638,GPR,D10,
interaction_surface,0.46224403103729594,0.2551879062341046,0.2991398059674646,,0.8397985779667638,GPR,D10,
interaction_surface,0.8009810735387726,0.5293403268039376,0.5982796119349288,,0.8397985779667638,GPR,D10,
interaction_surface,1.1397181160402496,0.7949961061325573,0.8974194179023932,,0.8397985779667638,GPR,D10,
interaction_surface,1.4784551585417267,1.0439315099997553,1.1965592238698584,,0.8397985779667638,GPR,D10,
interaction_surface,1.8171922010432033,1.2663455351629334,1.4956990298373225,,0.8397985779667638,GPR,D10,
interaction_surface,-1.5701782239715651,-1.185625794987564,-1.552033583918815,,0.90909342300039,GPR,D10,
interaction_surface,-1.2314411814700883,-1.024617462924911,-1.241626867135052,,0.90909342300039,GPR,D10,
interaction_surface,-0.8927041389686114,-0.8172479055965196,-0.9312201503512894,,0.90909342300039,GPR,D10,
interaction_surface,-0.5539670964671346,-0.5696748527320297,-0.620813433567526,,0.90909342300039,GPR,D10,
interaction_surface,-0.21523005396565775,-0.2967000283330103,-0.31040671678376297,,0.90909342300039,GPR,D10,
interaction_surface,0.1235069885358191,-0.017609303315666625,1.3877787807814457e-17,,0.90909342300039,GPR,D10,
interaction_surface,0.46224403103729594,0.2626670331512934,0.31040671678376314,,0.90909342300039,GPR,D10,
interaction_surface,0.8009810735387726,0.5403493962074029,0.6208134335675258,,0.90909342300039,GPR,D10,
interaction_surface,1.1397181160402496,0.8086116293687446,0.9312201503512891,,0.90909342300039,GPR,D10,
interaction_surface,1.4784551585417267,1.0591665401547123,1.2416268671350525,,0.90909342300039,GPR,D10,
interaction_surface,1.8171922010432033,1.2822761680470818,1.5520335839188155,,0.90909342300039,GPR,D10,
interaction_surface,-1.5701782239715651,-1.2073656868592657,-1.6083681380003083,,0.9783882680340164,GPR,D10,
interaction_surface,-1.2314411814700883,-1.0434107668444486,-1.2866945104002467,,0.9783882680340164,GPR,D10,
interaction_surface,-0.8927041389686114,-0.8319067805064362,-0.9650208828001848,,0.9783882680340164,GPR,D10,
interaction_surface,-0.5539670964671346,-0.578959289510986,-0.6433472552001233,,0.9783882680340164,GPR,D10,
interaction_surface,-0.21523005396565775,-0.30013390702029963,-0.3216736276000617,,0.9783882680340164,GPR,D10,
interaction_surface,0.1235069885358191,-0.01525060883650639,-1.3877787807814457e-17,,0.9783882680340164,GPR,D10,
interaction_surface,0.46224403103729594,0.26996375246583637,0.3216736276000617,,0.9783882680340164,GPR,D10,
interaction_surface,0.8009810735387726,0.5514257705304378,0.6433472552001231,,0.9783882680340164,GPR,D10,
interaction_surface,1.1397181160402496,0.8223290845460113,0.965020882800185,,0.9783882680340164,GPR,D10,
interaction_surface,1.4784551585417267,1.0744160784606684,1.2866945104002467,,0.9783882680340164,GPR,D10,
interaction_surface,1.8171922010432033,1.2981059638966332,1.608368138000308,,0.9783882680340164,GPR,D10,
interaction_surface,-1.5701782239715651,-1.2281995839123088,-1.6647026920818013,,1.0476831130676427,GPR,D10,
interaction_surface,-1.2314411814700883,-1.0614705617250952,-1.3317621536654407,,1.0476831130676427,GPR,D10,
interaction_surface,-0.8927041389686114,-0.8461261287968003,-0.9988216152490806,,1.0476831130676427,GPR,D10,
interaction_surface,-0.5539670964671346,-0.5882906686669167,-0.6658810768327204,,1.0476831130676427,GPR,D10,
interaction_surface,-0.21523005396565775,-0.30414480657347154,-0.33294053841636023,,1.0476831130676427,GPR,D10,
interaction_surface,0.1235069885358191,-0.01350778106088002,-1.3877787807814457e-17,,1.0476831130676427,GPR,D10,
interaction_surface,0.46224403103729594,0.2769759547550431,0.3329405384163602,,1.0476831130676427,GPR,D10,
interaction_surface,0.8009810735387726,0.5624555404129528,0.6658810768327202,,1.0476831130676427,GPR,D10,
interaction_surface,1.1397181160402496,0.8360538412824864,0.9988216152490805,,1.0476831130676427,GPR,D10,
interaction_surface,1.4784551585417267,1.08959678357569,1.331762153665441,,1.0476831130676427,GPR,D10,
interaction_surface,1.8171922010432033,1.3137776308608071,1.6647026920818013,,1.0476831130676427,GPR,D10,
interaction_surface,-1.5701782239715651,-1.2479408693913436,-1.7210372461632941,,1.1169779581012687,GPR,D10,
interaction_surface,-1.2314411814700883,-1.078656990429182,-1.3768297969306353,,1.1169779581012687,GPR,D10,
interaction_surface,-0.8927041389686114,-0.8598073975193083,-1.0326223476979763,,1.1169779581012687,GPR,D10,
interaction_surface,-0.5539670964671346,-0.5976015009166055,-0.6884148984653176,,1.1169779581012687,GPR,D10,
interaction_surface,-0.21523005396565775,-0.30863305290736237,-0.3442074492326588,,1.1169779581012687,GPR,D10,
interaction_surface,0.1235069885358191,-0.012359326953913119,0.0,,1.1169779581012687,GPR,D10,
interaction_surface,0.46224403103729594,0.28360489619748414,0.3442074492326588,,1.1169779581012687,GPR,D10,
interaction_surface,0.8009810735387726,0.5733001135966775,0.6884148984653174,,1.1169779581012687,GPR,D10,
interaction_surface,1.1397181160402496,0.849656976726783,1.0326223476979763,,1.1169779581012687,GPR,D10,
interaction_surface,1.4784551585417267,1.1045926773997683,1.376829796930635,,1.1169779581012687,GPR,D10,
interaction_surface,1.8171922010432033,1.329186674758318,1.7210372461632937,,1.1169779581012687,GPR,D10,
interaction_surface,-1.5701782239715651,-1.2664497286089826,-1.777371800244787,,1.186272803134895,GPR,D10,
interaction_surface,-1.2314411814700883,-1.0948505638083454,-1.4218974401958293,,1.186272803134895,GPR,D10,
interaction_surface,-0.8927041389686114,-0.8728571456069572,-1.0664230801468717,,1.186272803134895,GPR,D10,
interaction_surface,-0.5539670964671346,-0.6067967779176839,-0.7109487200979147,,1.186272803134895,GPR,D10,
interaction_surface,-0.21523005396565775,-0.31345878570279734,-0.3554743600489573,,1.186272803134895,GPR,D10,
interaction_surface,0.1235069885358191,-0.011749021884658706,5.551115123125783e-17,,1.186272803134895,GPR,D10,
interaction_surface,0.46224403103729594,0.28976304488158244,0.35547436004895727,,1.186272803134895,GPR,D10,
interaction_surface,0.8009810735387726,0.5838121197051844,0.7109487200979143,,1.186272803134895,GPR,D10,
interaction_surface,1.1397181160402496,0.8629922203087205,1.0664230801468721,,1.186272803134895,GPR,D10,
interaction_surface,1.4784551585417267,1.119275262116584,1.4218974401958293,,1.186272803134895,GPR,D10,
interaction_surface,1.8171922010432033,1.344205737090372,1.7773718002447862,,1.186272803134895,GPR,D10,
interaction_surface,-1.5701782239715651,-1.2836238146800165,-1.83370635432628,,1.2555676481685214,GPR,D10,
interaction_surface,-1.2314411814700883,-1.1099457434066706,-1.466965083461024,,1.2555676481685214,GPR,D10,
interaction_surface,-0.8927041389686114,-0.8851809884309549,-1.1002238125957682,,1.2555676481685214,GPR,D10,
interaction_surface,-0.5539670964671346,-0.6157667232501134,-0.733482541730512,,1.2555676481685214,GPR,D10,
interaction_surface,-0.21523005396565775,-0.3184815831286649,-0.36674127086525593,,1.2555676481685214,GPR,D10,
interaction_surface,0.1235069885358191,-0.011603136456479035,5.551115123125783e-17,,1.2555676481685214,GPR,D10,
interaction_surface,0.46224403103729594,0.2953800168998576,0.3667412708652561,,1.2555676481685214,GPR,D10,
interaction_surface,0.8009810735387726,0.5938511886960466,0.7334825417305116,,1.2555676481685214,GPR,D10,
interaction_surface,1.1397181160402496,0.8759097336045942,1.100223812595768,,1.2555676481685214,GPR,D10,
interaction_surface,1.4784551585417267,1.1335065313051704,1.4669650834610244,,1.2555676481685214,GPR,D10,
interaction_surface,1.8171922010432033,1.3586956962998569,1.8337063543262797,,1.2555676481685214,GPR,D10,
interaction_surface,-1.5701782239715651,-1.2993931313565545,-1.8900409084077723,,1.3248624932021473,GPR,D10,
interaction_surface,-1.2314411814700883,-1.1238607548151924,-1.5120327267262177,,1.3248624932021473,GPR,D10,
interaction_surface,-0.8927041389686114,-0.896688611672625,-1.1340245450446633,,1.3248624932021473,GPR,D10,
interaction_surface,-0.5539670964671346,-0.6244010524687621,-0.7560163633631088,,1.3248624932021473,GPR,D10,
interaction_surface,-0.21523005396565775,-0.32357099517052984,-0.3780081816815544,,1.3248624932021473,GPR,D10,
interaction_surface,0.1235069885358191,-0.011835349772856718,2.7755575615628914e-17,,1.3248624932021473,GPR,D10,
interaction_surface,0.46224403103729594,0.3004167647191065,0.3780081816815545,,1.3248624932021473,GPR,D10,
interaction_surface,0.8009810735387726,0.6032950124325731,0.7560163633631087,,1.3248624932021473,GPR,D10,
interaction_surface,1.1397181160402496,0.8882618194936631,1.1340245450446635,,1.3248624932021473,GPR,D10,
interaction_surface,1.4784551585417267,1.1471402171810898,1.5120327267262184,,1.3248624932021473,GPR,D10,
interaction_surface,1.8171922010432033,1.3725114280581747,1.890040908407773,,1.3248624932021473,GPR,D10,
interaction_surface,-1.5701782239715651,-1.3137146952195637,-1.9463754624892655,,1.3941573382357737,GPR,D10,
interaction_surface,-1.2314411814700883,-1.1365407022771008,-1.5571003699914125,,1.3941573382357737,GPR,D10,
interaction_surface,-0.8927041389686114,-0.9073073761697097,-1.1678252774935594,,1.3941573382357737,GPR,D10,
interaction_surface,-0.5539670964671346,-0.6325961944811451,-0.7785501849957062,,1.3941573382357737,GPR,D10,
interaction_surface,-0.21523005396565775,-0.3286074343261315,-0.3892750924978531,,1.3941573382357737,GPR,D10,
interaction_surface,0.1235069885358191,-0.012348415477133334,2.7755575615628914e-17,,1.3941573382357737,GPR,D10,
interaction_surface,0.46224403103729594,0.30488537079697225,0.38927509249785314,,1.3941573382357737,GPR,D10,
interaction_surface,0.8009810735387726,0.6120467860346959,0.7785501849957059,,1.3941573382357737,GPR,D10,
interaction_surface,1.1397181160402496,0.8999005870450831,1.1678252774935591,,1.3941573382357737,GPR,D10,
interaction_surface,1.4784551585417267,1.1600220997867323,1.5571003699914128,,1.3941573382357737,GPR,D10,
interaction_surface,1.8171922010432033,1.3855091337948493,1.9463754624892657,,1.3941573382357737,GPR,D10,
interaction_surface,-1.5701782239715651,-1.3265634334003809,-2.002710016570758,,1.4634521832694,GPR,D10,
interaction_surface,-1.2314411814700883,-1.1479526703173004,-1.6021680132566065,,1.4634521832694,GPR,D10,
interaction_surface,-0.8927041389686114,-0.9169853156584769,-1.201626009942455,,1.4634521832694,GPR,D10,
interaction_surface,-0.5539670964671346,-0.640254289092711,-0.8010840066283035,,1.4634521832694,GPR,D10,
interaction_surface,-0.21523005396565775,-0.3334742439312842,-0.4005420033141517,,1.4634521832694,GPR,D10,
interaction_surface,0.1235069885358191,-0.01303967598002076,-5.551115123125783e-17,,1.4634521832694,GPR,D10,
interaction_surface,0.46224403103729594,0.30882464110573665,0.4005420033141516,,1.4634521832694,GPR,D10,
interaction_surface,0.8009810735387726,0.6200394807081373,0.8010840066283031,,1.4634521832694,GPR,D10,
interaction_surface,1.1397181160402496,0.9106794448291684,1.201626009942455,,1.4634521832694,GPR,D10,
interaction_surface,1.4784551585417267,1.1719973821478658,1.6021680132566072,,1.4634521832694,GPR,D10,
interaction_surface,1.8171922010432033,1.397556967734131,2.0027100165707576,,1.4634521832694,GPR,D10,
interaction_surface,-1.5701782239715651,-1.337932302167924,-2.059044570652251,,1.532747028303026,GPR,D10,
interaction_surface,-1.2314411814700883,-1.1580828972937023,-1.647235656521801,,1.532747028303026,GPR,D10,
interaction_surface,-0.8927041389686114,-0.9256843127604018,-1.2354267423913505,,1.532747028303026,GPR,D10,
interaction_surface,-0.5539670964671346,-0.6472879022581005,-0.8236178282609006,,1.532747028303026,GPR,D10,
interaction_surface,-0.21523005396565775,-0.33806038598460164,-0.4118089141304503,,1.532747028303026,GPR,D10,
interaction_surface,0.1235069885358191,-0.01381270904554649,0.0,,1.532747028303026,GPR,D10,
interaction_surface,0.46224403103729594,0.31227905716050125,0.4118089141304503,,1.532747028303026,GPR,D10,
interaction_surface,0.8009810735387726,0.6272283575184623,0.8236178282609004,,1.532747028303026,GPR,D10,
interaction_surface,1.1397181160402496,0.9204667696293001,1.2354267423913508,,1.532747028303026,GPR,D10,
interaction_surface,1.4784551585417267,1.1829226342435475,1.6472356565218012,,1.532747028303026,GPR,D10,
interaction_surface,1.8171922010432033,1.4085362697977373,2.0590445706522513,,1.532747028303026,GPR,D10,
interaction_surface,-1.5701782239715651,-1.3478333709493797,-2.1153791247337437,,1.6020418733366524,GPR,D10,
interaction_surface,-1.2314411814700883,-1.1669341692282202,-1.6923032997869951,,1.6020418733366524,GPR,D10,
interaction_surface,-0.8927041389686114,-0.933378167776706,-1.2692274748402463,,1.6020418733366524,GPR,D10,
interaction_surface,-0.5539670964671346,-0.6536232196428536,-0.8461516498934976,,1.6020418733366524,GPR,D10,
interaction_surface,-0.21523005396565775,-0.34226501391877723,-0.4230758249467488,,1.6020418733366524,GPR,D10,
interaction_surface,0.1235069885358191,-0.014581255561943118,-2.7755575615628914e-17,,1.6020418733366524,GPR,D10,
interaction_surface,0.46224403103729594,0.3152884552562699,0.42307582494674884,,1.6020418733366524,GPR,D10,
interaction_surface,0.8009810735387726,0.6335834791209882,0.8461516498934973,,1.6020418733366524,GPR,D10,
interaction_surface,1.1397181160402496,0.9291625168589669,1.2692274748402466,,1.6020418733366524,GPR,D10,
interaction_surface,1.4784551585417267,1.19267796140478,1.6923032997869953,,1.6020418733366524,GPR,D10,
interaction_surface,1.8171922010432033,1.4183412476212536,2.1153791247337446,,1.6020418733366524,GPR,D10,
interaction_surface,-1.5701782239715651,-1.3562974021686787,-2.1717136788152365,,1.6713367183702788,GPR,D10,
interaction_surface,-1.2314411814700883,-1.174524299394057,-1.7373709430521898,,1.6713367183702788,GPR,D10,
interaction_surface,-0.8927041389686114,-0.9400541078745912,-1.3030282072891421,,1.6713367183702788,GPR,D10,
interaction_surface,-0.5539670964671346,-0.6592005800226899,-0.8686854715260948,,1.6713367183702788,GPR,D10,
interaction_surface,-0.21523005396565775,-0.3459874433162099,-0.4343427357630474,,1.6713367183702788,GPR,D10,
interaction_surface,0.1235069885358191,-0.015274196663119743,0.0,,1.6713367183702788,GPR,D10,
interaction_surface,0.46224403103729594,0.3178815728747802,0.43434273576304727,,1.6713367183702788,GPR,D10,
interaction_surface,0.8009810735387726,0.6390841992349652,0.8686854715260943,,1.6713367183702788,GPR,D10,
interaction_surface,1.1397181160402496,0.9367031892894515,1.3030282072891421,,1.6713367183702788,GPR,D10,
interaction_surface,1.4784551585417267,1.2011706530791526,1.7373709430521895,,1.6713367183702788,GPR,D10,
interaction_surface,1.8171922010432033,1.426878740559387,2.171713678815237,,1.6713367183702788,GPR,D10,
interaction_surface,-1.5701782239715651,-1.3633689957851096,-2.2280482328967293,,1.7406315634039047,GPR,D10,
interaction_surface,-1.2314411814700883,-1.180881720769034,-1.7824385863173833,,1.7406315634039047,GPR,D10,
interaction_surface,-0.8927041389686114,-0.9457109605208937,-1.3368289397380377,,1.7406315634039047,GPR,D10,
interaction_surface,-0.5539670964671346,-0.6639755426773051,-0.891219293158692,,1.7406315634039047,GPR,D10,
interaction_surface,-0.21523005396565775,-0.3491213064704366,-0.445609646579346,,1.7406315634039047,GPR,D10,
interaction_surface,0.1235069885358191,-0.015839391104569445,-2.7755575615628914e-17,,1.7406315634039047,GPR,D10,
interaction_surface,0.46224403103729594,0.3200753366685627,0.44560964657934604,,1.7406315634039047,GPR,D10,
interaction_surface,0.8009810735387726,0.643717591333629,0.8912192931586915,,1.7406315634039047,GPR,D10,
interaction_surface,1.1397181160402496,0.9430512752502913,1.3368289397380377,,1.7406315634039047,GPR,D10,
interaction_surface,1.4784551585417267,1.208334190860652,1.7824385863173837,,1.7406315634039047,GPR,D10,
interaction_surface,1.8171922010432033,1.4340708255034469,2.2280482328967293,,1.7406315634039047,GPR,D10,
modifier_effect_by_z,-1.0311622379411445,0.7193571066047217,0.8194256736297397,,-1.0311622379411445,GPR,D10,
modifier_effect_by_z,-0.9618673929075182,0.7295107251990872,0.8194256736297397,,-0.9618673929075182,GPR,D10,
modifier_effect_by_z,-0.892572547873892,0.740457326222612,0.8194256736297397,,-0.892572547873892,GPR,D10,
modifier_effect_by_z,-0.8232777028402658,0.7520708929433202,0.8194256736297397,,-0.8232777028402658,GPR,D10,
modifier_effect_by_z,-0.7539828578066395,0.7641582530662816,0.8194256736297397,,-0.7539828578066395,GPR,D10,
modifier_effect_by_z,-0.6846880127730133,0.7764811753603231,0.8194256736297397,,-0.6846880127730133,GPR,D10,
modifier_effect_by_z,-0.6153931677393871,0.7887842619803701,0.8194256736297397,,-0.6153931677393871,GPR,D10,
modifier_effect_by_z,-0.5460983227057609,0.8008324579195789,0.8194256736297397,,-0.5460983227057609,GPR,D10,
modifier_effect_by_z,-0.4768034776721346,0.8124726953708707,0.8194256736297397,,-0.4768034776721346,GPR,D10,
modifier_effect_by_z,-0.40750863263850834,0.8236599366835278,0.8194256736297397,,-0.40750863263850834,GPR,D10,
modifier_effect_by_z,-0.3382137876048821,0.8344326479120637,0.8194256736297397,,-0.3382137876048821,GPR,D10,
modifier_effect_by_z,-0.2689189425712559,0.8448970981675987,0.8194256736297397,,-0.2689189425712559,GPR,D10,
modifier_effect_by_z,-0.19962409753762966,0.8552201757955743,0.8194256736297397,,-0.19962409753762966,GPR,D10,
modifier_effect_by_z,-0.1303292525040034,0.8656192884379994,0.8194256736297397,,-0.1303292525040034,GPR,D10,
modifier_effect_by_z,-0.06103440747037725,0.8763433455189418,0.8194256736297397,,-0.06103440747037725,GPR,D10,
modifier_effect_by_z,0.008260437563249123,0.8876562382639355,0.8194256736297397,,0.008260437563249123,GPR,D10,
modifier_effect_by_z,0.07755528259687527,0.8997978618467821,0.8194256736297397,,0.07755528259687527,GPR,D10,
modifier_effect_by_z,0.14685012763050143,0.9129622401722328,0.8194256736297397,,0.14685012763050143,GPR,D10,
modifier_effect_by_z,0.2161449726641278,0.9272908053685089,0.8194256736297397,,0.2161449726641278,GPR,D10,
modifier_effect_by_z,0.28543981769775395,0.9427953472062691,0.8426579108219774,,0.28543981769775395,GPR,D10,
modifier_effect_by_z,0.3547346627313803,0.9594086189267911,0.8880834908785755,,0.3547346627313803,GPR,D10,
modifier_effect_by_z,0.4240295077650065,0.9770198613134182,0.9335090709351737,,0.4240295077650065,GPR,D10,
modifier_effect_by_z,0.4933243527986326,0.9954999650041416,0.9789346509917715,,0.4933243527986326,GPR,D10,
modifier_effect_by_z,0.562619197832259,1.0147010559318081,1.0243602310483697,,0.562619197832259,GPR,D10,
modifier_effect_by_z,0.6319140428658852,1.0344576534099956,1.0697858111049676,,0.6319140428658852,GPR,D10,
modifier_effect_by_z,0.7012088878995113,1.0545984204350987,1.1152113911615658,,0.7012088878995113,GPR,D10,
modifier_effect_by_z,0.7705037329331377,1.0749945353468804,1.1606369712181643,,0.7705037329331377,GPR,D10,
modifier_effect_by_z,0.8397985779667638,1.0956036284805566,1.206062551274762,,0.8397985779667638,GPR,D10,
modifier_effect_by_z,0.90909342300039,1.1163806918675923,1.25148813133136,,0.90909342300039,GPR,D10,
modifier_effect_by_z,0.9783882680340164,1.137214662372879,1.2969137113879583,,0.9783882680340164,GPR,D10,
modifier_effect_by_z,1.0476831130676427,1.1579414775287624,1.3423392914445564,,1.0476831130676427,GPR,D10,
modifier_effect_by_z,1.1169779581012687,1.1783532619487778,1.3877648715011546,,1.1169779581012687,GPR,D10,
modifier_effect_by_z,1.186272803134895,1.1982144305413192,1.4331904515577525,,1.186272803134895,GPR,D10,
modifier_effect_by_z,1.2555676481685214,1.21728564778404,1.4786160316143508,,1.2555676481685214,GPR,D10,
modifier_effect_by_z,1.3248624932021473,1.235348103138007,1.5240416116709483,,1.3248624932021473,GPR,D10,
modifier_effect_by_z,1.3941573382357737,1.2522189064671219,1.5694671917275467,,1.3941573382357737,GPR,D10,
modifier_effect_by_z,1.4634521832694,1.2677527399029518,1.614892771784145,,1.4634521832694,GPR,D10,
modifier_effect_by_z,1.532747028303026,1.2818363467808105,1.6603183518407432,,1.532747028303026,GPR,D10,
modifier_effect_by_z,1.6020418733366524,1.294382608218864,1.7057439318973409,,1.6020418733366524,GPR,D10,
modifier_effect_by_z,1.6713367183702788,1.305325719604441,1.7511695119539388,,1.6713367183702788,GPR,D10,
modifier_effect_by_z,1.7406315634039047,1.3146202372834046,1.796595092010537,,1.7406315634039047,GPR,D10,
PD,-1.5701782239715651,-0.7177480129134086,-1.2286599626816004,0.021318298059448442,,MERF,D10,
PD,-1.4854939633461959,-0.715942688604453,-1.1672269645475204,0.008659533084924398,,MERF,D10,
PD,-1.4008097027208266,-0.7162813606000932,-1.1057939664134404,0.0006437925378630638,,MERF,D10,
PD,-1.3161254420954576,-0.7158336504143229,-1.0443609682793604,0.17985576077855914,,MERF,D10,
PD,-1.2314411814700883,-0.6858194563586021,-0.9829279701452804,0.2383946938757271,,MERF,D10,
PD,-1.146756920844719,-0.6754570936385685,-0.9214949720112002,0.08442091603549473,,MERF,D10,
PD,-1.06207266021935,-0.6715212106470376,-0.8600619738771205,0.02832690775987956,,MERF,D10,
PD,-0.9773883995939807,-0.6706594071596716,-0.7986289757430403,0.16552577117588152,,MERF,D10,
PD,-0.8927041389686114,-0.6434863555540904,-0.7371959776089603,0.43591717596979107,,MERF,D10,
PD,-0.8080198783432422,-0.5968287596778702,-0.6757629794748803,0.3623070843784517,,MERF,D10,
PD,-0.723335617717873,-0.5821229404342454,-0.6143299813408003,0.08301547071130733,,MERF,D10,
PD,-0.6386513570925039,-0.5827685521625621,-0.5528969832067203,0.3547974079844374,,MERF,D10,
PD,-0.5539670964671346,-0.5220314281003263,-0.4914639850726402,1.6882535276837043,,MERF,D10,
PD,-0.46928283584176533,-0.2968315486824303,-0.4300309869385601,1.3924416138564393,,MERF,D10,
PD,-0.3845985752163963,-0.2861956510334691,-0.36859798880448025,0.10399066579382854,,MERF,D10,
PD,-0.299914314591027,-0.27921880339304983,-0.30716499067040015,0.1928986316330339,,MERF,D10,
PD,-0.21523005396565775,-0.25352469504249125,-0.2457319925363201,0.7578184057441831,,MERF,D10,
PD,-0.13054579334028849,-0.15086822063556535,-0.18429899440224007,0.9429951082108913,,MERF,D10,
PD,-0.04586153271491922,-0.09381100801813241,-0.12286599626815999,0.2914355959910878,,MERF,D10,
PD,0.03882272791044983,-0.10150820470272703,-0.06143299813408008,0.08929351049534129,,MERF,D10,
PD,0.1235069885358191,-0.0786874981882491,-1.3877787807814457e-17,0.887995404871105,,MERF,D10,
PD,0.20819124916118836,0.04889026389774287,0.06143299813408004,1.1738281525172287,,MERF,D10,
PD,0.2928755097865574,0.1201220402060802,0.12286599626815994,0.5705229087730299,,MERF,D10,
PD,0.3775597704119267,0.1455188852963007,0.18429899440224,0.5813655373326694,,MERF,D10,
PD,0.46224403103729594,0.21858706157025543,0.2457319925363201,0.9532971556565163,,MERF,D10,
PD,0.546928291662665,0.3069774148623797,0.3071649906704,0.7562718212810764,,MERF,D10,
PD,0.6316125522880345,0.3466757016042339,0.36859798880448025,0.5003476622995839,,MERF,D10,
PD,0.7162968129134035,0.3917205585373241,0.43003098693856007,0.4089118530333469,,MERF,D10,
PD,0.8009810735387726,0.415932497474391,0.49146398507264005,0.11808618203300547,,MERF,D10,
PD,0.8856653341641421,0.41172064056839963,0.5528969832067203,0.10158739335768585,,MERF,D10,
PD,0.9703495947895111,0.4331382040650992,0.6143299813408001,0.6857213046215707,,MERF,D10,
PD,1.0550338554148806,0.5278602439222827,0.6757629794748805,0.8071479008361555,,MERF,D10,
PD,1.1397181160402496,0.5698436504603569,0.7371959776089603,0.7830929327865865,,MERF,D10,
PD,1.2244023766656187,0.6604915359502505,0.7986289757430403,0.7049811489566902,,MERF,D10,
PD,1.3090866372909882,0.6892452651687979,0.8600619738771205,0.30204239840963787,,MERF,D10,
PD,1.3937708979163572,0.7116480103239172,0.9214949720112002,0.29455522992841754,,MERF,D10,
PD,1.4784551585417267,0.7391336488884453,0.9829279701452804,0.4773799374128478,,MERF,D10,
PD,1.5631394191670958,0.7925011443983013,1.0443609682793606,0.5080523684237299,,MERF,D10,
PD,1.6478236797924648,0.8251817272463077,1.1057939664134404,0.29002307982297815,,MERF,D10,
PD,1.7325079404178343,0.8416219245565039,1.1672269645475206,0.08947589319301041,,MERF,D10,
PD,1.8171922010432033,0.840336126963997,1.2286599626816004,-0.015183430580980012,,MERF,D10,
ALE,-1.3764038791144122,-0.673594330869749,-1.0333121250429878,,,MERF,D10,0.07142857142857142
ALE,-0.9908888510806432,-0.6127012604491514,-0.7675359777101876,,,MERF,D10,0.10851648351648352
ALE,-0.6705025139292288,-0.44650945853331325,-0.5431828794474486,,,MERF,D10,0.08791208791208792
ALE,-0.43731759958216443,-0.2933110377763886,-0.3735171864731026,,,MERF,D10,0.06868131868131869
ALE,-0.23699437615071484,-0.2080951169349583,-0.22402237406534897,,,MERF,D10,0.07692307692307693
ALE,-0.06917261440317247,-0.11073813880316719,-0.10052552440459395,,,MERF,D10,0.050824175824175824
ALE,0.07945952765539052,-0.05339632412376771,0.008318011241508216,,,MERF,D10,0.0673076923076923
ALE,0.2874027494947953,0.09199014585679466,0.16319298085768996,,,MERF,D10,0.10302197802197802
ALE,0.5552615178811682,0.314113608391124,0.34899230791103886,,,MERF,D10,0.12225274725274725
ALE,0.8154172889283255,0.4334643022100342,0.5282887501059248,,,MERF,D10,0.061813186813186816
ALE,1.0876203605970085,0.5800645774651605,0.7261017322079029,,,MERF,D10,0.08928571428571429
ALE,1.5266848760894551,0.7906575576275263,1.0357441169065393,,,MERF,D10,0.09203296703296704
modifier_slice,-1.5701782239715651,-0.6719732985683654,-1.0162111275044305,,-0.5,MERF,D10,
modifier_slice,-1.4854939633461959,-0.6695691166951252,-0.965400571129209,,-0.5,MERF,D10,
modifier_slice,-1.4008097027208266,-0.6698373087026639,-0.9145900147539877,,-0.5,MERF,D10,
modifier_slice,-1.3161254420954576,-0.6698100456124059,-0.8637794583787661,,-0.5,MERF,D10,
modifier_slice,-1.2314411814700883,-0.6398263971062554,-0.8129689020035444,,-0.5,MERF,D10,
modifier_slice,-1.146756920844719,-0.6328717081046924,-0.762158345628323,,-0.5,MERF,D10,
modifier_slice,-1.06207266021935,-0.628915978268861,-0.7113477892531015,,-0.5,MERF,D10,
modifier_slice,-0.9773883995939807,-0.6278458683224808,-0.6605372328778799,,-0.5,MERF,D10,
modifier_slice,-0.8927041389686114,-0.6012581899736653,-0.6097266765026583,,-0.5,MERF,D10,
modifier_slice,-0.8080198783432422,-0.558724631344441,-0.5589161201274369,,-0.5,MERF,D10,
modifier_slice,-0.723335617717873,-0.5433165584964613,-0.5081055637522153,,-0.5,MERF,D10,
modifier_slice,-0.6386513570925039,-0.5442558059796151,-0.45729500737699386,,-0.5,MERF,D10,
modifier_slice,-0.5539670964671346,-0.49162505073805207,-0.4064844510017722,,-0.5,MERF,D10,
modifier_slice,-0.46928283584176533,-0.28676616328090987,-0.35567389462655064,,-0.5,MERF,D10,
modifier_slice,-0.3845985752163963,-0.2814775814381939,-0.3048633382513293,,-0.5,MERF,D10,
modifier_slice,-0.299914314591027,-0.2779151983856267,-0.2540527818761077,,-0.5,MERF,D10,
modifier_slice,-0.21523005396565775,-0.2540805138752412,-0.20324222550088616,,-0.5,MERF,D10,
modifier_slice,-0.13054579334028849,-0.15300481112699865,-0.15243166912566458,,-0.5,MERF,D10,
modifier_slice,-0.04586153271491922,-0.10197955508813818,-0.10162111275044301,,-0.5,MERF,D10,
modifier_slice,0.03882272791044983,-0.10927606276437057,-0.05081055637522159,,-0.5,MERF,D10,
modifier_slice,0.1235069885358191,-0.08514128948510238,-2.7755575615628914e-17,,-0.5,MERF,D10,
modifier_slice,0.20819124916118836,0.03965462216423485,0.05081055637522153,,-0.5,MERF,D10,
modifier_slice,0.2928755097865574,0.109712847252876,0.10162111275044293,,-0.5,MERF,D10,
modifier_slice,0.3775597704119267,0.13283656969369814,0.15243166912566453,,-0.5,MERF,D10,
modifier_slice,0.46224403103729594,0.19410601115612977,0.2032422255008861,,-0.5,MERF,D10,
modifier_slice,0.546928291662665,0.28066227743388916,0.2540527818761075,,-0.5,MERF,D10,
modifier_slice,0.6316125522880345,0.3181925033843539,0.3048633382513292,,-0.5,MERF,D10,
modifier_slice,0.7162968129134035,0.3626234431004487,0.3556738946265506,,-0.5,MERF,D10,
modifier_slice,0.8009810735387726,0.39075585104746224,0.4064844510017721,,-0.5,MERF,D10,
modifier_slice,0.8856653341641421,0.385728409016308,0.45729500737699375,,-0.5,MERF,D10,
modifier_slice,0.9703495947895111,0.4056899332438736,0.5081055637522152,,-0.5,MERF,D10,
modifier_slice,1.0550338554148806,0.49841273505536265,0.5589161201274369,,-0.5,MERF,D10,
modifier_slice,1.1397181160402496,0.537957842272679,0.6097266765026583,,-0.5,MERF,D10,
modifier_slice,1.2244023766656187,0.6236571753517586,0.6605372328778797,,-0.5,MERF,D10,
modifier_slice,1.3090866372909882,0.6536938220193589,0.7113477892531014,,-0.5,MERF,D10,
modifier_slice,1.3937708979163572,0.677499770354443,0.7621583456283227,,-0.5,MERF,D10,
modifier_slice,1.4784551585417267,0.7058642218926021,0.8129689020035444,,-0.5,MERF,D10,
modifier_slice,1.5631394191670958,0.7607765660915762,0.8637794583787659,,-0.5,MERF,D10,
modifier_slice,1.6478236797924648,0.7955026797890306,0.9145900147539875,,-0.5,MERF,D10,
modifier_slice,1.7325079404178343,0.8137148253150439,0.9654005711292092,,-0.5,MERF,D10,
modifier_slice,1.8171922010432033,0.8124290277225367,1.0162111275044305,,-0.5,MERF,D10,
modifier_slice,-1.5701782239715651,-0.8246896878460618,-1.4226955785062028,,0.75,MERF,D10,
modifier_slice,-1.4854939633461959,-0.8234991309000924,-1.3515607995808925,,0.75,MERF,D10,
modifier_slice,-1.4008097027208266,-0.8237161391054458,-1.2804260206555822,,0.75,MERF,D10,
modifier_slice,-1.3161254420954576,-0.8228363577076109,-1.2092912417302724,,0.75,MERF,D10,
modifier_slice,-1.2314411814700883,-0.7924718067923343,-1.138156462804962,,0.75,MERF,D10,
modifier_slice,-1.146756920844719,-0.7745895209210307,-1.067021683879652,,0.75,MERF,D10,
modifier_slice,-1.06207266021935,-0.7696549330064723,-0.995886904954342,,0.75,MERF,D10,
modifier_slice,-0.9773883995939807,-0.769146611234796,-0.9247521260290316,,0.75,MERF,D10,
modifier_slice,-0.8927041389686114,-0.7365669177796094,-0.8536173471037215,,0.75,MERF,D10,
modifier_slice,-0.8080198783432422,-0.6818493023548793,-0.7824825681784113,,0.75,MERF,D10,
modifier_slice,-0.723335617717873,-0.6686774713267378,-0.7113477892531012,,0.75,MERF,D10,
modifier_slice,-0.6386513570925039,-0.6694221936139692,-0.6402130103277912,,0.75,MERF,D10,
modifier_slice,-0.5539670964671346,-0.5898406243093067,-0.569078231402481,,0.75,MERF,D10,
modifier_slice,-0.46928283584176533,-0.3156177045225062,-0.49794345247717076,,0.75,MERF,D10,
modifier_slice,-0.3845985752163963,-0.2927944325470648,-0.4268086735518608,,0.75,MERF,D10,
modifier_slice,-0.299914314591027,-0.27542916853929633,-0.35567389462655064,,0.75,MERF,D10,
modifier_slice,-0.21523005396565775,-0.24179475959191138,-0.28453911570124046,,0.75,MERF,D10,
modifier_slice,-0.13054579334028849,-0.14324387753482853,-0.21340433677593032,,0.75,MERF,D10,
modifier_slice,-0.04586153271491922,-0.07595266241619086,-0.14226955785062015,,0.75,MERF,D10,
modifier_slice,0.03882272791044983,-0.08386523877085991,-0.07113477892531014,,0.75,MERF,D10,
modifier_slice,0.1235069885358191,-0.061204113659697496,0.0,,0.75,MERF,D10,
modifier_slice,0.20819124916118836,0.07969401413714941,0.07113477892531023,,0.75,MERF,D10,
modifier_slice,0.2928755097865574,0.15490702483730664,0.14226955785062015,,0.75,MERF,D10,
modifier_slice,0.3775597704119267,0.18343717235760712,0.21340433677593038,,0.75,MERF,D10,
modifier_slice,0.46224403103729594,0.26850714134649556,0.2845391157012406,,0.75,MERF,D10,
modifier_slice,0.546928291662665,0.3633461547234411,0.3556738946265505,,0.75,MERF,D10,
modifier_slice,0.6316125522880345,0.40624611889349593,0.4268086735518609,,0.75,MERF,D10,
modifier_slice,0.7162968129134035,0.4554150985404112,0.497943452477171,,0.75,MERF,D10,
modifier_slice,0.8009810735387726,0.4755504164221417,0.5690782314024809,,0.75,MERF,D10,
modifier_slice,0.8856653341641421,0.4732954100176302,0.6402130103277913,,0.75,MERF,D10,
modifier_slice,0.9703495947895111,0.49693165792881744,0.7113477892531012,,0.75,MERF,D10,
modifier_slice,1.0550338554148806,0.5946160326810696,0.7824825681784117,,0.75,MERF,D10,
modifier_slice,1.1397181160402496,0.6414588879132025,0.8536173471037216,,0.75,MERF,D10,
modifier_slice,1.2244023766656187,0.7352140335794458,0.9247521260290317,,0.75,MERF,D10,
modifier_slice,1.3090866372909882,0.7609529927242301,0.995886904954342,,0.75,MERF,D10,
modifier_slice,1.3937708979163572,0.7830399572678809,1.067021683879652,,0.75,MERF,D10,
modifier_slice,1.4784551585417267,0.8095414894018024,1.138156462804962,,0.75,MERF,D10,
modifier_slice,1.5631394191670958,0.8597410981213672,1.2092912417302724,,0.75,MERF,D10,
modifier_slice,1.6478236797924648,0.8882699430469968,1.280426020655582,,0.75,MERF,D10,
modifier_slice,1.7325079404178343,0.9039919040663597,1.3515607995808925,,0.75,MERF,D10,
modifier_slice,1.8171922010432033,0.9027061064738525,1.4226955785062028,,0.75,MERF,D10,
pure_interaction_contrast,-1.5701782239715651,-0.15271638927769637,-0.4064844510017722,,,MERF,D10,
pure_interaction_contrast,-1.4854939633461959,-0.1539300142049672,-0.3861602284516835,,,MERF,D10,
pure_interaction_contrast,-1.4008097027208266,-0.15387883040278194,-0.3658360059015945,,,MERF,D10,
pure_interaction_contrast,-1.3161254420954576,-0.153026312095205,-0.34551178335150623,,,MERF,D10,
pure_interaction_contrast,-1.2314411814700883,-0.15264540968607887,-0.32518756080141764,,,MERF,D10,
pure_interaction_contrast,-1.146756920844719,-0.14171781281633833,-0.30486333825132905,,,MERF,D10,
pure_interaction_contrast,-1.06207266021935,-0.14073895473761122,-0.28453911570124046,,,MERF,D10,
pure_interaction_contrast,-0.9773883995939807,-0.1413007429123152,-0.26421489315115165,,,MERF,D10,
pure_interaction_contrast,-0.8927041389686114,-0.13530872780594405,-0.24389067060106318,,,MERF,D10,
pure_interaction_contrast,-0.8080198783432422,-0.12312467101043834,-0.22356644805097448,,,MERF,D10,
pure_interaction_contrast,-0.723335617717873,-0.1253609128302765,-0.2032422255008859,,,MERF,D10,
pure_interaction_contrast,-0.6386513570925039,-0.12516638763435406,-0.18291800295079735,,,MERF,D10,
pure_interaction_contrast,-0.5539670964671346,-0.09821557357125466,-0.16259378040070882,,,MERF,D10,
pure_interaction_contrast,-0.46928283584176533,-0.028851541241596335,-0.14226955785062012,,,MERF,D10,
pure_interaction_contrast,-0.3845985752163963,-0.011316851108870873,-0.12194533530053153,,,MERF,D10,
pure_interaction_contrast,-0.299914314591027,0.0024860298463303954,-0.10162111275044294,,,MERF,D10,
pure_interaction_contrast,-0.21523005396565775,0.012285754283329842,-0.0812968902003543,,,MERF,D10,
pure_interaction_contrast,-0.13054579334028849,0.009760933592170118,-0.06097266765026574,,,MERF,D10,
pure_interaction_contrast,-0.04586153271491922,0.026026892671947313,-0.040648445100177136,,,MERF,D10,
pure_interaction_contrast,0.03882272791044983,0.02541082399351066,-0.020324222550088554,,,MERF,D10,
pure_interaction_contrast,0.1235069885358191,0.02393717582540489,2.7755575615628914e-17,,,MERF,D10,
pure_interaction_contrast,0.20819124916118836,0.04003939197291456,0.0203242225500887,,,MERF,D10,
pure_interaction_contrast,0.2928755097865574,0.045194177584430645,0.04064844510017722,,,MERF,D10,
pure_interaction_contrast,0.3775597704119267,0.05060060266390898,0.06097266765026585,,,MERF,D10,
pure_interaction_contrast,0.46224403103729594,0.07440113019036579,0.08129689020035447,,,MERF,D10,
pure_interaction_contrast,0.546928291662665,0.08268387728955195,0.101621112750443,,,MERF,D10,
pure_interaction_contrast,0.6316125522880345,0.08805361550914204,0.1219453353005317,,,MERF,D10,
pure_interaction_contrast,0.7162968129134035,0.09279165543996248,0.1422695578506204,,,MERF,D10,
pure_interaction_contrast,0.8009810735387726,0.08479456537467944,0.16259378040070882,,,MERF,D10,
pure_interaction_contrast,0.8856653341641421,0.0875670010013222,0.18291800295079758,,,MERF,D10,
pure_interaction_contrast,0.9703495947895111,0.09124172468494385,0.203242225500886,,,MERF,D10,
pure_interaction_contrast,1.0550338554148806,0.0962032976257069,0.2235664480509748,,,MERF,D10,
pure_interaction_contrast,1.1397181160402496,0.10350104564052354,0.2438906706010633,,,MERF,D10,
pure_interaction_contrast,1.2244023766656187,0.11155685822768724,0.264214893151152,,,MERF,D10,
pure_interaction_contrast,1.3090866372909882,0.10725917070487123,0.2845391157012406,,,MERF,D10,
pure_interaction_contrast,1.3937708979163572,0.10554018691343792,0.3048633382513293,,,MERF,D10,
pure_interaction_contrast,1.4784551585417267,0.10367726750920025,0.32518756080141764,,,MERF,D10,
pure_interaction_contrast,1.5631394191670958,0.09896453202979105,0.34551178335150645,,,MERF,D10,
pure_interaction_contrast,1.6478236797924648,0.09276726325796625,0.3658360059015945,,,MERF,D10,
pure_interaction_contrast,1.7325079404178343,0.09027707875131574,0.3861602284516833,,,MERF,D10,
pure_interaction_contrast,1.8171922010432033,0.09027707875131585,0.4064844510017722,,,MERF,D10,
interaction_surface,-1.5701782239715651,-0.6037012221554414,-1.0162111275044305,,-1.0311622379411445,MERF,D10,
interaction_surface,-1.2314411814700883,-0.5733024103267526,-0.8129689020035444,,-1.0311622379411445,MERF,D10,
interaction_surface,-0.8927041389686114,-0.5446443137940633,-0.6097266765026583,,-1.0311622379411445,MERF,D10,
interaction_surface,-0.5539670964671346,-0.4448046270758024,-0.4064844510017722,,-1.0311622379411445,MERF,D10,
interaction_surface,-0.21523005396565775,-0.2106427785423201,-0.20324222550088616,,-1.0311622379411445,MERF,D10,
interaction_surface,0.1235069885358191,-0.04908160887562188,-2.7755575615628914e-17,,-1.0311622379411445,MERF,D10,
interaction_surface,0.46224403103729594,0.1789091318565845,0.2032422255008861,,-1.0311622379411445,MERF,D10,
interaction_surface,0.8009810735387726,0.3351377760808978,0.4064844510017721,,-1.0311622379411445,MERF,D10,
interaction_surface,1.1397181160402496,0.4624274502909196,0.6097266765026583,,-1.0311622379411445,MERF,D10,
interaction_surface,1.4784551585417267,0.6237814931735297,0.8129689020035444,,-1.0311622379411445,MERF,D10,
interaction_surface,1.8171922010432033,0.7309688960076975,1.0162111275044305,,-1.0311622379411445,MERF,D10,
interaction_surface,-1.5701782239715651,-0.607470219700304,-1.0162111275044305,,-0.9618673929075182,MERF,D10,
interaction_surface,-1.2314411814700883,-0.5770714078716151,-0.8129689020035444,,-0.9618673929075182,MERF,D10,
interaction_surface,-0.8927041389686114,-0.5484133113389259,-0.6097266765026583,,-0.9618673929075182,MERF,D10,
interaction_surface,-0.5539670964671346,-0.44776742449048385,-0.4064844510017722,,-0.9618673929075182,MERF,D10,
interaction_surface,-0.21523005396565775,-0.21243585929600894,-0.20324222550088616,,-0.9618673929075182,MERF,D10,
interaction_surface,0.1235069885358191,-0.050526726716161596,-2.7755575615628914e-17,,-0.9618673929075182,MERF,D10,
interaction_surface,0.46224403103729594,0.18155695830697866,0.2032422255008861,,-0.9618673929075182,MERF,D10,
interaction_surface,0.8009810735387726,0.3391057792507327,0.4064844510017721,,-0.9618673929075182,MERF,D10,
interaction_surface,1.1397181160402496,0.46545154642058784,0.6097266765026583,,-0.9618673929075182,MERF,D10,
interaction_surface,1.4784551585417267,0.627240901614175,0.8129689020035444,,-0.9618673929075182,MERF,D10,
interaction_surface,1.8171922010432033,0.7339731081544568,1.0162111275044305,,-0.9618673929075182,MERF,D10,
interaction_surface,-1.5701782239715651,-0.6080605269159772,-1.0162111275044305,,-0.892572547873892,MERF,D10,
interaction_surface,-1.2314411814700883,-0.5776617150872883,-0.8129689020035444,,-0.892572547873892,MERF,D10,
interaction_surface,-0.8927041389686114,-0.549003618554599,-0.6097266765026583,,-0.892572547873892,MERF,D10,
interaction_surface,-0.5539670964671346,-0.44952952094577836,-0.4064844510017722,,-0.892572547873892,MERF,D10,
interaction_surface,-0.21523005396565775,-0.213205331393055,-0.20324222550088616,,-0.892572547873892,MERF,D10,
interaction_surface,0.1235069885358191,-0.05080006945272572,-2.7755575615628914e-17,,-0.892572547873892,MERF,D10,
interaction_surface,0.46224403103729594,0.18160203272030548,0.2032422255008861,,-0.892572547873892,MERF,D10,
interaction_surface,0.8009810735387726,0.3403535400130122,0.4064844510017721,,-0.892572547873892,MERF,D10,
interaction_surface,1.1397181160402496,0.4665866043255438,0.6097266765026583,,-0.892572547873892,MERF,D10,
interaction_surface,1.4784551585417267,0.6280304141269594,0.8129689020035444,,-0.892572547873892,MERF,D10,
interaction_surface,1.8171922010432033,0.7351948265085868,1.0162111275044305,,-0.892572547873892,MERF,D10,
interaction_surface,-1.5701782239715651,-0.6109068437482486,-1.0162111275044305,,-0.8232777028402658,MERF,D10,
interaction_surface,-1.2314411814700883,-0.5805080319195597,-0.8129689020035444,,-0.8232777028402658,MERF,D10,
interaction_surface,-0.8927041389686114,-0.5518499353868704,-0.6097266765026583,,-0.8232777028402658,MERF,D10,
interaction_surface,-0.5539670964671346,-0.45177423459202243,-0.4064844510017722,,-0.8232777028402658,MERF,D10,
interaction_surface,-0.21523005396565775,-0.2153180582257514,-0.20324222550088616,,-0.8232777028402658,MERF,D10,
interaction_surface,0.1235069885358191,-0.05257808185725232,-2.7755575615628914e-17,,-0.8232777028402658,MERF,D10,
interaction_surface,0.46224403103729594,0.1807014603189468,0.2032422255008861,,-0.8232777028402658,MERF,D10,
interaction_surface,0.8009810735387726,0.34405661280127925,0.4064844510017721,,-0.8232777028402658,MERF,D10,
interaction_surface,1.1397181160402496,0.4701773640823094,0.6097266765026583,,-0.8232777028402658,MERF,D10,
interaction_surface,1.4784551585417267,0.6320423681063556,0.8129689020035444,,-0.8232777028402658,MERF,D10,
interaction_surface,1.8171922010432033,0.7389141115328648,1.0162111275044305,,-0.8232777028402658,MERF,D10,
interaction_surface,-1.5701782239715651,-0.6166943349246163,-1.0162111275044305,,-0.7539828578066395,MERF,D10,
interaction_surface,-1.2314411814700883,-0.5853537373888028,-0.8129689020035444,,-0.7539828578066395,MERF,D10,
interaction_surface,-0.8927041389686114,-0.5561799609419489,-0.6097266765026583,,-0.7539828578066395,MERF,D10,
interaction_surface,-0.5539670964671346,-0.45328121473357164,-0.4064844510017722,,-0.7539828578066395,MERF,D10,
interaction_surface,-0.21523005396565775,-0.21757188014595655,-0.20324222550088616,,-0.7539828578066395,MERF,D10,
interaction_surface,0.1235069885358191,-0.05479426628337178,-2.7755575615628914e-17,,-0.7539828578066395,MERF,D10,
interaction_surface,0.46224403103729594,0.18046071160698385,0.2032422255008861,,-0.7539828578066395,MERF,D10,
interaction_surface,0.8009810735387726,0.3442433803428796,0.4064844510017721,,-0.7539828578066395,MERF,D10,
interaction_surface,1.1397181160402496,0.4762601232239573,0.6097266765026583,,-0.7539828578066395,MERF,D10,
interaction_surface,1.4784551585417267,0.639137133607095,0.8129689020035444,,-0.7539828578066395,MERF,D10,
interaction_surface,1.8171922010432033,0.7486689816326823,1.0162111275044305,,-0.7539828578066395,MERF,D10,
interaction_surface,-1.5701782239715651,-0.6180808068056249,-1.0162111275044305,,-0.6846880127730133,MERF,D10,
interaction_surface,-1.2314411814700883,-0.5867402092698114,-0.8129689020035444,,-0.6846880127730133,MERF,D10,
interaction_surface,-0.8927041389686114,-0.5575664328229575,-0.6097266765026583,,-0.6846880127730133,MERF,D10,
interaction_surface,-0.5539670964671346,-0.45456560676441093,-0.4064844510017722,,-0.6846880127730133,MERF,D10,
interaction_surface,-0.21523005396565775,-0.21825749738821673,-0.20324222550088616,,-0.6846880127730133,MERF,D10,
interaction_surface,0.1235069885358191,-0.05598536394983161,-2.7755575615628914e-17,,-0.6846880127730133,MERF,D10,
interaction_surface,0.46224403103729594,0.18214711261260988,0.2032422255008861,,-0.6846880127730133,MERF,D10,
interaction_surface,0.8009810735387726,0.34617077278428854,0.4064844510017721,,-0.6846880127730133,MERF,D10,
interaction_surface,1.1397181160402496,0.4777109230227081,0.6097266765026583,,-0.6846880127730133,MERF,D10,
interaction_surface,1.4784551585417267,0.6390758504364203,0.8129689020035444,,-0.6846880127730133,MERF,D10,
interaction_surface,1.8171922010432033,0.7497834543752493,1.0162111275044305,,-0.6846880127730133,MERF,D10,
interaction_surface,-1.5701782239715651,-0.6296603565128086,-1.0162111275044305,,-0.6153931677393871,MERF,D10,
interaction_surface,-1.2314411814700883,-0.5979032434549643,-0.8129689020035444,,-0.6153931677393871,MERF,D10,
interaction_surface,-0.8927041389686114,-0.5674592427968214,-0.6097266765026583,,-0.6153931677393871,MERF,D10,
interaction_surface,-0.5539670964671346,-0.4624036303344648,-0.4064844510017722,,-0.6153931677393871,MERF,D10,
interaction_surface,-0.21523005396565775,-0.22456245575989703,-0.20324222550088616,,-0.6153931677393871,MERF,D10,
interaction_surface,0.1235069885358191,-0.0621988481266357,-2.7755575615628914e-17,,-0.6153931677393871,MERF,D10,
interaction_surface,0.46224403103729594,0.1849386634519532,0.2032422255008861,,-0.6153931677393871,MERF,D10,
interaction_surface,0.8009810735387726,0.35640921498136124,0.4064844510017721,,-0.6153931677393871,MERF,D10,
interaction_surface,1.1397181160402496,0.48923189558004554,0.6097266765026583,,-0.6153931677393871,MERF,D10,
interaction_surface,1.4784551585417267,0.6512812923659791,0.8129689020035444,,-0.6153931677393871,MERF,D10,
interaction_surface,1.8171922010432033,0.7617460756563307,1.0162111275044305,,-0.6153931677393871,MERF,D10,
interaction_surface,-1.5701782239715651,-0.6531075860305404,-1.0162111275044305,,-0.5460983227057609,MERF,D10,
interaction_surface,-1.2314411814700883,-0.6213497814979074,-0.8129689020035444,,-0.5460983227057609,MERF,D10,
interaction_surface,-0.8927041389686114,-0.5876085729448182,-0.6097266765026583,,-0.5460983227057609,MERF,D10,
interaction_surface,-0.5539670964671346,-0.48127147143513865,-0.4064844510017722,,-0.5460983227057609,MERF,D10,
interaction_surface,-0.21523005396565775,-0.24040674332570786,-0.20324222550088616,,-0.5460983227057609,MERF,D10,
interaction_surface,0.1235069885358191,-0.07346833159032044,-2.7755575615628914e-17,,-0.5460983227057609,MERF,D10,
interaction_surface,0.46224403103729594,0.19112248843817653,0.2032422255008861,,-0.5460983227057609,MERF,D10,
interaction_surface,0.8009810735387726,0.37883644572729236,0.4064844510017721,,-0.5460983227057609,MERF,D10,
interaction_surface,1.1397181160402496,0.5159508981455784,0.6097266765026583,,-0.5460983227057609,MERF,D10,
interaction_surface,1.4784551585417267,0.6800184943427315,0.8129689020035444,,-0.5460983227057609,MERF,D10,
interaction_surface,1.8171922010432033,0.7867810578170675,1.0162111275044305,,-0.5460983227057609,MERF,D10,
interaction_surface,-1.5701782239715651,-0.6795692203619351,-1.0162111275044305,,-0.4768034776721346,MERF,D10,
interaction_surface,-1.2314411814700883,-0.64655321957513,-0.8129689020035444,,-0.4768034776721346,MERF,D10,
interaction_surface,-0.8927041389686114,-0.6070376127827672,-0.6097266765026583,,-0.4768034776721346,MERF,D10,
interaction_surface,-0.5539670964671346,-0.49325016926945564,-0.4064844510017722,,-0.4768034776721346,MERF,D10,
interaction_surface,-0.21523005396565775,-0.2577533612357925,-0.20324222550088616,,-0.4768034776721346,MERF,D10,
interaction_surface,0.1235069885358191,-0.08880827423335232,-2.7755575615628914e-17,,-0.4768034776721346,MERF,D10,
interaction_surface,0.46224403103729594,0.19692115367708624,0.2032422255008861,,-0.4768034776721346,MERF,D10,
interaction_surface,0.8009810735387726,0.3928905330053675,0.4064844510017721,,-0.4768034776721346,MERF,D10,
interaction_surface,1.1397181160402496,0.542721647270877,0.6097266765026583,,-0.4768034776721346,MERF,D10,
interaction_surface,1.4784551585417267,0.7152878513756293,0.8129689020035444,,-0.4768034776721346,MERF,D10,
interaction_surface,1.8171922010432033,0.8218120832236593,1.0162111275044305,,-0.4768034776721346,MERF,D10,
interaction_surface,-1.5701782239715651,-0.6901794197914802,-1.0162111275044305,,-0.40750863263850834,MERF,D10,
interaction_surface,-1.2314411814700883,-0.6580969208119123,-0.8129689020035444,,-0.40750863263850834,MERF,D10,
interaction_surface,-0.8927041389686114,-0.615797504165903,-0.6097266765026583,,-0.40750863263850834,MERF,D10,
interaction_surface,-0.5539670964671346,-0.4984923054631979,-0.4064844510017722,,-0.40750863263850834,MERF,D10,
interaction_surface,-0.21523005396565775,-0.2689860080563137,-0.20324222550088616,,-0.40750863263850834,MERF,D10,
interaction_surface,0.1235069885358191,-0.09934975774809772,-2.7755575615628914e-17,,-0.40750863263850834,MERF,D10,
interaction_surface,0.46224403103729594,0.1943132890925667,0.2032422255008861,,-0.40750863263850834,MERF,D10,
interaction_surface,0.8009810735387726,0.39512087131767004,0.4064844510017721,,-0.40750863263850834,MERF,D10,
interaction_surface,1.1397181160402496,0.5588092183315403,0.6097266765026583,,-0.40750863263850834,MERF,D10,
interaction_surface,1.4784551585417267,0.7380231225589016,0.8129689020035444,,-0.40750863263850834,MERF,D10,
interaction_surface,1.8171922010432033,0.8457991816514072,1.0162111275044305,,-0.40750863263850834,MERF,D10,
interaction_surface,-1.5701782239715651,-0.7154875149064126,-1.0162111275044305,,-0.3382137876048821,MERF,D10,
interaction_surface,-1.2314411814700883,-0.6815451692229678,-0.8129689020035444,,-0.3382137876048821,MERF,D10,
interaction_surface,-0.8927041389686114,-0.6345925102260541,-0.6097266765026583,,-0.3382137876048821,MERF,D10,
interaction_surface,-0.5539670964671346,-0.5097248689964773,-0.4064844510017722,,-0.3382137876048821,MERF,D10,
interaction_surface,-0.21523005396565775,-0.2765044136337551,-0.20324222550088616,,-0.3382137876048821,MERF,D10,
interaction_surface,0.1235069885358191,-0.09942989208118065,-2.7755575615628914e-17,,-0.3382137876048821,MERF,D10,
interaction_surface,0.46224403103729594,0.20144885549866756,0.2032422255008861,,-0.3382137876048821,MERF,D10,
interaction_surface,0.8009810735387726,0.41180993037873936,0.4064844510017721,,-0.3382137876048821,MERF,D10,
interaction_surface,1.1397181160402496,0.5761222050727886,0.6097266765026583,,-0.3382137876048821,MERF,D10,
interaction_surface,1.4784551585417267,0.7575741151602486,0.8129689020035444,,-0.3382137876048821,MERF,D10,
interaction_surface,1.8171922010432033,0.8650273808867268,1.0162111275044305,,-0.3382137876048821,MERF,D10,
interaction_surface,-1.5701782239715651,-0.7281069727382163,-1.0162111275044305,,-0.2689189425712559,MERF,D10,
interaction_surface,-1.2314411814700883,-0.6934850321762703,-0.8129689020035444,,-0.2689189425712559,MERF,D10,
interaction_surface,-0.8927041389686114,-0.6444380301571272,-0.6097266765026583,,-0.2689189425712559,MERF,D10,
interaction_surface,-0.5539670964671346,-0.5178580716901491,-0.4064844510017722,,-0.2689189425712559,MERF,D10,
interaction_surface,-0.21523005396565775,-0.28538218734727433,-0.20324222550088616,,-0.2689189425712559,MERF,D10,
interaction_surface,0.1235069885358191,-0.1072922313123165,-2.7755575615628914e-17,,-0.2689189425712559,MERF,D10,
interaction_surface,0.46224403103729594,0.20563439957065183,0.2032422255008861,,-0.2689189425712559,MERF,D10,
interaction_surface,0.8009810735387726,0.4258153535715841,0.4064844510017721,,-0.2689189425712559,MERF,D10,
interaction_surface,1.1397181160402496,0.5888572087804292,0.6097266765026583,,-0.2689189425712559,MERF,D10,
interaction_surface,1.4784551585417267,0.7708967905381041,0.8129689020035444,,-0.2689189425712559,MERF,D10,
interaction_surface,1.8171922010432033,0.8741378763277883,1.0162111275044305,,-0.2689189425712559,MERF,D10,
interaction_surface,-1.5701782239715651,-0.7361481001532248,-1.0162111275044305,,-0.19962409753762966,MERF,D10,
interaction_surface,-1.2314411814700883,-0.7019623746526552,-0.8129689020035444,,-0.19962409753762966,MERF,D10,
interaction_surface,-0.8927041389686114,-0.650647418902652,-0.6097266765026583,,-0.19962409753762966,MERF,D10,
interaction_surface,-0.5539670964671346,-0.5232221768760714,-0.4064844510017722,,-0.19962409753762966,MERF,D10,
interaction_surface,-0.21523005396565775,-0.2872738182345864,-0.20324222550088616,,-0.19962409753762966,MERF,D10,
interaction_surface,0.1235069885358191,-0.10959741296621306,-2.7755575615628914e-17,,-0.19962409753762966,MERF,D10,
interaction_surface,0.46224403103729594,0.2095899775873856,0.2032422255008861,,-0.19962409753762966,MERF,D10,
interaction_surface,0.8009810735387726,0.4329879322970863,0.4064844510017721,,-0.19962409753762966,MERF,D10,
interaction_surface,1.1397181160402496,0.5963521478535567,0.6097266765026583,,-0.19962409753762966,MERF,D10,
interaction_surface,1.4784551585417267,0.7761116650683235,0.8129689020035444,,-0.19962409753762966,MERF,D10,
interaction_surface,1.8171922010432033,0.8781155836617052,1.0162111275044305,,-0.19962409753762966,MERF,D10,
interaction_surface,-1.5701782239715651,-0.7419863174886762,-1.0162111275044305,,-0.1303292525040034,MERF,D10,
interaction_surface,-1.2314411814700883,-0.7081031540203917,-0.8129689020035444,,-0.1303292525040034,MERF,D10,
interaction_surface,-0.8927041389686114,-0.6558437248768825,-0.6097266765026583,,-0.1303292525040034,MERF,D10,
interaction_surface,-0.5539670964671346,-0.5280742803268974,-0.4064844510017722,,-0.1303292525040034,MERF,D10,
interaction_surface,-0.21523005396565775,-0.2868232025416626,-0.20324222550088616,,-0.1303292525040034,MERF,D10,
interaction_surface,0.1235069885358191,-0.1117730359748518,-2.7755575615628914e-17,,-0.1303292525040034,MERF,D10,
interaction_surface,0.46224403103729594,0.21054082227492374,0.2032422255008861,,-0.1303292525040034,MERF,D10,
interaction_surface,0.8009810735387726,0.43661456690395883,0.4064844510017721,,-0.1303292525040034,MERF,D10,
interaction_surface,1.1397181160402496,0.601487586380918,0.6097266765026583,,-0.1303292525040034,MERF,D10,
interaction_surface,1.4784551585417267,0.7813702464661966,0.8129689020035444,,-0.1303292525040034,MERF,D10,
interaction_surface,1.8171922010432033,0.8839381806744794,1.0162111275044305,,-0.1303292525040034,MERF,D10,
interaction_surface,-1.5701782239715651,-0.7521208455497461,-1.0162111275044305,,-0.06103440747037725,MERF,D10,
interaction_surface,-1.2314411814700883,-0.7173258643905355,-0.8129689020035444,,-0.06103440747037725,MERF,D10,
interaction_surface,-0.8927041389686114,-0.6642402596442425,-0.6097266765026583,,-0.06103440747037725,MERF,D10,
interaction_surface,-0.5539670964671346,-0.5337796719633183,-0.4064844510017722,,-0.06103440747037725,MERF,D10,
interaction_surface,-0.21523005396565775,-0.2876709449238651,-0.20324222550088616,,-0.06103440747037725,MERF,D10,
interaction_surface,0.1235069885358191,-0.1142756314598073,-2.7755575615628914e-17,,-0.06103440747037725,MERF,D10,
interaction_surface,0.46224403103729594,0.21090354207933062,0.2032422255008861,,-0.06103440747037725,MERF,D10,
interaction_surface,0.8009810735387726,0.43977910504411444,0.4064844510017721,,-0.06103440747037725,MERF,D10,
interaction_surface,1.1397181160402496,0.6115059312918167,0.6097266765026583,,-0.06103440747037725,MERF,D10,
interaction_surface,1.4784551585417267,0.7914248809275055,0.8129689020035444,,-0.06103440747037725,MERF,D10,
interaction_surface,1.8171922010432033,0.8930782114360848,1.0162111275044305,,-0.06103440747037725,MERF,D10,
interaction_surface,-1.5701782239715651,-0.7520642316734389,-1.0162111275044305,,0.008260437563249123,MERF,D10,
interaction_surface,-1.2314411814700883,-0.7168253393993905,-0.8129689020035444,,0.008260437563249123,MERF,D10,
interaction_surface,-0.8927041389686114,-0.6637416121056526,-0.6097266765026583,,0.008260437563249123,MERF,D10,
interaction_surface,-0.5539670964671346,-0.5331128506247673,-0.4064844510017722,,0.008260437563249123,MERF,D10,
interaction_surface,-0.21523005396565775,-0.28377226794764165,-0.20324222550088616,,0.008260437563249123,MERF,D10,
interaction_surface,0.1235069885358191,-0.11459941602254778,-2.7755575615628914e-17,,0.008260437563249123,MERF,D10,
interaction_surface,0.46224403103729594,0.20799822591543632,0.2032422255008861,,0.008260437563249123,MERF,D10,
interaction_surface,0.8009810735387726,0.4358517622395646,0.4064844510017721,,0.008260437563249123,MERF,D10,
interaction_surface,1.1397181160402496,0.6105661579808344,0.6097266765026583,,0.008260437563249123,MERF,D10,
interaction_surface,1.4784551585417267,0.792669951029294,0.8129689020035444,,0.008260437563249123,MERF,D10,
interaction_surface,1.8171922010432033,0.8943232815378734,1.0162111275044305,,0.008260437563249123,MERF,D10,
interaction_surface,-1.5701782239715651,-0.7565160254519352,-1.0162111275044305,,0.07755528259687527,MERF,D10,
interaction_surface,-1.2314411814700883,-0.7206110299423758,-0.8129689020035444,,0.07755528259687527,MERF,D10,
interaction_surface,-0.8927041389686114,-0.6679126110633702,-0.6097266765026583,,0.07755528259687527,MERF,D10,
interaction_surface,-0.5539670964671346,-0.5377313351928574,-0.4064844510017722,,0.07755528259687527,MERF,D10,
interaction_surface,-0.21523005396565775,-0.2853709831907792,-0.20324222550088616,,0.07755528259687527,MERF,D10,
interaction_surface,0.1235069885358191,-0.11712776196049679,-2.7755575615628914e-17,,0.07755528259687527,MERF,D10,
interaction_surface,0.46224403103729594,0.20928416203951883,0.2032422255008861,,0.07755528259687527,MERF,D10,
interaction_surface,0.8009810735387726,0.43920715160566415,0.4064844510017721,,0.07755528259687527,MERF,D10,
interaction_surface,1.1397181160402496,0.614146556503702,0.6097266765026583,,0.07755528259687527,MERF,D10,
interaction_surface,1.4784551585417267,0.7984828422447596,0.8129689020035444,,0.07755528259687527,MERF,D10,
interaction_surface,1.8171922010432033,0.9001361727533388,1.0162111275044305,,0.07755528259687527,MERF,D10,
interaction_surface,-1.5701782239715651,-0.7634345063851411,-1.0162111275044305,,0.14685012763050143,MERF,D10,
interaction_surface,-1.2314411814700883,-0.727373651910212,-0.8129689020035444,,0.14685012763050143,MERF,D10,
interaction_surface,-0.8927041389686114,-0.6734499984606455,-0.6097266765026583,,0.14685012763050143,MERF,D10,
interaction_surface,-0.5539670964671346,-0.5434598957959831,-0.4064844510017722,,0.14685012763050143,MERF,D10,
interaction_surface,-0.21523005396565775,-0.29511288238252487,-0.20324222550088616,,0.14685012763050143,MERF,D10,
interaction_surface,0.1235069885358191,-0.12816458424712565,-2.7755575615628914e-17,,0.14685012763050143,MERF,D10,
interaction_surface,0.46224403103729594,0.2047016459643997,0.2032422255008861,,0.14685012763050143,MERF,D10,
interaction_surface,0.8009810735387726,0.44553231315835884,0.4064844510017721,,0.14685012763050143,MERF,D10,
interaction_surface,1.1397181160402496,0.6282439146015354,0.6097266765026583,,0.14685012763050143,MERF,D10,
interaction_surface,1.4784551585417267,0.8157373112612836,0.8129689020035444,,0.14685012763050143,MERF,D10,
interaction_surface,1.8171922010432033,0.9179356018824119,1.0162111275044305,,0.14685012763050143,MERF,D10,
interaction_surface,-1.5701782239715651,-0.7700551730735496,-1.0162111275044305,,0.2161449726641278,MERF,D10,
interaction_surface,-1.2314411814700883,-0.7350163992492704,-0.8129689020035444,,0.2161449726641278,MERF,D10,
interaction_surface,-0.8927041389686114,-0.6818145173615057,-0.6097266765026583,,0.2161449726641278,MERF,D10,
interaction_surface,-0.5539670964671346,-0.553537241931764,-0.4064844510017722,,0.2161449726641278,MERF,D10,
interaction_surface,-0.21523005396565775,-0.3046856821670526,-0.20324222550088616,,0.2161449726641278,MERF,D10,
interaction_surface,0.1235069885358191,-0.13127284939245787,-2.7755575615628914e-17,,0.2161449726641278,MERF,D10,
interaction_surface,0.46224403103729594,0.2078917721526312,0.2032422255008861,,0.2161449726641278,MERF,D10,
interaction_surface,0.8009810735387726,0.4536967250177737,0.4064844510017721,,0.2161449726641278,MERF,D10,
interaction_surface,1.1397181160402496,0.6379374110884366,0.6097266765026583,,0.2161449726641278,MERF,D10,
interaction_surface,1.4784551585417267,0.8268856771878652,0.8129689020035444,,0.2161449726641278,MERF,D10,
interaction_surface,1.8171922010432033,0.9286561640401014,1.0162111275044305,,0.2161449726641278,MERF,D10,
interaction_surface,-1.5701782239715651,-0.7782936879606562,-1.0450225971853788,,0.28543981769775395,MERF,D10,
interaction_surface,-1.2314411814700883,-0.7431449269457456,-0.8360180777483034,,0.28543981769775395,MERF,D10,
interaction_surface,-0.8927041389686114,-0.6897620065446232,-0.6270135583112275,,0.28543981769775395,MERF,D10,
interaction_surface,-0.5539670964671346,-0.5618088365229084,-0.41800903887415175,,0.28543981769775395,MERF,D10,
interaction_surface,-0.21523005396565775,-0.30447551463672795,-0.20900451943707582,,0.28543981769775395,MERF,D10,
interaction_surface,0.1235069885358191,-0.12994895954583727,0.0,,0.28543981769775395,MERF,D10,
interaction_surface,0.46224403103729594,0.21570034845900637,0.20900451943707588,,0.28543981769775395,MERF,D10,
interaction_surface,0.8009810735387726,0.462231998539322,0.41800903887415164,,0.28543981769775395,MERF,D10,
interaction_surface,1.1397181160402496,0.642713080567881,0.6270135583112275,,0.28543981769775395,MERF,D10,
interaction_surface,1.4784551585417267,0.830501728904489,0.8360180777483034,,0.28543981769775395,MERF,D10,
interaction_surface,1.8171922010432033,0.930769530405566,1.0450225971853793,,0.28543981769775395,MERF,D10,
interaction_surface,-1.5701782239715651,-0.7829102545909193,-1.1013571512668723,,0.3547346627313803,MERF,D10,
interaction_surface,-1.2314411814700883,-0.7478056933349816,-0.8810857210134978,,0.3547346627313803,MERF,D10,
interaction_surface,-0.8927041389686114,-0.6932501484429933,-0.6608142907601232,,0.3547346627313803,MERF,D10,
interaction_surface,-0.5539670964671346,-0.5647121198077496,-0.4405428605067489,,0.3547346627313803,MERF,D10,
interaction_surface,-0.21523005396565775,-0.3035788455097386,-0.22027143025337448,,0.3547346627313803,MERF,D10,
interaction_surface,0.1235069885358191,-0.12781909941787828,-1.3877787807814457e-17,,0.3547346627313803,MERF,D10,
interaction_surface,0.46224403103729594,0.21766257044466075,0.22027143025337442,,0.3547346627313803,MERF,D10,
interaction_surface,0.8009810735387726,0.4641598130856782,0.44054286050674885,,0.3547346627313803,MERF,D10,
interaction_surface,1.1397181160402496,0.6466661561792467,0.6608142907601234,,0.3547346627313803,MERF,D10,
interaction_surface,1.4784551585417267,0.8333955754254035,0.881085721013498,,0.3547346627313803,MERF,D10,
interaction_surface,1.8171922010432033,0.9336766538325384,1.1013571512668725,,0.3547346627313803,MERF,D10,
interaction_surface,-1.5701782239715651,-0.7860988416268343,-1.157691705348365,,0.4240295077650065,MERF,D10,
interaction_surface,-1.2314411814700883,-0.7510387315949013,-0.9261533642786922,,0.4240295077650065,MERF,D10,
interaction_surface,-0.8927041389686114,-0.6960042907723937,-0.6946150232090191,,0.4240295077650065,MERF,D10,
interaction_surface,-0.5539670964671346,-0.565991962174664,-0.463076682139346,,0.4240295077650065,MERF,D10,
interaction_surface,-0.21523005396565775,-0.2980089581857145,-0.23153834106967303,,0.4240295077650065,MERF,D10,
interaction_surface,0.1235069885358191,-0.12197800081845867,2.7755575615628914e-17,,0.4240295077650065,MERF,D10,
interaction_surface,0.46224403103729594,0.21796055885927323,0.23153834106967308,,0.4240295077650065,MERF,D10,
interaction_surface,0.8009810735387726,0.4639100655358952,0.4630766821393459,,0.4240295077650065,MERF,D10,
interaction_surface,1.1397181160402496,0.6475047506216208,0.694615023209019,,0.4240295077650065,MERF,D10,
interaction_surface,1.4784551585417267,0.8328068405804351,0.9261533642786922,,0.4240295077650065,MERF,D10,
interaction_surface,1.8171922010432033,0.9339934554122341,1.157691705348365,,0.4240295077650065,MERF,D10,
interaction_surface,-1.5701782239715651,-0.7896101373102633,-1.2140262594298579,,0.4933243527986326,MERF,D10,
interaction_surface,-1.2314411814700883,-0.7548410013295827,-0.9712210075438863,,0.4933243527986326,MERF,D10,
interaction_surface,-0.8927041389686114,-0.7009787664007828,-0.7284157556579148,,0.4933243527986326,MERF,D10,
interaction_surface,-0.5539670964671346,-0.5702403088362282,-0.48561050377194315,,0.4933243527986326,MERF,D10,
interaction_surface,-0.21523005396565775,-0.2960961276372549,-0.24280525188597157,,0.4933243527986326,MERF,D10,
interaction_surface,0.1235069885358191,-0.12074734807736906,1.3877787807814457e-17,,0.4933243527986326,MERF,D10,
interaction_surface,0.46224403103729594,0.223288603234921,0.24280525188597155,,0.4933243527986326,MERF,D10,
interaction_surface,0.8009810735387726,0.467352049707437,0.4856105037719428,,0.4933243527986326,MERF,D10,
interaction_surface,1.1397181160402496,0.6493109485061382,0.7284157556579148,,0.4933243527986326,MERF,D10,
interaction_surface,1.4784551585417267,0.8318902127707117,0.9712210075438865,,0.4933243527986326,MERF,D10,
interaction_surface,1.8171922010432033,0.9333846982258024,1.2140262594298579,,0.4933243527986326,MERF,D10,
interaction_surface,-1.5701782239715651,-0.789350812160491,-1.270360813511351,,0.562619197832259,MERF,D10,
interaction_surface,-1.2314411814700883,-0.7545580616665424,-1.016288650809081,,0.562619197832259,MERF,D10,
interaction_surface,-0.8927041389686114,-0.7012333931372601,-0.7622164881068106,,0.562619197832259,MERF,D10,
interaction_surface,-0.5539670964671346,-0.5675128114906156,-0.5081443254045404,,0.562619197832259,MERF,D10,
interaction_surface,-0.21523005396565775,-0.2918592732293511,-0.25407216270227023,,0.562619197832259,MERF,D10,
interaction_surface,0.1235069885358191,-0.11718466435451172,-1.3877787807814457e-17,,0.562619197832259,MERF,D10,
interaction_surface,0.46224403103729594,0.22350869243799767,0.25407216270227023,,0.562619197832259,MERF,D10,
interaction_surface,0.8009810735387726,0.4669681899178292,0.5081443254045401,,0.562619197832259,MERF,D10,
interaction_surface,1.1397181160402496,0.6468362880724805,0.7622164881068104,,0.562619197832259,MERF,D10,
interaction_surface,1.4784551585417267,0.8270123013888269,1.016288650809081,,0.562619197832259,MERF,D10,
interaction_surface,1.8171922010432033,0.928767667562671,1.2703608135113507,,0.562619197832259,MERF,D10,
interaction_surface,-1.5701782239715651,-0.7950380001424244,-1.326695367592844,,0.6319140428658852,MERF,D10,
interaction_surface,-1.2314411814700883,-0.7612775602121881,-1.061356294074275,,0.6319140428658852,MERF,D10,
interaction_surface,-0.8927041389686114,-0.7085198815136987,-0.7960172205557063,,0.6319140428658852,MERF,D10,
interaction_surface,-0.5539670964671346,-0.5741083313747025,-0.5306781470371374,,0.6319140428658852,MERF,D10,
interaction_surface,-0.21523005396565775,-0.28419772507880964,-0.2653390735185688,,0.6319140428658852,MERF,D10,
interaction_surface,0.1235069885358191,-0.11084492919760257,0.0,,0.6319140428658852,MERF,D10,
interaction_surface,0.46224403103729594,0.23008416163026618,0.2653390735185688,,0.6319140428658852,MERF,D10,
interaction_surface,0.8009810735387726,0.4696974840906867,0.5306781470371372,,0.6319140428658852,MERF,D10,
interaction_surface,1.1397181160402496,0.6452667513284475,0.7960172205557063,,0.6319140428658852,MERF,D10,
interaction_surface,1.4784551585417267,0.8252172923801601,1.0613562940742751,,0.6319140428658852,MERF,D10,
interaction_surface,1.8171922010432033,0.926845480563338,1.3266953675928441,,0.6319140428658852,MERF,D10,
interaction_surface,-1.5701782239715651,-0.8083783717272488,-1.3830299216743365,,0.7012088878995113,MERF,D10,
interaction_surface,-1.2314411814700883,-0.7770527525019015,-1.106423937339469,,0.7012088878995113,MERF,D10,
interaction_surface,-0.8927041389686114,-0.7231111658700045,-0.8298179530046019,,0.7012088878995113,MERF,D10,
interaction_surface,-0.5539670964671346,-0.5851192404919037,-0.5532119686697348,,0.7012088878995113,MERF,D10,
interaction_surface,-0.21523005396565775,-0.26615725902651544,-0.27660598433486727,,0.7012088878995113,MERF,D10,
interaction_surface,0.1235069885358191,-0.09010747643058739,0.0,,0.7012088878995113,MERF,D10,
interaction_surface,0.46224403103729594,0.24928901110392834,0.27660598433486727,,0.7012088878995113,MERF,D10,
interaction_surface,0.8009810735387726,0.4773630680544142,0.5532119686697345,,0.7012088878995113,MERF,D10,
interaction_surface,1.1397181160402496,0.6475706402777971,0.8298179530046018,,0.7012088878995113,MERF,D10,
interaction_surface,1.4784551585417267,0.8195962192513847,1.1064239373394695,,0.7012088878995113,MERF,D10,
interaction_surface,1.8171922010432033,0.9172678045048611,1.3830299216743365,,0.7012088878995113,MERF,D10,
interaction_surface,-1.5701782239715651,-0.8263234115778196,-1.4393644757558295,,0.7705037329331377,MERF,D10,
interaction_surface,-1.2314411814700883,-0.7947716064371011,-1.1514915806046637,,0.7705037329331377,MERF,D10,
interaction_surface,-0.8927041389686114,-0.7393683266301875,-0.8636186854534978,,0.7705037329331377,MERF,D10,
interaction_surface,-0.5539670964671346,-0.5916696794254293,-0.5757457903023319,,0.7705037329331377,MERF,D10,
interaction_surface,-0.21523005396565775,-0.2415605740139204,-0.287872895151166,,0.7705037329331377,MERF,D10,
interaction_surface,0.1235069885358191,-0.059099094502636534,-1.3877787807814457e-17,,0.7705037329331377,MERF,D10,
interaction_surface,0.46224403103729594,0.2688901472322095,0.2878728951511659,,0.7705037329331377,MERF,D10,
interaction_surface,0.8009810735387726,0.47760157874291365,0.5757457903023319,,0.7705037329331377,MERF,D10,
interaction_surface,1.1397181160402496,0.6435100502339745,0.8636186854534977,,0.7705037329331377,MERF,D10,
interaction_surface,1.4784551585417267,0.8100432950215982,1.1514915806046642,,0.7705037329331377,MERF,D10,
interaction_surface,1.8171922010432033,0.9023794782018976,1.43936447575583,,0.7705037329331377,MERF,D10,
interaction_surface,-1.5701782239715651,-0.8340369580520526,-1.495699029837322,,0.8397985779667638,MERF,D10,
interaction_surface,-1.2314411814700883,-0.8023104691215431,-1.196559223869858,,0.8397985779667638,MERF,D10,
interaction_surface,-0.8927041389686114,-0.7487184059778599,-0.8974194179023935,,0.8397985779667638,MERF,D10,
interaction_surface,-0.5539670964671346,-0.5946550539179718,-0.598279611934929,,0.8397985779667638,MERF,D10,
interaction_surface,-0.21523005396565775,-0.23946487454742427,-0.2991398059674645,,0.8397985779667638,MERF,D10,
interaction_surface,0.1235069885358191,-0.05208134479493806,1.3877787807814457e-17,,0.8397985779667638,MERF,D10,
interaction_surface,0.46224403103729594,0.2753889003745045,0.2991398059674646,,0.8397985779667638,MERF,D10,
interaction_surface,0.8009810735387726,0.4806264033009737,0.5982796119349288,,0.8397985779667638,MERF,D10,
interaction_surface,1.1397181160402496,0.6453012409930228,0.8974194179023932,,0.8397985779667638,MERF,D10,
interaction_surface,1.4784551585417267,0.8103326349024403,1.1965592238698584,,0.8397985779667638,MERF,D10,
interaction_surface,1.8171922010432033,0.9025580388934712,1.4956990298373225,,0.8397985779667638,MERF,D10,
interaction_surface,-1.5701782239715651,-0.8220193905878765,-1.552033583918815,,0.90909342300039,MERF,D10,
interaction_surface,-1.2314411814700883,-0.7913263538290247,-1.241626867135052,,0.90909342300039,MERF,D10,
interaction_surface,-0.8927041389686114,-0.7429244969911917,-0.9312201503512894,,0.90909342300039,MERF,D10,
interaction_surface,-0.5539670964671346,-0.5949456456074602,-0.620813433567526,,0.90909342300039,MERF,D10,
interaction_surface,-0.21523005396565775,-0.24124712958498673,-0.31040671678376297,,0.90909342300039,MERF,D10,
interaction_surface,0.1235069885358191,-0.05305020976679842,1.3877787807814457e-17,,0.90909342300039,MERF,D10,
interaction_surface,0.46224403103729594,0.2800605015902606,0.31040671678376314,,0.90909342300039,MERF,D10,
interaction_surface,0.8009810735387726,0.4799918134978806,0.6208134335675258,,0.90909342300039,MERF,D10,
interaction_surface,1.1397181160402496,0.6418536632102974,0.9312201503512891,,0.90909342300039,MERF,D10,
interaction_surface,1.4784551585417267,0.8022032981622751,1.2416268671350525,,0.90909342300039,MERF,D10,
interaction_surface,1.8171922010432033,0.8908864612802943,1.5520335839188155,,0.90909342300039,MERF,D10,
interaction_surface,-1.5701782239715651,-0.8136537430498312,-1.6083681380003083,,0.9783882680340164,MERF,D10,
interaction_surface,-1.2314411814700883,-0.7835058581184016,-1.2866945104002467,,0.9783882680340164,MERF,D10,
interaction_surface,-0.8927041389686114,-0.7397669042452019,-0.9650208828001848,,0.9783882680340164,MERF,D10,
interaction_surface,-0.5539670964671346,-0.59754450686255,-0.6433472552001233,,0.9783882680340164,MERF,D10,
interaction_surface,-0.21523005396565775,-0.24746187567230882,-0.3216736276000617,,0.9783882680340164,MERF,D10,
interaction_surface,0.1235069885358191,-0.04596926001445795,-1.3877787807814457e-17,,0.9783882680340164,MERF,D10,
interaction_surface,0.46224403103729594,0.2895043969494406,0.3216736276000617,,0.9783882680340164,MERF,D10,
interaction_surface,0.8009810735387726,0.48209257888588625,0.6433472552001231,,0.9783882680340164,MERF,D10,
interaction_surface,1.1397181160402496,0.6362700603039215,0.965020882800185,,0.9783882680340164,MERF,D10,
interaction_surface,1.4784551585417267,0.7928610683760753,1.2866945104002467,,0.9783882680340164,MERF,D10,
interaction_surface,1.8171922010432033,0.8775576618685901,1.608368138000308,,0.9783882680340164,MERF,D10,
interaction_surface,-1.5701782239715651,-0.8147529097064243,-1.6647026920818013,,1.0476831130676427,MERF,D10,
interaction_surface,-1.2314411814700883,-0.784691912423741,-1.3317621536654407,,1.0476831130676427,MERF,D10,
interaction_surface,-0.8927041389686114,-0.7411030854357472,-0.9988216152490806,,1.0476831130676427,MERF,D10,
interaction_surface,-0.5539670964671346,-0.6004359744751012,-0.6658810768327204,,1.0476831130676427,MERF,D10,
interaction_surface,-0.21523005396565775,-0.25124986612447886,-0.33294053841636023,,1.0476831130676427,MERF,D10,
interaction_surface,0.1235069885358191,-0.04847456592432703,-1.3877787807814457e-17,,1.0476831130676427,MERF,D10,
interaction_surface,0.46224403103729594,0.2913651798797963,0.3329405384163602,,1.0476831130676427,MERF,D10,
interaction_surface,0.8009810735387726,0.4852610441132608,0.6658810768327202,,1.0476831130676427,MERF,D10,
interaction_surface,1.1397181160402496,0.6387267950490092,0.9988216152490805,,1.0476831130676427,MERF,D10,
interaction_surface,1.4784551585417267,0.7961932352307841,1.331762153665441,,1.0476831130676427,MERF,D10,
interaction_surface,1.8171922010432033,0.8800284729344132,1.6647026920818013,,1.0476831130676427,MERF,D10,
interaction_surface,-1.5701782239715651,-0.815852395529113,-1.7210372461632941,,1.1169779581012687,MERF,D10,
interaction_surface,-1.2314411814700883,-0.7857913982464295,-1.3768297969306353,,1.1169779581012687,MERF,D10,
interaction_surface,-0.8927041389686114,-0.7416544951662046,-1.0326223476979763,,1.1169779581012687,MERF,D10,
interaction_surface,-0.5539670964671346,-0.6026420747536505,-0.6884148984653176,,1.1169779581012687,MERF,D10,
interaction_surface,-0.21523005396565775,-0.2543593131812428,-0.3442074492326588,,1.1169779581012687,MERF,D10,
interaction_surface,0.1235069885358191,-0.05097775599666521,0.0,,1.1169779581012687,MERF,D10,
interaction_surface,0.46224403103729594,0.29407952365677753,0.3442074492326588,,1.1169779581012687,MERF,D10,
interaction_surface,0.8009810735387726,0.48760183694617815,0.6884148984653174,,1.1169779581012687,MERF,D10,
interaction_surface,1.1397181160402496,0.6410675878819265,1.0326223476979763,,1.1169779581012687,MERF,D10,
interaction_surface,1.4784551585417267,0.7985340280637017,1.376829796930635,,1.1169779581012687,MERF,D10,
interaction_surface,1.8171922010432033,0.8823692657673305,1.7210372461632937,,1.1169779581012687,MERF,D10,
interaction_surface,-1.5701782239715651,-0.8165694278450174,-1.777371800244787,,1.186272803134895,MERF,D10,
interaction_surface,-1.2314411814700883,-0.7876241037112368,-1.4218974401958293,,1.186272803134895,MERF,D10,
interaction_surface,-0.8927041389686114,-0.7434180405377795,-1.0664230801468717,,1.186272803134895,MERF,D10,
interaction_surface,-0.5539670964671346,-0.6053604264066377,-0.7109487200979147,,1.186272803134895,MERF,D10,
interaction_surface,-0.21523005396565775,-0.257790169807795,-0.3554743600489573,,1.186272803134895,MERF,D10,
interaction_surface,0.1235069885358191,-0.054475475415495356,5.551115123125783e-17,,1.186272803134895,MERF,D10,
interaction_surface,0.46224403103729594,0.29640020457968536,0.35547436004895727,,1.186272803134895,MERF,D10,
interaction_surface,0.8009810735387726,0.49015455239522226,0.7109487200979143,,1.186272803134895,MERF,D10,
interaction_surface,1.1397181160402496,0.6439216153674627,1.0664230801468721,,1.186272803134895,MERF,D10,
interaction_surface,1.4784551585417267,0.8013880555492379,1.4218974401958293,,1.186272803134895,MERF,D10,
interaction_surface,1.8171922010432033,0.885223293252867,1.7773718002447862,,1.186272803134895,MERF,D10,
interaction_surface,-1.5701782239715651,-0.8129326369558796,-1.83370635432628,,1.2555676481685214,MERF,D10,
interaction_surface,-1.2314411814700883,-0.7839873128220991,-1.466965083461024,,1.2555676481685214,MERF,D10,
interaction_surface,-0.8927041389686114,-0.7397812496486418,-1.1002238125957682,,1.2555676481685214,MERF,D10,
interaction_surface,-0.5539670964671346,-0.6034213910050111,-0.733482541730512,,1.2555676481685214,MERF,D10,
interaction_surface,-0.21523005396565775,-0.25803260811583456,-0.36674127086525593,,1.2555676481685214,MERF,D10,
interaction_surface,0.1235069885358191,-0.05216434587593677,5.551115123125783e-17,,1.2555676481685214,MERF,D10,
interaction_surface,0.46224403103729594,0.2957719638058137,0.3667412708652561,,1.2555676481685214,MERF,D10,
interaction_surface,0.8009810735387726,0.48756710356775035,0.7334825417305116,,1.2555676481685214,MERF,D10,
interaction_surface,1.1397181160402496,0.6404013252802135,1.100223812595768,,1.2555676481685214,MERF,D10,
interaction_surface,1.4784551585417267,0.7975365303624965,1.4669650834610244,,1.2555676481685214,MERF,D10,
interaction_surface,1.8171922010432033,0.8813717680661256,1.8337063543262797,,1.2555676481685214,MERF,D10,
interaction_surface,-1.5701782239715651,-0.8139974901550555,-1.8900409084077723,,1.3248624932021473,MERF,D10,
interaction_surface,-1.2314411814700883,-0.785052166021275,-1.5120327267262177,,1.3248624932021473,MERF,D10,
interaction_surface,-0.8927041389686114,-0.7408461028478177,-1.1340245450446633,,1.3248624932021473,MERF,D10,
interaction_surface,-0.5539670964671346,-0.6044862442041871,-0.7560163633631088,,1.3248624932021473,MERF,D10,
interaction_surface,-0.21523005396565775,-0.26152073308752827,-0.3780081816815544,,1.3248624932021473,MERF,D10,
interaction_surface,0.1235069885358191,-0.051604335452926836,2.7755575615628914e-17,,1.3248624932021473,MERF,D10,
interaction_surface,0.46224403103729594,0.29725350994641025,0.3780081816815545,,1.3248624932021473,MERF,D10,
interaction_surface,0.8009810735387726,0.48902855676545315,0.7560163633631087,,1.3248624932021473,MERF,D10,
interaction_surface,1.1397181160402496,0.6418473451412778,1.1340245450446635,,1.3248624932021473,MERF,D10,
interaction_surface,1.4784551585417267,0.7996603885019127,1.5120327267262184,,1.3248624932021473,MERF,D10,
interaction_surface,1.8171922010432033,0.8834956262055416,1.890040908407773,,1.3248624932021473,MERF,D10,
interaction_surface,-1.5701782239715651,-0.8070901665093108,-1.9463754624892655,,1.3941573382357737,MERF,D10,
interaction_surface,-1.2314411814700883,-0.7785017187891832,-1.5571003699914125,,1.3941573382357737,MERF,D10,
interaction_surface,-0.8927041389686114,-0.7342956556157259,-1.1678252774935594,,1.3941573382357737,MERF,D10,
interaction_surface,-0.5539670964671346,-0.5992325054071161,-0.7785501849957062,,1.3941573382357737,MERF,D10,
interaction_surface,-0.21523005396565775,-0.26253850303366,-0.3892750924978531,,1.3941573382357737,MERF,D10,
interaction_surface,0.1235069885358191,-0.055271015420750025,2.7755575615628914e-17,,1.3941573382357737,MERF,D10,
interaction_surface,0.46224403103729594,0.2935692292998975,0.38927509249785314,,1.3941573382357737,MERF,D10,
interaction_surface,0.8009810735387726,0.4858361543057962,0.7785501849957059,,1.3941573382357737,MERF,D10,
interaction_surface,1.1397181160402496,0.6392236940945716,1.1678252774935591,,1.3941573382357737,MERF,D10,
interaction_surface,1.4784551585417267,0.7961736879311362,1.5571003699914128,,1.3941573382357737,MERF,D10,
interaction_surface,1.8171922010432033,0.8800089256347651,1.9463754624892657,,1.3941573382357737,MERF,D10,
interaction_surface,-1.5701782239715651,-0.8064640414335356,-2.002710016570758,,1.4634521832694,MERF,D10,
interaction_surface,-1.2314411814700883,-0.7778755937134081,-1.6021680132566065,,1.4634521832694,MERF,D10,
interaction_surface,-0.8927041389686114,-0.7336695305399508,-1.201626009942455,,1.4634521832694,MERF,D10,
interaction_surface,-0.5539670964671346,-0.5985912195582861,-0.8010840066283035,,1.4634521832694,MERF,D10,
interaction_surface,-0.21523005396565775,-0.262398758638228,-0.4005420033141517,,1.4634521832694,MERF,D10,
interaction_surface,0.1235069885358191,-0.05568917630631623,-5.551115123125783e-17,,1.4634521832694,MERF,D10,
interaction_surface,0.46224403103729594,0.29342386371184354,0.4005420033141516,,1.4634521832694,MERF,D10,
interaction_surface,0.8009810735387726,0.4857155933282657,0.8010840066283031,,1.4634521832694,MERF,D10,
interaction_surface,1.1397181160402496,0.6387941368228702,1.201626009942455,,1.4634521832694,MERF,D10,
interaction_surface,1.4784551585417267,0.7957441306594348,1.6021680132566072,,1.4634521832694,MERF,D10,
interaction_surface,1.8171922010432033,0.8795793683630637,2.0027100165707576,,1.4634521832694,MERF,D10,
interaction_surface,-1.5701782239715651,-0.8047676170512088,-2.059044570652251,,1.532747028303026,MERF,D10,
interaction_surface,-1.2314411814700883,-0.7761791693310811,-1.647235656521801,,1.532747028303026,MERF,D10,
interaction_surface,-0.8927041389686114,-0.7322419680836791,-1.2354267423913505,,1.532747028303026,MERF,D10,
interaction_surface,-0.5539670964671346,-0.5971636571020145,-0.8236178282609006,,1.532747028303026,MERF,D10,
interaction_surface,-0.21523005396565775,-0.26097119618195647,-0.4118089141304503,,1.532747028303026,MERF,D10,
interaction_surface,0.1235069885358191,-0.05590344400552194,0.0,,1.532747028303026,MERF,D10,
interaction_surface,0.46224403103729594,0.2932095960126378,0.4118089141304503,,1.532747028303026,MERF,D10,
interaction_surface,0.8009810735387726,0.4845773927721336,0.8236178282609004,,1.532747028303026,MERF,D10,
interaction_surface,1.1397181160402496,0.6369353969847302,1.2354267423913508,,1.532747028303026,MERF,D10,
interaction_surface,1.4784551585417267,0.7938853908212948,1.6472356565218012,,1.532747028303026,MERF,D10,
interaction_surface,1.8171922010432033,0.8777206285249237,2.0590445706522513,,1.532747028303026,MERF,D10,
interaction_surface,-1.5701782239715651,-0.8040297603773094,-2.1153791247337437,,1.6020418733366524,MERF,D10,
interaction_surface,-1.2314411814700883,-0.7754413126571817,-1.6923032997869951,,1.6020418733366524,MERF,D10,
interaction_surface,-0.8927041389686114,-0.7315041114097798,-1.2692274748402463,,1.6020418733366524,MERF,D10,
interaction_surface,-0.5539670964671346,-0.5963288597035252,-0.8461516498934976,,1.6020418733366524,MERF,D10,
interaction_surface,-0.21523005396565775,-0.26097367656952586,-0.4230758249467488,,1.6020418733366524,MERF,D10,
interaction_surface,0.1235069885358191,-0.056561788584533756,-2.7755575615628914e-17,,1.6020418733366524,MERF,D10,
interaction_surface,0.46224403103729594,0.2925428731761842,0.42307582494674884,,1.6020418733366524,MERF,D10,
interaction_surface,0.8009810735387726,0.484162891734633,0.8461516498934973,,1.6020418733366524,MERF,D10,
interaction_surface,1.1397181160402496,0.6365208959472297,1.2692274748402466,,1.6020418733366524,MERF,D10,
interaction_surface,1.4784551585417267,0.7934708897837941,1.6923032997869953,,1.6020418733366524,MERF,D10,
interaction_surface,1.8171922010432033,0.8773061274874232,2.1153791247337446,,1.6020418733366524,MERF,D10,
interaction_surface,-1.5701782239715651,-0.8039247712811866,-2.1717136788152365,,1.6713367183702788,MERF,D10,
interaction_surface,-1.2314411814700883,-0.7753363235610589,-1.7373709430521898,,1.6713367183702788,MERF,D10,
interaction_surface,-0.8927041389686114,-0.7313991223136569,-1.3030282072891421,,1.6713367183702788,MERF,D10,
interaction_surface,-0.5539670964671346,-0.5962238706074026,-0.8686854715260948,,1.6713367183702788,MERF,D10,
interaction_surface,-0.21523005396565775,-0.26156141694442,-0.4343427357630474,,1.6713367183702788,MERF,D10,
interaction_surface,0.1235069885358191,-0.056710626289483035,0.0,,1.6713367183702788,MERF,D10,
interaction_surface,0.46224403103729594,0.2932228078411218,0.43434273576304727,,1.6713367183702788,MERF,D10,
interaction_surface,0.8009810735387726,0.4856877392710069,0.8686854715260943,,1.6713367183702788,MERF,D10,
interaction_surface,1.1397181160402496,0.6359389151357959,1.3030282072891421,,1.6713367183702788,MERF,D10,
interaction_surface,1.4784551585417267,0.7924155016382479,1.7373709430521895,,1.6713367183702788,MERF,D10,
interaction_surface,1.8171922010432033,0.876250739341877,2.171713678815237,,1.6713367183702788,MERF,D10,
interaction_surface,-1.5701782239715651,-0.8036361765416928,-2.2280482328967293,,1.7406315634039047,MERF,D10,
interaction_surface,-1.2314411814700883,-0.7750477288215651,-1.7824385863173833,,1.7406315634039047,MERF,D10,
interaction_surface,-0.8927041389686114,-0.7311105275741632,-1.3368289397380377,,1.7406315634039047,MERF,D10,
interaction_surface,-0.5539670964671346,-0.5959352758679086,-0.891219293158692,,1.7406315634039047,MERF,D10,
interaction_surface,-0.21523005396565775,-0.26240104563250705,-0.445609646579346,,1.7406315634039047,MERF,D10,
interaction_surface,0.1235069885358191,-0.05755025497757016,-2.7755575615628914e-17,,1.7406315634039047,MERF,D10,
interaction_surface,0.46224403103729594,0.2923831791530347,0.44560964657934604,,1.7406315634039047,MERF,D10,
interaction_surface,0.8009810735387726,0.4858362494115709,0.8912192931586915,,1.7406315634039047,MERF,D10,
interaction_surface,1.1397181160402496,0.636604433380507,1.3368289397380377,,1.7406315634039047,MERF,D10,
interaction_surface,1.4784551585417267,0.793081019882959,1.7824385863173837,,1.7406315634039047,MERF,D10,
interaction_surface,1.8171922010432033,0.8769162575865883,2.2280482328967293,,1.7406315634039047,MERF,D10,
modifier_effect_by_z,-1.0311622379411445,0.7961693204682636,0.8194256736297397,,-1.0311622379411445,MERF,D10,
modifier_effect_by_z,-0.9618673929075182,0.803471663331625,0.8194256736297397,,-0.9618673929075182,MERF,D10,
modifier_effect_by_z,-0.892572547873892,0.8063425027440682,0.8194256736297397,,-0.892572547873892,MERF,D10,
modifier_effect_by_z,-0.8232777028402658,0.8122602085919024,0.8194256736297397,,-0.8232777028402658,MERF,D10,
modifier_effect_by_z,-0.7539828578066395,0.8154340371461153,0.8194256736297397,,-0.7539828578066395,MERF,D10,
modifier_effect_by_z,-0.6846880127730133,0.818899642488464,0.8194256736297397,,-0.6846880127730133,MERF,D10,
modifier_effect_by_z,-0.6153931677393871,0.8372926909438076,0.8194256736297397,,-0.6153931677393871,MERF,D10,
modifier_effect_by_z,-0.5460983227057609,0.8790596851981838,0.8194256736297397,,-0.5460983227057609,MERF,D10,
modifier_effect_by_z,-0.4768034776721346,0.9060517277850898,0.8194256736297397,,-0.4768034776721346,MERF,D10,
modifier_effect_by_z,-0.40750863263850834,0.9134889917949967,0.8194256736297397,,-0.40750863263850834,MERF,D10,
modifier_effect_by_z,-0.3382137876048821,0.9438655419325769,0.8194256736297397,,-0.3382137876048821,MERF,D10,
modifier_effect_by_z,-0.2689189425712559,0.966491681953509,0.8194256736297397,,-0.2689189425712559,MERF,D10,
modifier_effect_by_z,-0.19962409753762966,0.979677470967707,0.8194256736297397,,-0.19962409753762966,MERF,D10,
modifier_effect_by_z,-0.1303292525040034,0.9883255834313366,0.8194256736297397,,-0.1303292525040034,MERF,D10,
modifier_effect_by_z,-0.06103440747037725,0.9973667914149731,0.8194256736297397,,-0.06103440747037725,MERF,D10,
modifier_effect_by_z,0.008260437563249123,0.9937447748380013,0.8194256736297397,,0.008260437563249123,MERF,D10,
modifier_effect_by_z,0.07755528259687527,1.0017858725276638,0.8194256736297397,,0.07755528259687527,MERF,D10,
modifier_effect_by_z,0.14685012763050143,1.0126886853865913,0.8194256736297397,,0.14685012763050143,MERF,D10,
modifier_effect_by_z,0.2161449726641278,1.0305771820418728,0.8194256736297397,,0.2161449726641278,MERF,D10,
modifier_effect_by_z,0.28543981769775395,1.049285435587388,0.8426579108219774,,0.28543981769775395,MERF,D10,
modifier_effect_by_z,0.3547346627313803,1.0544792724328702,0.8880834908785755,,0.3547346627313803,MERF,D10,
modifier_effect_by_z,0.4240295077650065,1.0563381865672903,0.9335090709351737,,0.4240295077650065,MERF,D10,
modifier_effect_by_z,0.4933243527986326,1.064934764929124,0.9789346509917715,,0.4933243527986326,MERF,D10,
modifier_effect_by_z,0.562619197832259,1.0639012490058353,1.0243602310483697,,0.562619197832259,MERF,D10,
modifier_effect_by_z,0.6319140428658852,1.0743325041818899,1.0697858111049676,,0.6319140428658852,MERF,D10,
modifier_effect_by_z,0.7012088878995113,1.0965004790035375,1.1152113911615658,,0.7012088878995113,MERF,D10,
modifier_effect_by_z,0.7705037329331377,1.109952428807841,1.1606369712181643,,0.7705037329331377,MERF,D10,
modifier_effect_by_z,0.8397985779667638,1.1192618903702751,1.206062551274762,,0.8397985779667638,MERF,D10,
modifier_effect_by_z,0.90909342300039,1.1185034112890073,1.25148813133136,,0.90909342300039,MERF,D10,
modifier_effect_by_z,0.9783882680340164,1.123562712675712,1.2969137113879583,,0.9783882680340164,MERF,D10,
modifier_effect_by_z,1.0476831130676427,1.128749214023812,1.3423392914445564,,1.0476831130676427,MERF,D10,
modifier_effect_by_z,1.1169779581012687,1.1331823629734097,1.3877648715011546,,1.1169779581012687,MERF,D10,
modifier_effect_by_z,1.186272803134895,1.1386115685596179,1.4331904515577525,,1.186272803134895,MERF,D10,
modifier_effect_by_z,1.2555676481685214,1.1340743759980365,1.4786160316143508,,1.2555676481685214,MERF,D10,
modifier_effect_by_z,1.3248624932021473,1.1369853919604018,1.5240416116709483,,1.3248624932021473,MERF,D10,
modifier_effect_by_z,1.3941573382357737,1.1279207494077543,1.5694671917275467,,1.3941573382357737,MERF,D10,
modifier_effect_by_z,1.4634521832694,1.1271844026362674,1.614892771784145,,1.4634521832694,MERF,D10,
modifier_effect_by_z,1.532747028303026,1.1246186396238638,1.6603183518407432,,1.532747028303026,MERF,D10,
modifier_effect_by_z,1.6020418733366524,1.1234744168258275,1.7057439318973409,,1.6020418733366524,MERF,D10,
modifier_effect_by_z,1.6713367183702788,1.1248942752660787,1.7511695119539388,,1.6713367183702788,MERF,D10,
modifier_effect_by_z,1.7406315634039047,1.1247541906671485,1.796595092010537,,1.7406315634039047,MERF,D10,
PD,-1.4714851175059693,3.469446951953614e-18,-0.9789492957007085,0.0,,Mean,D2,
PD,-1.3899060095309104,3.469446951953614e-18,-0.9300018309156731,6.162975822039155e-33,,Mean,D2,
PD,-1.3083269015558512,3.469446951953614e-18,-0.8810543661306376,-6.162975822039155e-33,,Mean,D2,
PD,-1.2267477935807922,3.469446951953614e-18,-0.8321069013456023,6.162975822039155e-33,,Mean,D2,
PD,-1.145168685605733,3.469446951953614e-18,-0.7831594365605667,-6.162975822039155e-33,,Mean,D2,
PD,-1.063589577630674,3.469446951953614e-18,-0.7342119717755313,0.0,,Mean,D2,
PD,-0.9820104696556151,3.469446951953614e-18,-0.685264506990496,0.0,,Mean,D2,
PD,-0.900431361680556,3.469446951953614e-18,-0.6363170422054605,0.0,,Mean,D2,
PD,-0.818852253705497,3.469446951953614e-18,-0.5873695774204251,0.0,,Mean,D2,
PD,-0.7372731457304379,3.469446951953614e-18,-0.5384221126353896,0.0,,Mean,D2,
PD,-0.6556940377553788,3.469446951953614e-18,-0.4894746478503542,0.0,,Mean,D2,
PD,-0.5741149297803199,3.469446951953614e-18,-0.4405271830653189,0.0,,Mean,D2,
PD,-0.4925358218052608,3.469446951953614e-18,-0.3915797182802834,0.0,,Mean,D2,
PD,-0.4109567138302017,3.469446951953614e-18,-0.34263225349524795,0.0,,Mean,D2,
PD,-0.32937760585514275,3.469446951953614e-18,-0.2936847887102126,6.162975822039155e-33,,Mean,D2,
PD,-0.24779849788008357,3.469446951953614e-18,-0.2447373239251771,-6.162975822039155e-33,,Mean,D2,
PD,-0.1662193899050246,3.469446951953614e-18,-0.19578985914014171,0.0,,Mean,D2,
PD,-0.08464028192996564,3.469446951953614e-18,-0.14684239435510635,6.162975822039155e-33,,Mean,D2,
PD,-0.00306117395490646,3.469446951953614e-18,-0.09789492957007083,-6.162975822039155e-33,,Mean,D2,
PD,0.0785179340201525,3.469446951953614e-18,-0.04894746478503545,6.162975822039155e-33,,Mean,D2,
PD,0.1600970419952117,3.469446951953614e-18,6.938893903907228e-17,-6.162975822039155e-33,,Mean,D2,
PD,0.24167614997027065,3.469446951953614e-18,0.04894746478503542,0.0,,Mean,D2,
PD,0.3232552579453296,3.469446951953614e-18,0.09789492957007082,6.162975822039155e-33,,Mean,D2,
PD,0.4048343659203888,3.469446951953614e-18,0.1468423943551063,-6.162975822039155e-33,,Mean,D2,
PD,0.48641347389544776,3.469446951953614e-18,0.19578985914014171,0.0,,Mean,D2,
PD,0.5679925818705067,3.469446951953614e-18,0.24473732392517708,6.162975822039155e-33,,Mean,D2,
PD,0.6495716898455659,3.469446951953614e-18,0.29368478871021253,0.0,,Mean,D2,
PD,0.7311507978206251,3.469446951953614e-18,0.34263225349524806,0.0,,Mean,D2,
PD,0.8127299057956838,3.469446951953614e-18,0.3915797182802834,0.0,,Mean,D2,
PD,0.894309013770743,3.469446951953614e-18,0.4405271830653189,0.0,,Mean,D2,
PD,0.9758881217458022,3.469446951953614e-18,0.4894746478503543,0.0,,Mean,D2,
PD,1.057467229720861,3.469446951953614e-18,0.5384221126353896,0.0,,Mean,D2,
PD,1.1390463376959201,3.469446951953614e-18,0.5873695774204252,0.0,,Mean,D2,
PD,1.2206254456709793,3.469446951953614e-18,0.6363170422054606,0.0,,Mean,D2,
PD,1.302204553646038,3.469446951953614e-18,0.6852645069904959,0.0,,Mean,D2,
PD,1.3837836616210972,3.469446951953614e-18,0.7342119717755314,0.0,,Mean,D2,
PD,1.4653627695961564,3.469446951953614e-18,0.7831594365605669,0.0,,Mean,D2,
PD,1.5469418775712152,3.469446951953614e-18,0.8321069013456022,0.0,,Mean,D2,
PD,1.6285209855462743,3.469446951953614e-18,0.8810543661306376,0.0,,Mean,D2,
PD,1.7101000935213335,3.469446951953614e-18,0.9300018309156732,0.0,,Mean,D2,
PD,1.7916792014963923,3.469446951953614e-18,0.9789492957007084,0.0,,Mean,D2,
ALE,-1.25885146153948,0.0,-0.8204320675512231,,,Mean,D2,0.05714285714285714
ALE,-0.9113370879107001,0.0,-0.6119234433739552,,,Mean,D2,0.07714285714285714
ALE,-0.6730291289079334,0.0,-0.4689386679722953,,,Mean,D2,0.05142857142857143
ALE,-0.46954743987944403,0.0,-0.34684965455520156,,,Mean,D2,0.07714285714285714
ALE,-0.2818333528937541,0.0,-0.23422120236378774,,,Mean,D2,0.08428571428571428
ALE,-0.13293087269398873,0.0,-0.14487971424392843,,,Mean,D2,0.055714285714285716
ALE,-0.012541513058683285,0.0,-0.07264609846274506,,,Mean,D2,0.07285714285714286
ALE,0.14322487230511405,0.0,0.02081373275553322,,,Mean,D2,0.10571428571428572
ALE,0.3321954095739057,0.0,0.1341960551168082,,,Mean,D2,0.08428571428571428
ALE,0.5389795197796923,0.0,0.25826652124028016,,,Mean,D2,0.12142857142857143
ALE,0.8114993714843279,0.0,0.42177843226306133,,,Mean,D2,0.08571428571428572
ALE,1.3806324925588902,0.0,0.7632583049077988,,,Mean,D2,0.12714285714285714
PD,-1.4714851175059693,-0.8962540350562581,-0.9789492957007085,0.5493159077752275,,LMM,D2,
PD,-1.3899060095309104,-0.8514413333034453,-0.9300018309156731,0.5493159077752265,,LMM,D2,
PD,-1.3083269015558512,-0.8066286315506322,-0.8810543661306376,0.5493159077752292,,LMM,D2,
PD,-1.2267477935807922,-0.7618159297978194,-0.8321069013456023,0.5493159077752274,,LMM,D2,
PD,-1.145168685605733,-0.7170032280450064,-0.7831594365605667,0.5493159077752292,,LMM,D2,
PD,-1.063589577630674,-0.6721905262921936,-0.7342119717755313,0.5493159077752279,,LMM,D2,
PD,-0.9820104696556151,-0.6273778245393807,-0.685264506990496,0.5493159077752279,,LMM,D2,
PD,-0.900431361680556,-0.5825651227865678,-0.6363170422054605,0.5493159077752283,,LMM,D2,
PD,-0.818852253705497,-0.5377524210337549,-0.5873695774204251,0.5493159077752283,,LMM,D2,
PD,-0.7372731457304379,-0.49293971928094193,-0.5384221126353896,0.5493159077752283,,LMM,D2,
PD,-0.6556940377553788,-0.448127017528129,-0.4894746478503542,0.5493159077752279,,LMM,D2,
PD,-0.5741149297803199,-0.4033143157753162,-0.4405271830653189,0.5493159077752283,,LMM,D2,
PD,-0.4925358218052608,-0.35850161402250325,-0.3915797182802834,0.5493159077752283,,LMM,D2,
PD,-0.4109567138302017,-0.3136889122696903,-0.34263225349524795,0.5493159077752279,,LMM,D2,
PD,-0.32937760585514275,-0.2688762105168775,-0.2936847887102126,0.5493159077752277,,LMM,D2,
PD,-0.24779849788008357,-0.2240635087640645,-0.2447373239251771,0.5493159077752285,,LMM,D2,
PD,-0.1662193899050246,-0.17925080701125162,-0.19578985914014171,0.5493159077752282,,LMM,D2,
PD,-0.08464028192996564,-0.13443810525843874,-0.14684239435510635,0.549315907775228,,LMM,D2,
PD,-0.00306117395490646,-0.08962540350562578,-0.09789492957007083,0.549315907775228,,LMM,D2,
PD,0.0785179340201525,-0.04481270175281293,-0.04894746478503545,0.549315907775228,,LMM,D2,
PD,0.1600970419952117,5.551115123125783e-17,6.938893903907228e-17,0.5493159077752282,,LMM,D2,
PD,0.24167614997027065,0.04481270175281293,0.04894746478503542,0.5493159077752281,,LMM,D2,
PD,0.3232552579453296,0.08962540350562578,0.09789492957007082,0.5493159077752283,,LMM,D2,
PD,0.4048343659203888,0.1344381052584388,0.1468423943551063,0.549315907775228,,LMM,D2,
PD,0.48641347389544776,0.17925080701125162,0.19578985914014171,0.5493159077752279,,LMM,D2,
PD,0.5679925818705067,0.2240635087640645,0.24473732392517708,0.5493159077752285,,LMM,D2,
PD,0.6495716898455659,0.2688762105168775,0.29368478871021253,0.5493159077752285,,LMM,D2,
PD,0.7311507978206251,0.31368891226969053,0.34263225349524806,0.5493159077752277,,LMM,D2,
PD,0.8127299057956838,0.35850161402250313,0.3915797182802834,0.5493159077752277,,LMM,D2,
PD,0.894309013770743,0.4033143157753162,0.4405271830653189,0.5493159077752288,,LMM,D2,
PD,0.9758881217458022,0.4481270175281292,0.4894746478503543,0.5493159077752292,,LMM,D2,
PD,1.057467229720861,0.49293971928094205,0.5384221126353896,0.5493159077752279,,LMM,D2,
PD,1.1390463376959201,0.5377524210337549,0.5873695774204252,0.5493159077752274,,LMM,D2,
PD,1.2206254456709793,0.5825651227865679,0.6363170422054606,0.5493159077752274,,LMM,D2,
PD,1.302204553646038,0.6273778245393805,0.6852645069904959,0.5493159077752279,,LMM,D2,
PD,1.3837836616210972,0.6721905262921936,0.7342119717755314,0.5493159077752292,,LMM,D2,
PD,1.4653627695961564,0.7170032280450066,0.7831594365605669,0.5493159077752274,,LMM,D2,
PD,1.5469418775712152,0.7618159297978192,0.8321069013456022,0.5493159077752274,,LMM,D2,
PD,1.6285209855462743,0.8066286315506322,0.8810543661306376,0.5493159077752274,,LMM,D2,
PD,1.7101000935213335,0.8514413333034451,0.9300018309156732,0.5493159077752283,,LMM,D2,
PD,1.7916792014963923,0.8962540350562579,0.9789492957007084,0.5493159077752291,,LMM,D2,
ALE,-1.25885146153948,-0.751127309924679,-0.8204320675512231,,,LMM,D2,0.05714285714285714
ALE,-0.9113370879107001,-0.560232136309846,-0.6119234433739552,,,LMM,D2,0.07714285714285714
ALE,-0.6730291289079334,-0.42932578348017947,-0.4689386679722953,,,LMM,D2,0.05142857142857143
ALE,-0.46954743987944403,-0.31755005475585807,-0.34684965455520156,,,LMM,D2,0.07714285714285714
ALE,-0.2818333528937541,-0.21443572066111571,-0.23422120236378774,,,LMM,D2,0.08428571428571428
ALE,-0.13293087269398873,-0.1326412195801986,-0.14487971424392843,,,LMM,D2,0.055714285714285716
ALE,-0.012541513058683285,-0.06650942920565239,-0.07264609846274506,,,LMM,D2,0.07285714285714286
ALE,0.14322487230511405,0.019055524171327942,0.02081373275553322,,,LMM,D2,0.10571428571428572
ALE,0.3321954095739057,0.12286004639390669,0.1341960551168082,,,LMM,D2,0.08428571428571428
ALE,0.5389795197796923,0.23644984760509125,0.25826652124028016,,,LMM,D2,0.12142857142857143
ALE,0.8114993714843279,0.38614933733099355,0.42177843226306133,,,LMM,D2,0.08571428571428572
ALE,1.3806324925588902,0.6987832143790157,0.7632583049077988,,,LMM,D2,0.12714285714285714
PD,-1.4714851175059693,-0.36208174093964524,-0.9789492957007085,0.037952910473995,,GAM,D2,
PD,-1.3899060095309104,-0.35898557635811945,-0.9300018309156731,0.04597803996539174,,GAM,D2,
PD,-1.3083269015558512,-0.3545800459660086,-0.8810543661306376,0.06232794560419608,,GAM,D2,
PD,-1.2267477935807922,-0.3488162599495029,-0.8321069013456023,0.07927714455501755,,GAM,D2,
PD,-1.145168685605733,-0.34164532849479223,-0.7831594365605667,0.09682563681785927,,GAM,D2,
PD,-1.063589577630674,-0.333018361788067,-0.7342119717755313,0.11497342239271702,,GAM,D2,
PD,-0.9820104696556151,-0.32288647001551724,-0.685264506990496,0.13372050127959412,,GAM,D2,
PD,-0.900431361680556,-0.31120076336333297,-0.6363170422054605,0.15306687347849013,,GAM,D2,
PD,-0.818852253705497,-0.29791235201770433,-0.5873695774204251,0.17301253898940483,,GAM,D2,
PD,-0.7372731457304379,-0.2829723461648214,-0.5384221126353896,0.19355749781233755,,GAM,D2,
PD,-0.6556940377553788,-0.26633185599087444,-0.4894746478503542,0.2147016155724797,,GAM,D2,
PD,-0.5741149297803199,-0.24794201360640755,-0.4405271830653189,0.23631793783974042,,GAM,D2,
PD,-0.4925358218052608,-0.22777464285593152,-0.3915797182802834,0.25791644451598317,,GAM,D2,
PD,-0.4109567138302017,-0.2058608266549821,-0.34263225349524795,0.2788350354421971,,GAM,D2,
PD,-0.32937760585514275,-0.18228041592879465,-0.2936847887102126,0.2982103249425444,,GAM,D2,
PD,-0.24779849788008357,-0.15720536205945151,-0.2447373239251771,0.31539463948098245,,GAM,D2,
PD,-0.1662193899050246,-0.1308211892308469,-0.19578985914014171,0.3303047910811472,,GAM,D2,
PD,-0.08464028192996564,-0.10331342162687511,-0.14684239435510635,0.3429389163751321,,GAM,D2,
PD,-0.00306117395490646,-0.07486788745521357,-0.09789492957007083,0.35323079850257827,,GAM,D2,
PD,0.0785179340201525,-0.045680914724558784,-0.04894746478503545,0.36103688438704923,,GAM,D2,
PD,0.1600970419952117,-0.015961753506433543,6.938893903907228e-17,0.36627310169389515,,GAM,D2,
PD,0.24167614997027065,0.014079551098333337,0.04894746478503542,0.3689345776724472,,GAM,D2,
PD,0.3232552579453296,0.04423295398891315,0.09789492957007082,0.36902131232270496,,GAM,D2,
PD,0.4048343659203888,0.07428841006447721,0.1468423943551063,0.366533305644669,,GAM,D2,
PD,0.48641347389544776,0.10403587422419673,0.19578985914014171,0.36147055763833985,,GAM,D2,
PD,0.5679925818705067,0.13326530136724302,0.24473732392517708,0.3538330683037164,,GAM,D2,
PD,0.6495716898455659,0.16176664639278737,0.29368478871021253,0.34362083764079865,,GAM,D2,
PD,0.7311507978206251,0.18932986420000103,0.34263225349524806,0.33083386564958817,,GAM,D2,
PD,0.8127299057956838,0.2157449096880552,0.3915797182802834,0.3154721523300834,,GAM,D2,
PD,0.894309013770743,0.2408017377561213,0.4405271830653189,0.2975356976822845,,GAM,D2,
PD,0.9758881217458022,0.2642903033033705,0.4894746478503543,0.2770563761239808,,GAM,D2,
PD,1.057467229720861,0.28600576180211484,0.5384221126353896,0.25456887705780296,,GAM,D2,
PD,1.1390463376959201,0.3058253071205465,0.5873695774204252,0.23123540687059552,,GAM,D2,
PD,1.2206254456709793,0.32373371825162095,0.6363170422054606,0.20802428951786567,,GAM,D2,
PD,1.302204553646038,0.3397661790725723,0.6852645069904959,0.18525974641964393,,GAM,D2,
PD,1.3837836616210972,0.3539603679648213,0.7342119717755314,0.16295706644245778,,GAM,D2,
PD,1.4653627695961564,0.3663539633097886,0.7831594365605669,0.14111624958630742,,GAM,D2,
PD,1.5469418775712152,0.37698464348889477,0.8321069013456022,0.11973729585119397,,GAM,D2,
PD,1.6285209855462743,0.3858900868835608,0.8810543661306376,0.09882020523711565,,GAM,D2,
PD,1.7101000935213335,0.39310797187520713,0.9300018309156732,0.07836497774407425,,GAM,D2,
PD,1.7916792014963923,0.3986759768452547,0.9789492957007084,0.06825282977781356,,GAM,D2,
ALE,-1.25885146153948,-0.32234046598861815,-0.8204320675512231,,,GAM,D2,0.05714285714285714
ALE,-0.9113370879107001,-0.28647829236586203,-0.6119234433739552,,,GAM,D2,0.07714285714285714
ALE,-0.6730291289079334,-0.24442032653336934,-0.4689386679722953,,,GAM,D2,0.05142857142857143
ALE,-0.46954743987944403,-0.19627866017086862,-0.34684965455520156,,,GAM,D2,0.07714285714285714
ALE,-0.2818333528937541,-0.14284133400440657,-0.23422120236378774,,,GAM,D2,0.08428571428571428
ALE,-0.13293087269398873,-0.09523178255927547,-0.14487971424392843,,,GAM,D2,0.055714285714285716
ALE,-0.012541513058683285,-0.053819540507912156,-0.07264609846274506,,,GAM,D2,0.07285714285714286
ALE,0.14322487230511405,0.002309500023467137,0.02081373275553322,,,GAM,D2,0.10571428571428572
ALE,0.3321954095739057,0.07165246077268878,0.1341960551168082,,,GAM,D2,0.08428571428571428
ALE,0.5389795197796923,0.1464944949732107,0.25826652124028016,,,GAM,D2,0.12142857142857143
ALE,0.8114993714843279,0.23700650611189467,0.42177843226306133,,,GAM,D2,0.08571428571428572
ALE,1.3806324925588902,0.35480089884205546,0.7632583049077988,,,GAM,D2,0.12714285714285714
PD,-1.4714851175059693,-0.5977132053402202,-0.9789492957007085,0.011874870626394548,,RF,D2,
PD,-1.3899060095309104,-0.5967444639871997,-0.9300018309156731,0.05257873560121773,,RF,D2,
PD,-1.3083269015558512,-0.5891345526426124,-0.8810543661306376,0.1268771165276803,,RF,D2,
PD,-1.2267477935807922,-0.5760434200096483,-0.8321069013456023,0.05573821031069359,,RF,D2,
PD,-1.145168685605733,-0.580040405688067,-0.7831594365605667,0.21444584276843237,,RF,D2,
PD,-1.063589577630674,-0.5410548188856316,-0.7342119717755313,0.3282751189565327,,RF,D2,
PD,-0.9820104696556151,-0.5264796229383064,-0.685264506990496,0.1144107411839057,,RF,D2,
PD,-0.900431361680556,-0.5223877664685348,-0.6363170422054605,0.3939751929895947,,RF,D2,
PD,-0.818852253705497,-0.4621993333215206,-0.5873695774204251,0.3807401147520957,,RF,D2,
PD,-0.7372731457304379,-0.4602668886049396,-0.5384221126353896,-0.015034661803726035,,RF,D2,
PD,-0.6556940377553788,-0.4646523619188299,-0.4894746478503542,0.39898852808848595,,RF,D2,
PD,-0.5741149297803199,-0.39516863217745873,-0.4405271830653189,0.5383823382893946,,RF,D2,
PD,-0.4925358218052608,-0.37681086010447945,-0.3915797182802834,0.38436555677518003,,RF,D2,
PD,-0.4109567138302017,-0.33245623366134647,-0.34263225349524795,0.5803151016714652,,RF,D2,
PD,-0.32937760585514275,-0.2821276834268518,-0.2936847887102126,1.081019489598399,,RF,D2,
PD,-0.24779849788008357,-0.15607902233116416,-0.2447373239251771,0.8268020686176423,,RF,D2,
PD,-0.1662193899050246,-0.14722813296732984,-0.19578985914014171,0.0526590780786923,,RF,D2,
PD,-0.08464028192996564,-0.14748726109826676,-0.14684239435510635,0.14439412653759665,,RF,D2,
PD,-0.00306117395490646,-0.12366904488777987,-0.09789492957007083,0.5428382504876945,,RF,D2,
PD,0.0785179340201525,-0.058918740599211324,-0.04894746478503545,0.663675636319823,,RF,D2,
PD,0.1600970419952117,-0.015384912096278167,6.938893903907228e-17,0.7595354812419067,,RF,D2,
PD,0.24167614997027065,0.06500571347103251,0.04894746478503542,0.7752081791706571,,RF,D2,
PD,0.3232552579453296,0.11109667140714563,0.09789492957007082,0.36313097175972203,,RF,D2,
PD,0.4048343659203888,0.12425351497958137,0.1468423943551063,0.11186621736327818,,RF,D2,
PD,0.48641347389544776,0.12934856385722626,0.19578985914014171,0.36588579781518815,,RF,D2,
PD,0.5679925818705067,0.18395078899259304,0.24473732392517708,1.2429773253640157,,RF,D2,
PD,0.6495716898455659,0.33215052673006884,0.29368478871021253,1.3489354010088657,,RF,D2,
PD,0.7311507978206251,0.4040406824531571,0.34263225349524806,0.5568981872127137,,RF,D2,
PD,0.8127299057956838,0.42301304142155033,0.3915797182802834,0.12675800953198646,,RF,D2,
PD,0.894309013770743,0.42472229314578397,0.4405271830653189,0.17012442811641826,,RF,D2,
PD,0.9758881217458022,0.4507702396025593,0.4894746478503543,0.29333851773143715,,RF,D2,
PD,1.057467229720861,0.4725828823682973,0.5384221126353896,0.1912161015053604,,RF,D2,
PD,1.1390463376959201,0.48196871758511045,0.5873695774204252,0.19620821359404506,,RF,D2,
PD,1.2206254456709793,0.5045958644530615,0.6363170422054606,0.14354037139690812,,RF,D2,
PD,1.302204553646038,0.5053885084990475,0.6852645069904959,0.15806967981670805,,RF,D2,
PD,1.3837836616210972,0.5303862314077621,0.7342119717755314,0.17112986253412554,,RF,D2,
PD,1.4653627695961564,0.5333097515659044,0.7831594365605669,0.05899910031019351,,RF,D2,
PD,1.5469418775712152,0.5400124193570353,0.8321069013456022,0.2580807352649104,,RF,D2,
PD,1.6285209855462743,0.5754177439028221,0.8810543661306376,0.2425312573515508,,RF,D2,
PD,1.7101000935213335,0.5795833866186533,0.9300018309156732,0.030841704202016818,,RF,D2,
PD,1.7916792014963923,0.5804498213372844,0.9789492957007084,0.010620791770559957,,RF,D2,
ALE,-1.25885146153948,-0.5552711094803102,-0.8204320675512231,,,RF,D2,0.05714285714285714
ALE,-0.9113370879107001,-0.488742998703653,-0.6119234433739552,,,RF,D2,0.07714285714285714
ALE,-0.6730291289079334,-0.4172756805484891,-0.4689386679722953,,,RF,D2,0.05142857142857143
ALE,-0.46954743987944403,-0.34132888629204294,-0.34684965455520156,,,RF,D2,0.07714285714285714
ALE,-0.2818333528937541,-0.21735035541692327,-0.23422120236378774,,,RF,D2,0.08428571428571428
ALE,-0.13293087269398873,-0.13637509422263805,-0.14487971424392843,,,RF,D2,0.055714285714285716
ALE,-0.012541513058683285,-0.10730843380564492,-0.07264609846274506,,,RF,D2,0.07285714285714286
ALE,0.14322487230511405,0.001074056540629642,0.02081373275553322,,,RF,D2,0.10571428571428572
ALE,0.3321954095739057,0.12266817149406484,0.1341960551168082,,,RF,D2,0.08428571428571428
ALE,0.5389795197796923,0.268986226044876,0.25826652124028016,,,RF,D2,0.12142857142857143
ALE,0.8114993714843279,0.4328874315774337,0.42177843226306133,,,RF,D2,0.08571428571428572
ALE,1.3806324925588902,0.5563786856907634,0.7632583049077988,,,RF,D2,0.12714285714285714
PD,-1.4714851175059693,-0.7956991560728839,-0.9789492957007085,0.40897937148786345,,GPR,D2,
PD,-1.3899060095309104,-0.7623349837667037,-0.9300018309156731,0.4118308516892357,,GPR,D2,
PD,-1.3083269015558512,-0.7285055690380502,-0.8810543661306376,0.4177380771863506,,GPR,D2,
PD,-1.2267477935807922,-0.694177584358546,-0.8321069013456023,0.42406579628324614,,GPR,D2,
PD,-1.145168685605733,-0.6593157502710094,-0.7831594365605667,0.4308210927133649,,GPR,D2,
PD,-1.063589577630674,-0.6238855834777532,-0.7342119717755313,0.43798211044394053,,GPR,D2,
PD,-0.9820104696556151,-0.5878553705129086,-0.685264506990496,0.44551270714122815,,GPR,D2,
PD,-0.900431361680556,-0.5511965249974831,-0.6363170422054605,0.45337177694310293,,GPR,D2,
PD,-0.818852253705497,-0.513884040224737,-0.5873695774204251,0.4615341117426186,,GPR,D2,
PD,-0.7372731457304379,-0.475893442725435,-0.5384221126353896,0.4699986556695661,,GPR,D2,
PD,-0.6556940377553788,-0.4371998980667367,-0.4894746478503542,0.47871375726522736,,GPR,D2,
PD,-0.5741149297803199,-0.39778736013926264,-0.4405271830653189,0.4875432795400809,,GPR,D2,
PD,-0.4925358218052608,-0.35765320637850745,-0.3915797182802834,0.4963157767306423,,GPR,D2,
PD,-0.4109567138302017,-0.3168093634599939,-0.34263225349524795,0.5048530286611561,,GPR,D2,
PD,-0.32937760585514275,-0.2752822869051394,-0.2936847887102126,0.5129839542835251,,GPR,D2,
PD,-0.24779849788008357,-0.23311181666805691,-0.2447373239251771,0.5205577371032362,,GPR,D2,
PD,-0.1662193899050246,-0.1903490152203448,-0.19578985914014171,0.5274582796358073,,GPR,D2,
PD,-0.08464028192996564,-0.14705266477456017,-0.14684239435510635,0.5336097112435777,,GPR,D2,
PD,-0.00306117395490646,-0.10328620672018496,-0.09789492957007083,0.5389590233972248,,GPR,D2,
PD,0.0785179340201525,-0.059117072046851016,-0.04894746478503545,0.5434559125892425,,GPR,D2,
PD,0.1600970419952117,-0.014616909574580783,6.938893903907228e-17,0.5470528286077591,,GPR,D2,
PD,0.24167614997027065,0.0301390914992567,0.04894746478503542,0.5497151045359099,,GPR,D2,
PD,0.3232552579453296,0.07507362616233085,0.09789492957007082,0.5514287849893047,,GPR,D2,
PD,0.4048343659203888,0.12010922828165294,0.1468423943551063,0.552203712353118,,GPR,D2,
PD,0.48641347389544776,0.16517019871089783,0.19578985914014171,0.5520569686622471,,GPR,D2,
PD,0.5679925818705067,0.21018185839141534,0.24473732392517708,0.550965531633395,,GPR,D2,
PD,0.6495716898455659,0.2550647519022109,0.29368478871021253,0.548896651303596,,GPR,D2,
PD,0.7311507978206251,0.2997388567591043,0.34263225349524806,0.5458850607865513,,GPR,D2,
PD,0.8127299057956838,0.34413038453396627,0.3915797182802834,0.5420350259703517,,GPR,D2,
PD,0.894309013770743,0.3881763245789027,0.4405271830653189,0.5374782553431787,,GPR,D2,
PD,0.9758881217458022,0.4318243777877415,0.4894746478503543,0.532324481716179,,GPR,D2,
PD,1.057467229720861,0.47502943732228564,0.5384221126353896,0.5266550385237152,,GPR,D2,
PD,1.1390463376959201,0.5177524742944115,0.5873695774204252,0.5205431939834182,,GPR,D2,
PD,1.2206254456709793,0.5599603361775966,0.6363170422054606,0.5140510229857047,,GPR,D2,
PD,1.302204553646038,0.6016241221120922,0.6852645069904959,0.5072207057678764,,GPR,D2,
PD,1.3837836616210972,0.6427175616236429,0.7342119717755314,0.5000762520313065,,GPR,D2,
PD,1.4653627695961564,0.6832156712325419,0.7831594365605669,0.4926320298594886,,GPR,D2,
PD,1.5469418775712152,0.7230945247354024,0.8321069013456022,0.4848974348948554,,GPR,D2,
PD,1.6285209855462743,0.762330671628775,0.8810543661306376,0.47687460363592926,,GPR,D2,
PD,1.7101000935213335,0.8009005342965605,0.9300018309156732,0.46855808820279155,,GPR,D2,
PD,1.7916792014963923,0.8387797733689404,0.9789492957007084,0.464325242241687,,GPR,D2,
ALE,-1.25885146153948,-0.6674492924069034,-0.8204320675512231,,,GPR,D2,0.05714285714285714
ALE,-0.9113370879107001,-0.5244293561479146,-0.6119234433739552,,,GPR,D2,0.07714285714285714
ALE,-0.6730291289079334,-0.4171986337983351,-0.4689386679722953,,,GPR,D2,0.05142857142857143
ALE,-0.46954743987944403,-0.31752295176119383,-0.34684965455520156,,,GPR,D2,0.07714285714285714
ALE,-0.2818333528937541,-0.2216090452476689,-0.23422120236378774,,,GPR,D2,0.08428571428571428
ALE,-0.13293087269398873,-0.14365151258917497,-0.14487971424392843,,,GPR,D2,0.055714285714285716
ALE,-0.012541513058683285,-0.07710567467635476,-0.07264609846274506,,,GPR,D2,0.07285714285714286
ALE,0.14322487230511405,0.00991252199880066,0.02081373275553322,,,GPR,D2,0.10571428571428572
ALE,0.3321954095739057,0.11361601773443364,0.1341960551168082,,,GPR,D2,0.08428571428571428
ALE,0.5389795197796923,0.2261024159220214,0.25826652124028016,,,GPR,D2,0.12142857142857143
ALE,0.8114993714843279,0.3774064376645663,0.42177843226306133,,,GPR,D2,0.08571428571428572
ALE,1.3806324925588902,0.6796889429404918,0.7632583049077988,,,GPR,D2,0.12714285714285714
PD,-1.4714851175059693,-0.5968109465131849,-0.9789492957007085,0.04058240026031749,,MERF,D2,
PD,-1.3899060095309104,-0.5935002705004614,-0.9300018309156731,0.05214329997422906,,MERF,D2,
PD,-1.3083269015558512,-0.5883033387156377,-0.8810543661306376,0.12414097722626405,,MERF,D2,
PD,-1.2267477935807922,-0.57324565012992,-0.8321069013456023,0.12483769919030507,,MERF,D2,
PD,-1.145168685605733,-0.5679350424324299,-0.7831594365605667,0.2409696786150004,,MERF,D2,
PD,-1.063589577630674,-0.5339294672690235,-0.7342119717755313,0.24955313407582702,,MERF,D2,
PD,-0.9820104696556151,-0.5272183982918573,-0.685264506990496,0.056990651963901406,,MERF,D2,
PD,-0.900431361680556,-0.5246309741687593,-0.6363170422054605,0.32800294038872346,,MERF,D2,
PD,-0.818852253705497,-0.4737020237116403,-0.5873695774204251,0.30730902994292153,,MERF,D2,
PD,-0.7372731457304379,-0.4744909810979107,-0.5384221126353896,-0.03878507327212466,,MERF,D2,
PD,-0.6556940377553788,-0.48003012707221476,-0.4894746478503542,0.4299637253468185,,MERF,D2,
PD,-0.5741149297803199,-0.4043388667470573,-0.4405271830653189,0.582251495113371,,MERF,D2,
PD,-0.4925358218052608,-0.3850310118952284,-0.3915797182802834,0.3110130051423825,,MERF,D2,
PD,-0.4109567138302017,-0.3535945396907412,-0.34263225349524795,0.4264696824649805,,MERF,D2,
PD,-0.32937760585514275,-0.3154489793474288,-0.2936847887102126,1.3508801292668922,,MERF,D2,
PD,-0.24779849788008357,-0.1331873478370897,-0.2447373239251771,1.2044043147547796,,MERF,D2,
PD,-0.1662193899050246,-0.11894052006941402,-0.19578985914014171,0.13727690211459076,,MERF,D2,
PD,-0.08464028192996564,-0.11078949339691409,-0.14684239435510635,0.19903692855966282,,MERF,D2,
PD,-0.00306117395490646,-0.08646600989742825,-0.09789492957007083,0.47820391396342865,,MERF,D2,
PD,0.0785179340201525,-0.03276659593427737,-0.04894746478503545,0.5286068054987604,,MERF,D2,
PD,0.1600970419952117,-0.00021946657315945195,6.938893903907228e-17,0.5885455572637637,,MERF,D2,
PD,0.24167614997027065,0.06325944719424632,0.04894746478503542,0.6512929576285584,,MERF,D2,
PD,0.3232552579453296,0.10604433045439189,0.09789492957007082,0.3854229389651602,,MERF,D2,
PD,0.4048343659203888,0.12614436630205306,0.1468423943551063,0.22000193742454066,,MERF,D2,
PD,0.48641347389544776,0.14193945407014952,0.19578985914014171,0.5572461504894497,,MERF,D2,
PD,0.5679925818705067,0.2170636540609826,0.24473732392517708,1.2013901598765773,,MERF,D2,
PD,0.6495716898455659,0.3379561292156391,0.29368478871021253,1.146732616512644,,MERF,D2,
PD,0.7311507978206251,0.40416250194299685,0.34263225349524806,0.5055450826669698,,MERF,D2,
PD,0.8127299057956838,0.4204399629859371,0.3915797182802834,0.11959126425779454,,MERF,D2,
PD,0.894309013770743,0.4236747992625176,0.4405271830653189,0.19888211739191997,,MERF,D2,
PD,0.9758881217458022,0.4528892144439848,0.4894746478503543,0.25661748035418563,,MERF,D2,
PD,1.057467229720861,0.4655440495387211,0.5384221126353896,0.14447320052961832,,MERF,D2,
PD,1.1390463376959201,0.4764612040950009,0.5873695774204252,0.22153173361645173,,MERF,D2,
PD,1.2206254456709793,0.5016887719719182,0.6363170422054606,0.1586955584514067,,MERF,D2,
PD,1.302204553646038,0.5023536882911402,0.6852645069904959,0.09576971538240597,,MERF,D2,
PD,1.3837836616210972,0.5173143878757622,0.7342119717755314,0.10904042735094643,,MERF,D2,
PD,1.4653627695961564,0.5201445298841592,0.7831594365605669,0.053392370281188484,,MERF,D2,
PD,1.5469418775712152,0.526025791756189,0.8321069013456022,0.20926968180638017,,MERF,D2,
PD,1.6285209855462743,0.5542885978201371,0.8810543661306376,0.19034212771526304,,MERF,D2,
PD,1.7101000935213335,0.5570816737343609,0.9300018309156732,0.03563963075651211,,MERF,D2,
PD,1.7916792014963923,0.5601034963914906,0.9789492957007084,0.03704162416256814,,MERF,D2,
ALE,-1.25885146153948,-0.5592547925644389,-0.8204320675512231,,,MERF,D2,0.05714285714285714
ALE,-0.9113370879107001,-0.4976777769227044,-0.6119234433739552,,,MERF,D2,0.07714285714285714
ALE,-0.6730291289079334,-0.4323836643179912,-0.4689386679722953,,,MERF,D2,0.05142857142857143
ALE,-0.46954743987944403,-0.3573380904123507,-0.34684965455520156,,,MERF,D2,0.07714285714285714
ALE,-0.2818333528937541,-0.2149171891078968,-0.23422120236378774,,,MERF,D2,0.08428571428571428
ALE,-0.13293087269398873,-0.10742844314144434,-0.14487971424392843,,,MERF,D2,0.055714285714285716
ALE,-0.012541513058683285,-0.0764452047230324,-0.07264609846274506,,,MERF,D2,0.07285714285714286
ALE,0.14322487230511405,0.01409571001108545,0.02081373275553322,,,MERF,D2,0.10571428571428572
ALE,0.3321954095739057,0.12331153587116195,0.1341960551168082,,,MERF,D2,0.08428571428571428
ALE,0.5389795197796923,0.26869009471455163,0.25826652124028016,,,MERF,D2,0.12142857142857143
ALE,0.8114993714843279,0.4279670895313441,0.42177843226306133,,,MERF,D2,0.08571428571428572
ALE,1.3806324925588902,0.5397780084835813,0.7632583049077988,,,MERF,D2,0.12714285714285714
PD,-1.5759711717472626,-3.469446951953614e-18,-0.8482649496745194,0.0,,Mean,D3,
PD,-1.4997423865627495,-3.469446951953614e-18,-0.8359700282818037,0.0,,Mean,D3,
PD,-1.4235136013782361,-3.469446951953614e-18,-0.8218565882128408,0.0,,Mean,D3,
PD,-1.347284816193723,-3.469446951953614e-18,-0.8056922010172713,0.0,,Mean,D3,
PD,-1.2710560310092098,-3.469446951953614e-18,-0.7872266402404072,0.0,,Mean,D3,
PD,-1.1948272458246967,-3.469446951953614e-18,-0.7661945225940656,0.0,,Mean,D3,
PD,-1.1185984606401833,-3.469446951953614e-18,-0.7423195569203203,0.0,,Mean,D3,
PD,-1.0423696754556702,-3.469446951953614e-18,-0.7153207425403179,0.0,,Mean,D3,
PD,-0.9661408902711569,-3.469446951953614e-18,-0.6849208275297803,0.0,,Mean,D3,
PD,-0.8899121050866436,-3.469446951953614e-18,-0.6508572503936355,0.0,,Mean,D3,
PD,-0.8136833199021305,-3.469446951953614e-18,-0.6128956274707983,0.0,,Mean,D3,
PD,-0.7374545347176172,-3.469446951953614e-18,-0.5708455992273254,0.0,,Mean,D3,
PD,-0.661225749533104,-3.469446951953614e-18,-0.5245785080982326,0.0,,Mean,D3,
PD,-0.5849969643485908,-3.469446951953614e-18,-0.4740459642249928,0.0,,Mean,D3,
PD,-0.5087681791640777,-3.469446951953614e-18,-0.41929790544776846,0.0,,Mean,D3,
PD,-0.4325393939795643,-3.469446951953614e-18,-0.36049834717683366,0.0,,Mean,D3,
PD,-0.35631060879505116,-3.469446951953614e-18,-0.29793674610581744,0.0,,Mean,D3,
PD,-0.280081823610538,-3.469446951953614e-18,-0.2320328800275267,0.0,,Mean,D3,
PD,-0.20385303842602465,-3.469446951953614e-18,-0.16333346766205603,0.0,,Mean,D3,
PD,-0.1276242532415115,-3.469446951953614e-18,-0.09249945691986372,0.0,,Mean,D3,
PD,-0.05139546805699835,-3.469446951953614e-18,-0.0202839504617325,0.0,,Mean,D3,
PD,0.02483331712751502,-3.469446951953614e-18,0.05249803273746098,0.0,,Mean,D3,
PD,0.10106210231202817,-3.469446951953614e-18,0.12500556880723385,0.0,,Mean,D3,
PD,0.17729088749654132,-3.469446951953614e-18,0.19641032179654155,0.0,,Mean,D3,
PD,0.2535196726810547,-3.469446951953614e-18,0.265933825914035,0.0,,Mean,D3,
PD,0.32974845786556783,-3.469446951953614e-18,0.3328800615160486,0.0,,Mean,D3,
PD,0.405977243050081,-3.469446951953614e-18,0.39666057455663317,0.0,,Mean,D3,
PD,0.48220602823459435,-3.469446951953614e-18,0.45681050798910244,0.0,,Mean,D3,
PD,0.5584348134191073,-3.469446951953614e-18,0.5129951589380083,0.0,,Mean,D3,
PD,0.6346635986036206,-3.469446951953614e-18,0.5650078033992125,0.0,,Mean,D3,
PD,0.710892383788134,-3.469446951953614e-18,0.6127603622049294,0.0,,Mean,D3,
PD,0.787121168972647,-3.469446951953614e-18,0.6562689364108724,0.0,,Mean,D3,
PD,0.8633499541571603,-3.469446951953614e-18,0.6956363295573881,0.0,,Mean,D3,
PD,0.9395787393416737,-3.469446951953614e-18,0.7310334772840485,0.0,,Mean,D3,
PD,1.0158075245261866,-3.469446951953614e-18,0.7626813301413756,0.0,,Mean,D3,
PD,1.0920363097107,-3.469446951953614e-18,0.7908342892959311,0.0,,Mean,D3,
PD,1.1682650948952134,-3.469446951953614e-18,0.8157658604511188,0.0,,Mean,D3,
PD,1.2444938800797263,-3.469446951953614e-18,0.8377568214168755,0.0,,Mean,D3,
PD,1.3207226652642396,-3.469446951953614e-18,0.8570859173602563,0.0,,Mean,D3,
PD,1.396951450448753,-3.469446951953614e-18,0.8740229071519576,0.0,,Mean,D3,
PD,1.473180235633266,-3.469446951953614e-18,0.8888236732988806,0.0,,Mean,D3,
ALE,-1.3886475833828793,0.0,-0.8590412024563221,,,Mean,D3,0.07048458149779736
ALE,-1.0777155213847869,0.0,-0.774805397150172,,,Mean,D3,0.06901615271659324
ALE,-0.8355922058624707,0.0,-0.67020556461787,,,Mean,D3,0.0631424375917768
ALE,-0.5443569374205037,0.0,-0.4857082236744671,,,Mean,D3,0.10572687224669604
ALE,-0.29487653880143916,0.0,-0.2944469990455627,,,Mean,D3,0.07342143906020558
ALE,-0.11828935724980298,0.0,-0.13347776108282228,,,Mean,D3,0.07342143906020558
ALE,0.04892145955139239,0.0,0.024407112130007125,,,Mean,D3,0.0763582966226138
ALE,0.24216403382081675,0.0,0.20150327116992028,,,Mean,D3,0.12334801762114538
ALE,0.4585362160214683,0.0,0.3849542103657986,,,Mean,D3,0.06020558002936858
ALE,0.6603001529690671,0.0,0.5261496448407481,,,Mean,D3,0.09104258443465492
ALE,0.9149227469755488,0.0,0.6623930393553508,,,Mean,D3,0.08663729809104258
ALE,1.2657374274570943,0.0,0.7829433731148947,,,Mean,D3,0.10719530102790015
PD,-1.5759711717472626,-0.8862269182389196,-0.8482649496745194,0.5812941371778332,,LMM,D3,
PD,-1.4997423865627495,-0.8419155723269737,-0.8359700282818037,0.5812941371778333,,LMM,D3,
PD,-1.4235136013782361,-0.7976042264150276,-0.8218565882128408,0.5812941371778315,,LMM,D3,
PD,-1.347284816193723,-0.7532928805030817,-0.8056922010172713,0.5812941371778324,,LMM,D3,
PD,-1.2710560310092098,-0.7089815345911358,-0.7872266402404072,0.5812941371778333,,LMM,D3,
PD,-1.1948272458246967,-0.6646701886791898,-0.7661945225940656,0.5812941371778315,,LMM,D3,
PD,-1.1185984606401833,-0.6203588427672438,-0.7423195569203203,0.5812941371778333,,LMM,D3,
PD,-1.0423696754556702,-0.5760474968552978,-0.7153207425403179,0.5812941371778337,,LMM,D3,
PD,-0.9661408902711569,-0.5317361509433518,-0.6849208275297803,0.5812941371778328,,LMM,D3,
PD,-0.8899121050866436,-0.4874248050314058,-0.6508572503936355,0.5812941371778328,,LMM,D3,
PD,-0.8136833199021305,-0.4431134591194598,-0.6128956274707983,0.5812941371778328,,LMM,D3,
PD,-0.7374545347176172,-0.39880211320751385,-0.5708455992273254,0.5812941371778333,,LMM,D3,
PD,-0.661225749533104,-0.3544907672955678,-0.5245785080982326,0.5812941371778328,,LMM,D3,
PD,-0.5849969643485908,-0.3101794213836219,-0.4740459642249928,0.5812941371778326,,LMM,D3,
PD,-0.5087681791640777,-0.26586807547167596,-0.41929790544776846,0.5812941371778328,,LMM,D3,
PD,-0.4325393939795643,-0.22155672955972988,-0.36049834717683366,0.5812941371778331,,LMM,D3,
PD,-0.35631060879505116,-0.17724538364778392,-0.29793674610581744,0.5812941371778328,,LMM,D3,
PD,-0.280081823610538,-0.132934037735838,-0.2320328800275267,0.5812941371778326,,LMM,D3,
PD,-0.20385303842602465,-0.08862269182389193,-0.16333346766205603,0.581294137177833,,LMM,D3,
PD,-0.1276242532415115,-0.04431134591194599,-0.09249945691986372,0.581294137177833,,LMM,D3,
PD,-0.05139546805699835,-5.551115123125783e-17,-0.0202839504617325,0.5812941371778331,,LMM,D3,
PD,0.02483331712751502,0.044311345911946035,0.05249803273746098,0.581294137177833,,LMM,D3,
PD,0.10106210231202817,0.08862269182389197,0.12500556880723385,0.5812941371778332,,LMM,D3,
PD,0.17729088749654132,0.13293403773583795,0.19641032179654155,0.581294137177833,,LMM,D3,
PD,0.2535196726810547,0.17724538364778397,0.265933825914035,0.5812941371778327,,LMM,D3,
PD,0.32974845786556783,0.22155672955972994,0.3328800615160486,0.5812941371778333,,LMM,D3,
PD,0.405977243050081,0.2658680754716759,0.39666057455663317,0.5812941371778328,,LMM,D3,
PD,0.48220602823459435,0.3101794213836219,0.45681050798910244,0.5812941371778326,,LMM,D3,
PD,0.5584348134191073,0.3544907672955678,0.5129951589380083,0.5812941371778333,,LMM,D3,
PD,0.6346635986036206,0.39880211320751385,0.5650078033992125,0.5812941371778328,,LMM,D3,
PD,0.710892383788134,0.44311345911945993,0.6127603622049294,0.5812941371778324,,LMM,D3,
PD,0.787121168972647,0.4874248050314057,0.6562689364108724,0.5812941371778328,,LMM,D3,
PD,0.8633499541571603,0.5317361509433518,0.6956363295573881,0.5812941371778328,,LMM,D3,
PD,0.9395787393416737,0.5760474968552978,0.7310334772840485,0.5812941371778328,,LMM,D3,
PD,1.0158075245261866,0.6203588427672436,0.7626813301413756,0.5812941371778342,,LMM,D3,
PD,1.0920363097107,0.6646701886791898,0.7908342892959311,0.5812941371778333,,LMM,D3,
PD,1.1682650948952134,0.7089815345911358,0.8157658604511188,0.5812941371778324,,LMM,D3,
PD,1.2444938800797263,0.7532928805030816,0.8377568214168755,0.5812941371778324,,LMM,D3,
PD,1.3207226652642396,0.7976042264150276,0.8570859173602563,0.5812941371778324,,LMM,D3,
PD,1.396951450448753,0.8419155723269738,0.8740229071519576,0.5812941371778342,,LMM,D3,
PD,1.473180235633266,0.8862269182389195,0.8888236732988806,0.581294137177832,,LMM,D3,
ALE,-1.3886475833828793,-0.8207961947377025,-0.8590412024563221,,,LMM,D3,0.07048458149779736
ALE,-1.0777155213847869,-0.640053210037597,-0.774805397150172,,,LMM,D3,0.06901615271659324
ALE,-0.8355922058624707,-0.4993083462504159,-0.67020556461787,,,LMM,D3,0.0631424375917768
ALE,-0.5443569374205037,-0.3300149921656882,-0.4857082236744671,,,LMM,D3,0.10572687224669604
ALE,-0.29487653880143916,-0.18499349910763718,-0.2944469990455627,,,LMM,D3,0.07342143906020558
ALE,-0.11828935724980298,-0.08234440577091362,-0.13347776108282228,,,LMM,D3,0.07342143906020558
ALE,0.04892145955139239,0.014854261708337924,0.024407112130007125,,,LMM,D3,0.0763582966226138
ALE,0.24216403382081675,0.1271850371843063,0.20150327116992028,,,LMM,D3,0.12334801762114538
ALE,0.4585362160214683,0.2529609181459188,0.3849542103657986,,,LMM,D3,0.06020558002936858
ALE,0.6603001529690671,0.370245111787476,0.5261496448407481,,,LMM,D3,0.09104258443465492
ALE,0.9149227469755488,0.5182557328764553,0.6623930393553508,,,LMM,D3,0.08663729809104258
ALE,1.2657374274570943,0.7221822498762923,0.7829433731148947,,,LMM,D3,0.10719530102790015
PD,-1.5759711717472626,-0.46039256184485133,-0.8482649496745194,-0.047159692387463904,,GAM,D3,
PD,-1.4997423865627495,-0.46398748790522304,-0.8359700282818037,-0.027987779994740336,,GAM,D3,
PD,-1.4235136013782361,-0.46465951078287226,-0.8218565882128408,0.012129599549674186,,GAM,D3,
PD,-1.347284816193723,-0.4621382386283304,-0.8056922010172713,0.05521497202034675,,GAM,D3,
PD,-1.2710560310092098,-0.45624157030065643,-0.7872266402404072,0.09946026532709906,,GAM,D3,
PD,-1.1948272458246967,-0.4469747682283022,-0.7661945225940656,0.1434731530992308,,GAM,D3,
PD,-1.1185984606401833,-0.4343680019659643,-0.7423195569203203,0.18709026446453558,,GAM,D3,
PD,-1.0423696754556702,-0.4184514410683405,-0.7153207425403179,0.23031159942301205,,GAM,D3,
PD,-0.9661408902711569,-0.39925525509012744,-0.6849208275297803,0.2731371579746633,,GAM,D3,
PD,-0.8899121050866436,-0.37680961358602233,-0.6508572503936355,0.3153880218030105,,GAM,D3,
PD,-0.8136833199021305,-0.35117196356254693,-0.6128956274707983,0.3556049869356701,,GAM,D3,
PD,-0.7374545347176172,-0.3225949412667007,-0.5708455992273254,0.3919499843605063,,GAM,D3,
PD,-0.661225749533104,-0.29141622124076616,-0.5245785080982326,0.42386292577219686,,GAM,D3,
PD,-0.5849969643485908,-0.2579738294339646,-0.4740459642249928,0.45134150622164704,,GAM,D3,
PD,-0.5087681791640777,-0.2226057917955171,-0.41929790544776846,0.4743857257088573,,GAM,D3,
PD,-0.4325393939795643,-0.18565013427464477,-0.36049834717683366,0.4929955842338286,,GAM,D3,
PD,-0.35631060879505116,-0.14744488282056883,-0.29793674610581744,0.5071710817965597,,GAM,D3,
PD,-0.280081823610538,-0.10832806338251061,-0.2320328800275267,0.51691221839705,,GAM,D3,
PD,-0.20385303842602465,-0.06863770190969098,-0.16333346766205603,0.5222189940353013,,GAM,D3,
PD,-0.1276242532415115,-0.028711824351331433,-0.09249945691986372,0.5230914087113122,,GAM,D3,
PD,-0.05139546805699835,0.011111543343346991,-0.0202839504617325,0.519532887911103,,GAM,D3,
PD,0.02483331712751502,0.050494897466399104,0.05249803273746098,0.5117103918110956,,GAM,D3,
PD,0.10106210231202817,0.08912566641144923,0.12500556880723385,0.5000667788858335,,GAM,D3,
PD,0.17729088749654132,0.1267338635975984,0.19641032179654155,0.484913681050148,,GAM,D3,
PD,0.2535196726810547,0.1630544280630558,0.265933825914035,0.46628340643472965,,GAM,D3,
PD,0.32974845786556783,0.1978222988460306,0.3328800615160486,0.4443440667843672,,GAM,D3,
PD,0.405977243050081,0.2307980448928928,0.39666057455663317,0.4201055267193783,,GAM,D3,
PD,0.48220602823459435,0.26187056674826714,0.45681050798910244,0.3946724488208948,,GAM,D3,
PD,0.5584348134191073,0.2909688475317203,0.5129951589380083,0.3683078309202821,,GAM,D3,
PD,0.6346635986036206,0.31802188379825946,0.5650078033992125,0.3410117611433052,,GAM,D3,
PD,0.710892383788134,0.3429586721028915,0.6127603622049294,0.3127842394899645,,GAM,D3,
PD,0.787121168972647,0.3657082090006231,0.6562689364108724,0.2836252659602576,,GAM,D3,
PD,0.8633499541571603,0.3861994910464613,0.6956363295573881,0.2535348405541873,,GAM,D3,
PD,0.9395787393416737,0.4043615147954131,0.7310334772840485,0.22251296327175263,,GAM,D3,
PD,1.0158075245261866,0.4201232768024851,0.7626813301413756,0.19055963411295362,,GAM,D3,
PD,1.0920363097107,0.43341377362268463,0.7908342892959311,0.15767485307779028,,GAM,D3,
PD,1.1682650948952134,0.44416200181101834,0.8157658604511188,0.12385862016626215,,GAM,D3,
PD,1.2444938800797263,0.4522969579224931,0.8377568214168755,0.08911093537836967,,GAM,D3,
PD,1.3207226652642396,0.45774763851211586,0.8570859173602563,0.05344934450701677,,GAM,D3,
PD,1.396951450448753,0.46044571512384996,0.8740229071519576,0.017361377866335737,,GAM,D3,
PD,1.473180235633266,0.46039451199987597,0.8888236732988806,-0.0006717032660307975,,GAM,D3,
ALE,-1.3886475833828793,-0.4859136065943134,-0.8590412024563221,,,GAM,D3,0.07048458149779736
ALE,-1.0777155213847869,-0.4536808762807296,-0.774805397150172,,,GAM,D3,0.06901615271659324
ALE,-0.8355922058624707,-0.3869838749198003,-0.67020556461787,,,GAM,D3,0.0631424375917768
ALE,-0.5443569374205037,-0.2666254155747784,-0.4857082236744671,,,GAM,D3,0.10572687224669604
ALE,-0.29487653880143916,-0.1474210490849745,-0.2944469990455627,,,GAM,D3,0.07342143906020558
ALE,-0.11828935724980298,-0.055715929473585724,-0.13347776108282228,,,GAM,D3,0.07342143906020558
ALE,0.04892145955139239,0.030698390567922285,0.024407112130007125,,,GAM,D3,0.0763582966226138
ALE,0.24216403382081675,0.12390481899656586,0.20150327116992028,,,GAM,D3,0.12334801762114538
ALE,0.4585362160214683,0.2192843179591784,0.3849542103657986,,,GAM,D3,0.06020558002936858
ALE,0.6603001529690671,0.29259918888021724,0.5261496448407481,,,GAM,D3,0.09104258443465492
ALE,0.9149227469755488,0.3627717360177683,0.6623930393553508,,,GAM,D3,0.08663729809104258
ALE,1.2657374274570943,0.41234766432045505,0.7829433731148947,,,GAM,D3,0.10719530102790015
PD,-1.5759711717472626,-0.6003256692609215,-0.8482649496745194,-0.09679214413803895,,RF,D3,
PD,-1.4997423865627495,-0.6077040168239685,-0.8359700282818037,-0.08428030839809919,,RF,D3,
PD,-1.4235136013782361,-0.613174840309248,-0.8218565882128408,-0.049048209984396074,,RF,D3,
PD,-1.347284816193723,-0.6151817877491393,-0.8056922010172713,-0.005562334316018713,,RF,D3,
PD,-1.2710560310092098,-0.6140228602846484,-0.7872266402404072,0.1651246726699367,,RF,D3,
PD,-1.1948272458246967,-0.5900072813459001,-0.7661945225940656,0.2021235198488216,,RF,D3,
PD,-1.1185984606401833,-0.5832075995340614,-0.7423195569203203,0.09331844027796032,,RF,D3,
PD,-1.0423696754556702,-0.5757801786704951,-0.7153207425403179,0.1373469295582943,,RF,D3,
PD,-0.9661408902711569,-0.5622680203559581,-0.6849208275297803,0.34550130960540093,,RF,D3,
PD,-0.8899121050866436,-0.523105888448739,-0.6508572503936355,0.5959221681504658,,RF,D3,
PD,-0.8136833199021305,-0.4714151744706957,-0.6128956274707983,0.34299727240906464,,RF,D3,
PD,-0.7374545347176172,-0.47081335765404997,-0.5708455992273254,0.030683505332194105,,RF,D3,
PD,-0.661225749533104,-0.4667372417973443,-0.5245785080982326,0.11665680947679213,,RF,D3,
PD,-0.5849969643485908,-0.4530281439142158,-0.4740459642249928,0.12759742716750466,,RF,D3,
PD,-0.5087681791640777,-0.44728404806604777,-0.41929790544776846,0.3517702348206164,,RF,D3,
PD,-0.4325393939795643,-0.39939810858532265,-0.36049834717683366,0.2240585487475375,,RF,D3,
PD,-0.35631060879505116,-0.4131246261035879,-0.29793674610581744,1.1775191874063766,,RF,D3,
PD,-0.280081823610538,-0.21987639421043637,-0.2320328800275267,1.5653058167359797,,RF,D3,
PD,-0.20385303842602465,-0.17448190439951622,-0.16333346766205603,0.7122301304135606,,RF,D3,
PD,-0.1276242532415115,-0.11129151898397006,-0.09249945691986372,2.6248995739872925,,RF,D3,
PD,-0.05139546805699835,0.2257039071132786,-0.0202839504617325,2.3057962992287493,,RF,D3,
PD,0.02483331712751502,0.24024458256233694,0.05249803273746098,0.31195415397522264,,RF,D3,
PD,0.10106210231202817,0.2732636794948662,0.12500556880723385,0.22089201899140698,,RF,D3,
PD,0.17729088749654132,0.27392124309167565,0.19641032179654155,0.006283017972689153,,RF,D3,
PD,0.2535196726810547,0.2742215731495673,0.265933825914035,0.40097087130250997,,RF,D3,
PD,0.32974845786556783,0.3350522879192077,0.3328800615160486,0.7592932836745041,,RF,D3,
PD,0.405977243050081,0.38998158237610203,0.39666057455663317,0.36500864103469155,,RF,D3,
PD,0.48220602823459435,0.3907006184950568,0.45681050798910244,0.06047166167023654,,RF,D3,
PD,0.5584348134191073,0.399200944990524,0.5129951589380083,0.06338736146241564,,RF,D3,
PD,0.6346635986036206,0.4003645016157199,0.5650078033992125,0.007691526629537648,,RF,D3,
PD,0.710892383788134,0.40037357645289195,0.6127603622049294,0.08441941529163755,,RF,D3,
PD,0.787121168972647,0.4132348805630567,0.6562689364108724,0.4644531054642478,,RF,D3,
PD,0.8633499541571603,0.47118296846232055,0.6956363295573881,1.0852632872341537,,RF,D3,
PD,0.9395787393416737,0.5786914845454789,0.7310334772840485,0.8696693564822882,,RF,D3,
PD,1.0158075245261866,0.6037706455760053,0.7626813301413756,0.3088328202084103,,RF,D3,
PD,1.0920363097107,0.6257753859646674,0.7908342892959311,0.18797636350330293,,RF,D3,
PD,1.1682650948952134,0.632429065242524,0.8157658604511188,0.11274740768056457,,RF,D3,
PD,1.2444938800797263,0.6429645818050523,0.8377568214168755,0.10798943938980088,,RF,D3,
PD,1.3207226652642396,0.6488928727974063,0.8570859173602563,0.024401616362552225,,RF,D3,
PD,1.396951450448753,0.6466847929487641,0.8740229071519576,-0.021772529810154317,,RF,D3,
PD,1.473180235633266,0.645573485801763,0.8888236732988806,-0.014578576115455646,,RF,D3,
ALE,-1.3886475833828793,-0.6427800018433822,-0.8590412024563221,,,RF,D3,0.07048458149779736
ALE,-1.0777155213847869,-0.6246775796443199,-0.774805397150172,,,RF,D3,0.06901615271659324
ALE,-0.8355922058624707,-0.5629669807680738,-0.67020556461787,,,RF,D3,0.0631424375917768
ALE,-0.5443569374205037,-0.48866476955393146,-0.4857082236744671,,,RF,D3,0.10572687224669604
ALE,-0.29487653880143916,-0.3499976858130223,-0.2944469990455627,,,RF,D3,0.07342143906020558
ALE,-0.11828935724980298,-0.028621303542640142,-0.13347776108282228,,,RF,D3,0.07342143906020558
ALE,0.04892145955139239,0.19971425824356437,0.024407112130007125,,,RF,D3,0.0763582966226138
ALE,0.24216403382081675,0.26678648230419033,0.20150327116992028,,,RF,D3,0.12334801762114538
ALE,0.4585362160214683,0.3324994191744497,0.3849542103657986,,,RF,D3,0.06020558002936858
ALE,0.6603001529690671,0.3567724416329108,0.5261496448407481,,,RF,D3,0.09104258443465492
ALE,0.9149227469755488,0.46396734165734954,0.6623930393553508,,,RF,D3,0.08663729809104258
ALE,1.2657374274570943,0.5837538727817106,0.7829433731148947,,,RF,D3,0.10719530102790015
PD,-1.5759711717472626,-0.7567628631193953,-0.8482649496745194,0.12435954586071639,,GPR,D3,
PD,-1.4997423865627495,-0.7472830860123352,-0.8359700282818037,0.14472960801692558,,GPR,D3,
PD,-1.4235136013782361,-0.7346977387206732,-0.8218565882128408,0.18717761831879365,,GPR,D3,
PD,-1.347284816193723,-0.718746441095991,-0.8056922010172713,0.23230472073359465,,GPR,D3,
PD,-1.2710560310092098,-0.6992811254123742,-0.7872266402404072,0.2787033821366043,,GPR,D3,
PD,-1.1948272458246967,-0.6762560006018139,-0.7661945225940656,0.3252109722372607,,GPR,D3,
PD,-1.1185984606401833,-0.6497002507277325,-0.7423195569203203,0.37103255194563456,,GPR,D3,
PD,-1.0423696754556702,-0.6196892792043628,-0.7153207425403179,0.4156618698888104,,GPR,D3,
PD,-0.9661408902711569,-0.5863294519494382,-0.6849208275297803,0.45861612241960836,,GPR,D3,
PD,-0.8899121050866436,-0.5497697794482053,-0.6508572503936355,0.4992695898636943,,GPR,D3,
PD,-0.8136833199021305,-0.5102120233196791,-0.6128956274707983,0.5371548665576213,,GPR,D3,
PD,-0.7374545347176172,-0.4678764535809318,-0.5708455992273254,0.5723544889710914,,GPR,D3,
PD,-0.661225749533104,-0.4229522485413407,-0.5245785080982326,0.6053503566464644,,GPR,D3,
PD,-0.5849969643485908,-0.3755862089845881,-0.4740459642249928,0.6365438048651284,,GPR,D3,
PD,-0.5087681791640777,-0.32590632661814767,-0.41929790544776846,0.6659891981698529,,GPR,D3,
PD,-0.4325393939795643,-0.2740511139395962,-0.36049834717683366,0.6932837567588916,,GPR,D3,
PD,-0.35631060879505116,-0.22020996948637594,-0.29793674610581744,0.7174464609611213,,GPR,D3,
PD,-0.280081823610538,-0.16467096963160716,-0.2320328800275267,0.736987765006344,,GPR,D3,
PD,-0.20385303842602465,-0.10785060544180967,-0.16333346766205603,0.7504315788502527,,GPR,D3,
PD,-0.1276242532415115,-0.05026199439190509,-0.09249945691986372,0.7567400643445269,,GPR,D3,
PD,-0.05139546805699835,0.007520146169057509,-0.0202839504617325,0.7554134555504846,,GPR,D3,
PD,0.02483331712751502,0.06490650566539238,0.05249803273746098,0.7467065308793122,,GPR,D3,
PD,0.10106210231202817,0.12136120964560192,0.12500556880723385,0.731601414022941,,GPR,D3,
PD,0.17729088749654132,0.17644467972587402,0.19641032179654155,0.7113939778528274,,GPR,D3,
PD,0.2535196726810547,0.22981860708420104,0.265933825914035,0.6872873857261328,,GPR,D3,
PD,0.32974845786556783,0.2812268446989602,0.3328800615160486,0.6602830059882732,,GPR,D3,
PD,0.405977243050081,0.3304837499331304,0.39666057455663317,0.6313496426558682,,GPR,D3,
PD,0.48220602823459435,0.37748087727162694,0.45681050798910244,0.6014789791684181,,GPR,D3,
PD,0.5584348134191073,0.4221837737251896,0.5129951589380083,0.571381117752165,,GPR,D3,
PD,0.6346635986036206,0.46459225423886047,0.5650078033992125,0.5411858403537573,,GPR,D3,
PD,0.710892383788134,0.5046916520636434,0.6127603622049294,0.5104677109167919,,GPR,D3,
PD,0.787121168972647,0.5424169211970731,0.6562689364108724,0.47847838606487647,,GPR,D3,
PD,0.8633499541571603,0.5776393042771875,0.6956363295573881,0.44461009488790904,,GPR,D3,
PD,0.9395787393416737,0.6102010960252262,0.7310334772840485,0.40882235179073456,,GPR,D3,
PD,1.0158075245261866,0.6399673667437542,0.7626813301413756,0.3716675427596634,,GPR,D3,
PD,1.0920363097107,0.6668646265793906,0.7908342892959311,0.3339967758472966,,GPR,D3,
PD,1.1682650948952134,0.6908877037005214,0.8157658604511188,0.2966664314176173,,GPR,D3,
PD,1.2444938800797263,0.7120936699233699,0.8377568214168755,0.26046020476440646,,GPR,D3,
PD,1.3207226652642396,0.7305968336967219,0.8570859173602563,0.2260495584198754,,GPR,D3,
PD,1.396951450448753,0.7465566363830554,0.8740229071519576,0.19390731278338968,,GPR,D3,
PD,1.473180235633266,0.7601594714804644,0.8888236732988806,0.17844748626759743,,GPR,D3,
ALE,-1.3886475833828793,-0.752156104891493,-0.8590412024563221,,,GPR,D3,0.07048458149779736
ALE,-1.0777155213847869,-0.6702043445562733,-0.774805397150172,,,GPR,D3,0.06901615271659324
ALE,-0.8355922058624707,-0.5607605461717474,-0.67020556461787,,,GPR,D3,0.0631424375917768
ALE,-0.5443569374205037,-0.38891573687083886,-0.4857082236744671,,,GPR,D3,0.10572687224669604
ALE,-0.29487653880143916,-0.22256699424283488,-0.2944469990455627,,,GPR,D3,0.07342143906020558
ALE,-0.11828935724980298,-0.09216671950492306,-0.13347776108282228,,,GPR,D3,0.07342143906020558
ALE,0.04892145955139239,0.03149253875954128,0.024407112130007125,,,GPR,D3,0.0763582966226138
ALE,0.24216403382081675,0.16849505726523606,0.20150327116992028,,,GPR,D3,0.12334801762114538
ALE,0.4585362160214683,0.3126248556667045,0.3849542103657986,,,GPR,D3,0.06020558002936858
ALE,0.6603001529690671,0.42557568102773813,0.5261496448407481,,,GPR,D3,0.09104258443465492
ALE,0.9149227469755488,0.5451430231788684,0.6623930393553508,,,GPR,D3,0.08663729809104258
ALE,1.2657374274570943,0.6615955199592612,0.7829433731148947,,,GPR,D3,0.10719530102790015
PD,-1.5759711717472626,-0.6065437088388673,-0.8482649496745194,-0.016204368417776012,,MERF,D3,
PD,-1.4997423865627495,-0.6077789481580367,-0.8359700282818037,-0.0006944612867099131,,MERF,D3,
PD,-1.4235136013782361,-0.6066495847193545,-0.8218565882128408,-0.013922610576851291,,MERF,D3,
PD,-1.347284816193723,-0.6099015555397775,-0.8056922010172713,0.0070645836292944075,,MERF,D3,
PD,-1.2710560310092098,-0.6055725354635635,-0.7872266402404072,0.19515989305234616,,MERF,D3,
PD,-1.1948272458246967,-0.5801479524115378,-0.7661945225940656,0.29916398404748534,,MERF,D3,
PD,-1.1185984606401833,-0.5599627213137657,-0.7423195569203203,0.19520548798277293,,MERF,D3,
PD,-1.0423696754556702,-0.550387397990984,-0.7153207425403179,0.0981778549540504,,MERF,D3,
PD,-0.9661408902711569,-0.5449947640834285,-0.6849208275297803,0.28721523238912594,,MERF,D3,
PD,-0.8899121050866436,-0.5065992614879625,-0.6508572503936355,0.47207182635956135,,MERF,D3,
PD,-0.8136833199021305,-0.47302384039698087,-0.6128956274707983,0.2625477714008735,,MERF,D3,
PD,-0.7374545347176172,-0.46657186615438284,-0.5708455992273254,0.11700125648355542,,MERF,D3,
PD,-0.661225749533104,-0.45518611310337465,-0.5245785080982326,0.12970270045931231,,MERF,D3,
PD,-0.5849969643485908,-0.4467977075720545,-0.4740459642249928,0.08610909051135351,,MERF,D3,
PD,-0.5087681791640777,-0.4420581303773271,-0.41929790544776846,0.15804149614704865,,MERF,D3,
PD,-0.4325393939795643,-0.4227030850519896,-0.36049834717683366,-0.012068463717503253,,MERF,D3,
PD,-0.35631060879505116,-0.4438980590337842,-0.29793674610581744,1.0312121876343172,,MERF,D3,
PD,-0.280081823610538,-0.26548698039033314,-0.2320328800275267,1.4070276321519997,,MERF,D3,
PD,-0.20385303842602465,-0.2293860447938064,-0.16333346766205603,0.6860201139068562,,MERF,D3,
PD,-0.1276242532415115,-0.16089802059981112,-0.09249945691986372,3.3222185851707633,,MERF,D3,
PD,-0.05139546805699835,0.2771113289361522,-0.0202839504617325,3.0281372385981866,,MERF,D3,
PD,0.02483331712751502,0.3007644255408404,0.05249803273746098,0.1925569101361282,,MERF,D3,
PD,0.10106210231202817,0.3064680876132734,0.12500556880723385,0.03070785223797623,,MERF,D3,
PD,0.17729088749654132,0.30544607008429325,0.19641032179654155,-0.037518289861936394,,MERF,D3,
PD,0.2535196726810547,0.30074814029652164,0.265933825914035,0.12654395794393558,,MERF,D3,
PD,0.32974845786556783,0.3247386544573059,0.3328800615160486,0.519716750594367,,MERF,D3,
PD,0.405977243050081,0.379982893372224,0.39666057455663317,0.42044447055498724,,MERF,D3,
PD,0.48220602823459435,0.38883859691321077,0.45681050798910244,0.11405879691061482,,MERF,D3,
PD,0.5584348134191073,0.39737202042843056,0.5129951589380083,0.0981284783652101,,MERF,D3,
PD,0.6346635986036206,0.4037990263087803,0.5650078033992125,0.02234265840937022,,MERF,D3,
PD,0.710892383788134,0.40077832784510825,0.6127603622049294,0.040089991419241855,,MERF,D3,
PD,0.787121168972647,0.40991104899667297,0.6562689364108724,0.41901139976542634,,MERF,D3,
PD,0.8633499541571603,0.4646597878102702,0.6956363295573881,1.0710232612891524,,MERF,D3,
PD,0.9395787393416737,0.5731966532215285,0.7310334772840485,0.8507332505732585,,MERF,D3,
PD,1.0158075245261866,0.5943605122248138,0.7626813301413756,0.255690713018506,,MERF,D3,
PD,1.0920363097107,0.6121786380942539,0.7908342892959311,0.18967158700159237,,MERF,D3,
PD,1.1682650948952134,0.623277381547114,0.8157658604511188,0.1218532524876288,,MERF,D3,
PD,1.2444938800797263,0.6307560889100814,0.8377568214168755,0.050471852087778046,,MERF,D3,
PD,1.3207226652642396,0.6309721974884415,0.8570859173602563,-0.005960132893781278,,MERF,D3,
PD,1.396951450448753,0.6298474215300189,0.8740229071519576,-0.010699512150870838,,MERF,D3,
PD,1.473180235633266,0.6293409758617858,0.8888236732988806,-0.006643758876745085,,MERF,D3,
ALE,-1.3886475833828793,-0.6447647873435177,-0.8590412024563221,,,MERF,D3,0.07048458149779736
ALE,-1.0777155213847869,-0.6131967148551833,-0.774805397150172,,,MERF,D3,0.06901615271659324
ALE,-0.8355922058624707,-0.5526715555046998,-0.67020556461787,,,MERF,D3,0.0631424375917768
ALE,-0.5443569374205037,-0.5001396545877302,-0.4857082236744671,,,MERF,D3,0.10572687224669604
ALE,-0.29487653880143916,-0.3885305499479492,-0.2944469990455627,,,MERF,D3,0.07342143906020558
ALE,-0.11828935724980298,-0.022523321178432698,-0.13347776108282228,,,MERF,D3,0.07342143906020558
ALE,0.04892145955139239,0.24811500071904913,0.024407112130007125,,,MERF,D3,0.0763582966226138
ALE,0.24216403382081675,0.28478466142559966,0.20150327116992028,,,MERF,D3,0.12334801762114538
ALE,0.4585362160214683,0.32978586693460077,0.3849542103657986,,,MERF,D3,0.06020558002936858
ALE,0.6603001529690671,0.3508554172388556,0.5261496448407481,,,MERF,D3,0.09104258443465492
ALE,0.9149227469755488,0.453105038678832,0.6623930393553508,,,MERF,D3,0.08663729809104258
ALE,1.2657374274570943,0.5652772009822,0.7829433731148947,,,MERF,D3,0.10719530102790015
PD,-1.7909986872516646,-2.7755575615628914e-17,-0.1517248698901328,0.0,,Mean,D4,
PD,-1.7082605235878459,-2.7755575615628914e-17,-0.1517248698901328,0.0,,Mean,D4,
PD,-1.6255223599240272,-2.7755575615628914e-17,-0.1517248698901328,0.0,,Mean,D4,
PD,-1.5427841962602085,-2.7755575615628914e-17,-0.1517248698901328,0.0,,Mean,D4,
PD,-1.4600460325963898,-2.7755575615628914e-17,-0.1517248698901328,-2.465190328815662e-32,,Mean,D4,
PD,-1.3773078689325713,-2.7755575615628914e-17,-0.1517248698901328,2.465190328815662e-32,,Mean,D4,
PD,-1.2945697052687526,-2.7755575615628914e-17,-0.1517248698901328,0.0,,Mean,D4,
PD,-1.211831541604934,-2.7755575615628914e-17,-0.1517248698901328,0.0,,Mean,D4,
PD,-1.1290933779411152,-2.7755575615628914e-17,-0.1517248698901328,0.0,,Mean,D4,
PD,-1.0463552142772965,-2.7755575615628914e-17,-0.1517248698901328,0.0,,Mean,D4,
PD,-0.9636170506134778,-2.7755575615628914e-17,-0.1517248698901328,-2.465190328815662e-32,,Mean,D4,
PD,-0.8808788869496592,-2.7755575615628914e-17,-0.1517248698901328,2.465190328815662e-32,,Mean,D4,
PD,-0.7981407232858405,-2.7755575615628914e-17,-0.1517248698901328,-2.465190328815662e-32,,Mean,D4,
PD,-0.7154025596220219,-2.7755575615628914e-17,-0.1517248698901328,2.465190328815662e-32,,Mean,D4,
PD,-0.6326643959582032,-2.7755575615628914e-17,-0.1517248698901328,0.0,,Mean,D4,
PD,-0.5499262322943845,-2.7755575615628914e-17,-0.1517248698901328,0.0,,Mean,D4,
PD,-0.46718806863056583,-2.7755575615628914e-17,-0.1517248698901328,0.0,,Mean,D4,
PD,-0.38444990496674714,-2.7755575615628914e-17,-0.1517248698901328,0.0,,Mean,D4,
PD,-0.30171174130292844,-2.7755575615628914e-17,-0.1517248698901328,0.0,,Mean,D4,
PD,-0.21897357763910974,-2.7755575615628914e-17,-0.1517248698901328,0.0,,Mean,D4,
PD,-0.13623541397529104,-2.7755575615628914e-17,-0.1517248698901328,-2.465190328815662e-32,,Mean,D4,
PD,-0.053497250311472566,-2.7755575615628914e-17,-0.1517248698901328,2.465190328815662e-32,,Mean,D4,
PD,0.029240913352346132,-2.7755575615628914e-17,-0.1517248698901328,0.0,,Mean,D4,
PD,0.11197907701616483,-2.7755575615628914e-17,-0.1517248698901328,0.0,,Mean,D4,
PD,0.19471724067998353,-2.7755575615628914e-17,-0.1517248698901328,0.0,,Mean,D4,
PD,0.2774554043438022,-2.7755575615628914e-17,-0.13525162728385148,-2.465190328815662e-32,,Mean,D4,
PD,0.3601935680076207,-2.7755575615628914e-17,-0.0856087290855604,-2.465190328815662e-32,,Mean,D4,
PD,0.4429317316714396,-2.7755575615628914e-17,-0.03596583088726904,2.465190328815662e-32,,Mean,D4,
PD,0.5256698953352581,-2.7755575615628914e-17,0.013677067311022029,-2.465190328815662e-32,,Mean,D4,
PD,0.608408058999077,-2.7755575615628914e-17,0.06331996550931343,2.465190328815662e-32,,Mean,D4,
PD,0.6911462226628955,-2.7755575615628914e-17,0.11296286370760447,-2.465190328815662e-32,,Mean,D4,
PD,0.7738843863267144,-2.7755575615628914e-17,0.16260576190589585,2.465190328815662e-32,,Mean,D4,
PD,0.8566225499905329,-2.7755575615628914e-17,0.2122486601041869,0.0,,Mean,D4,
PD,0.9393607136543514,-2.7755575615628914e-17,0.261891558302478,-2.465190328815662e-32,,Mean,D4,
PD,1.0220988773181703,-2.7755575615628914e-17,0.3115344565007694,2.465190328815662e-32,,Mean,D4,
PD,1.1048370409819888,-2.7755575615628914e-17,0.3611773546990603,-2.465190328815662e-32,,Mean,D4,
PD,1.1875752046458077,-2.7755575615628914e-17,0.4108202528973518,2.465190328815662e-32,,Mean,D4,
PD,1.2703133683096262,-2.7755575615628914e-17,0.46046315109564284,-2.465190328815662e-32,,Mean,D4,
PD,1.353051531973445,-2.7755575615628914e-17,0.5101060492939341,2.465190328815662e-32,,Mean,D4,
PD,1.4357896956372636,-2.7755575615628914e-17,0.5597489474922254,-2.465190328815662e-32,,Mean,D4,
PD,1.5185278593010825,-2.7755575615628914e-17,0.6093918456905166,0.0,,Mean,D4,
ALE,-1.3746938133197424,0.0,-0.12894070176086064,,,Mean,D4,0.15994236311239193
ALE,-0.8869548019092708,0.0,-0.12894070176086064,,,Mean,D4,0.056195965417867436
ALE,-0.7058420541692171,0.0,-0.12894070176086064,,,Mean,D4,0.069164265129683
ALE,-0.4869726741646881,0.0,-0.12894070176086064,,,Mean,D4,0.06484149855907781
ALE,-0.28713942382022306,0.0,-0.12894070176086064,,,Mean,D4,0.08069164265129683
ALE,-0.11903442018012397,0.0,-0.12894070176086064,,,Mean,D4,0.06195965417867435
ALE,0.04919044485322513,0.0,-0.12894070176086064,,,Mean,D4,0.07060518731988473
ALE,0.26533529467903033,0.0,-0.08672536100781719,,,Mean,D4,0.09654178674351585
ALE,0.5086075471138846,0.0,0.02622382650747007,,,Mean,D4,0.08645533141210375
ALE,0.7451471715906063,0.0,0.16814760119350308,,,Mean,D4,0.10086455331412104
ALE,1.0063575293643774,0.0,0.3248738158577657,,,Mean,D4,0.09077809798270893
ALE,1.3337229332831244,0.0,0.5212930582090141,,,Mean,D4,0.06195965417867435
PD,-1.7909986872516646,-0.488589204621043,-0.1517248698901328,0.2952622967354443,,LMM,D4,
PD,-1.7082605235878459,-0.4641597443899908,-0.1517248698901328,0.29526229673544435,,LMM,D4,
PD,-1.6255223599240272,-0.4397302841589386,-0.1517248698901328,0.2952622967354439,,LMM,D4,
PD,-1.5427841962602085,-0.41530082392788653,-0.1517248698901328,0.2952622967354439,,LMM,D4,
PD,-1.4600460325963898,-0.39087136369683434,-0.1517248698901328,0.2952622967354439,,LMM,D4,
PD,-1.3773078689325713,-0.36644190346578226,-0.1517248698901328,0.2952622967354439,,LMM,D4,
PD,-1.2945697052687526,-0.3420124432347301,-0.1517248698901328,0.29526229673544413,,LMM,D4,
PD,-1.211831541604934,-0.31758298300367793,-0.1517248698901328,0.29526229673544413,,LMM,D4,
PD,-1.1290933779411152,-0.2931535227726258,-0.1517248698901328,0.29526229673544346,,LMM,D4,
PD,-1.0463552142772965,-0.26872406254157366,-0.1517248698901328,0.2952622967354439,,LMM,D4,
PD,-0.9636170506134778,-0.24429460231052147,-0.1517248698901328,0.2952622967354439,,LMM,D4,
PD,-0.8808788869496592,-0.21986514207946936,-0.1517248698901328,0.2952622967354437,,LMM,D4,
PD,-0.7981407232858405,-0.19543568184841723,-0.1517248698901328,0.2952622967354437,,LMM,D4,
PD,-0.7154025596220219,-0.1710062216173651,-0.1517248698901328,0.29526229673544446,,LMM,D4,
PD,-0.6326643959582032,-0.1465767613863129,-0.1517248698901328,0.2952622967354439,,LMM,D4,
PD,-0.5499262322943845,-0.12214730115526076,-0.1517248698901328,0.2952622967354438,,LMM,D4,
PD,-0.46718806863056583,-0.0977178409242086,-0.1517248698901328,0.29526229673544374,,LMM,D4,
PD,-0.38444990496674714,-0.07328838069315646,-0.1517248698901328,0.29526229673544363,,LMM,D4,
PD,-0.30171174130292844,-0.04885892046210433,-0.1517248698901328,0.295262296735444,,LMM,D4,
PD,-0.21897357763910974,-0.024429460231052136,-0.1517248698901328,0.29526229673544396,,LMM,D4,
PD,-0.13623541397529104,0.0,-0.1517248698901328,0.295262296735444,,LMM,D4,
PD,-0.053497250311472566,0.024429460231052136,-0.1517248698901328,0.29526229673544396,,LMM,D4,
PD,0.029240913352346132,0.04885892046210427,-0.1517248698901328,0.2952622967354436,,LMM,D4,
PD,0.11197907701616483,0.07328838069315641,-0.1517248698901328,0.29526229673544396,,LMM,D4,
PD,0.19471724067998353,0.0977178409242086,-0.1517248698901328,0.2952622967354437,,LMM,D4,
PD,0.2774554043438022,0.12214730115526068,-0.13525162728385148,0.2952622967354438,,LMM,D4,
PD,0.3601935680076207,0.14657676138631281,-0.0856087290855604,0.29526229673544446,,LMM,D4,
PD,0.4429317316714396,0.17100622161736506,-0.03596583088726904,0.2952622967354439,,LMM,D4,
PD,0.5256698953352581,0.19543568184841714,0.013677067311022029,0.2952622967354439,,LMM,D4,
PD,0.608408058999077,0.21986514207946933,0.06331996550931343,0.2952622967354439,,LMM,D4,
PD,0.6911462226628955,0.24429460231052147,0.11296286370760447,0.29526229673544435,,LMM,D4,
PD,0.7738843863267144,0.2687240625415737,0.16260576190589585,0.29526229673544324,,LMM,D4,
PD,0.8566225499905329,0.29315352277262574,0.2122486601041869,0.2952622967354437,,LMM,D4,
PD,0.9393607136543514,0.3175829830036779,0.261891558302478,0.29526229673544413,,LMM,D4,
PD,1.0220988773181703,0.34201244323473007,0.3115344565007694,0.2952622967354439,,LMM,D4,
PD,1.1048370409819888,0.36644190346578226,0.3611773546990603,0.2952622967354439,,LMM,D4,
PD,1.1875752046458077,0.39087136369683434,0.4108202528973518,0.295262296735443,,LMM,D4,
PD,1.2703133683096262,0.4153008239278864,0.46046315109564284,0.2952622967354448,,LMM,D4,
PD,1.353051531973445,0.4397302841589387,0.5101060492939341,0.2952622967354439,,LMM,D4,
PD,1.4357896956372636,0.4641597443899908,0.5597489474922254,0.2952622967354439,,LMM,D4,
PD,1.5185278593010825,0.488589204621043,0.6093918456905166,0.2952622967354435,,LMM,D4,
ALE,-1.3746938133197424,-0.38863918570672834,-0.12894070176086064,,,LMM,D4,0.15994236311239193
ALE,-0.8869548019092708,-0.24462824499019775,-0.12894070176086064,,,LMM,D4,0.056195965417867436
ALE,-0.7058420541692171,-0.19115247912440236,-0.12894070176086064,,,LMM,D4,0.069164265129683
ALE,-0.4869726741646881,-0.1265286032992025,-0.12894070176086064,,,LMM,D4,0.06484149855907781
ALE,-0.28713942382022306,-0.06752537883838683,-0.12894070176086064,,,LMM,D4,0.08069164265129683
ALE,-0.11903442018012397,-0.017890309370891033,-0.12894070176086064,,,LMM,D4,0.06195965417867435
ALE,0.04919044485322513,0.03178015064686568,-0.12894070176086064,,,LMM,D4,0.07060518731988473
ALE,0.26533529467903033,0.09559957543397046,-0.08672536100781719,,,LMM,D4,0.09654178674351585
ALE,0.5086075471138846,0.16742869941989025,0.02622382650747007,,,LMM,D4,0.08645533141210375
ALE,0.7451471715906063,0.23726993221182646,0.16814760119350308,,,LMM,D4,0.10086455331412104
ALE,1.0063575293643774,0.3143955023791972,0.3248738158577657,,,LMM,D4,0.09077809798270893
ALE,1.3337229332831244,0.4110541634119729,0.5212930582090141,,,LMM,D4,0.06195965417867435
PD,-1.7909986872516646,-0.041719904990548756,-0.1517248698901328,-0.11743999706285801,,GAM,D4,
PD,-1.7082605235878459,-0.05143667468821389,-0.1517248698901328,-0.11981982311743827,,GAM,D4,
PD,-1.6255223599240272,-0.06154724926106958,-0.1517248698901328,-0.1241314532884033,,GAM,D4,
PD,-1.5427841962602085,-0.07197749168422105,-0.1517248698901328,-0.12693632368241614,,GAM,D4,
PD,-1.4600460325963898,-0.08255220590850801,-0.1517248698901328,-0.12752788245422841,,GAM,D4,
PD,-1.3773078689325713,-0.09308033730461737,-0.1517248698901328,-0.12581029365915358,,GAM,D4,
PD,-1.2945697052687526,-0.10337083124323629,-0.1517248698901328,-0.12178355729719281,,GAM,D4,
PD,-1.211831541604934,-0.11323263309505172,-0.1517248698901328,-0.11544767336834516,,GAM,D4,
PD,-1.1290933779411152,-0.12247468823075075,-0.1517248698901328,-0.10680493463311447,,GAM,D4,
PD,-1.0463552142772965,-0.1309063214186079,-0.1517248698901328,-0.09586708053944115,,GAM,D4,
PD,-0.9636170506134778,-0.1383384206300403,-0.1517248698901328,-0.08264599041660325,,GAM,D4,
PD,-0.8808788869496592,-0.1445822763811025,-0.1517248698901328,-0.0671440969087127,,GAM,D4,
PD,-0.7981407232858405,-0.14944917918822503,-0.1517248698901328,-0.0493614000180419,,GAM,D4,
PD,-0.7154025596220219,-0.1527504195678384,-0.1517248698901328,-0.029297899744589073,,GAM,D4,
PD,-0.6326643959582032,-0.154297288036373,-0.1517248698901328,-0.0069535960883558845,,GAM,D4,
PD,-0.5499262322943845,-0.15390107511025936,-0.1517248698901328,0.017671510950657887,,GAM,D4,
PD,-0.46718806863056583,-0.151373071305928,-0.1517248698901328,0.04457742137245291,,GAM,D4,
PD,-0.38444990496674714,-0.14652456713980933,-0.1517248698901328,0.07371475818153439,,GAM,D4,
PD,-0.30171174130292844,-0.1391750238522028,-0.1517248698901328,0.10454859334993083,,GAM,D4,
PD,-0.21897357763910974,-0.12922424988499212,-0.1517248698901328,0.1357763307948785,,GAM,D4,
PD,-0.13623541397529104,-0.11670725529424389,-0.1517248698901328,0.16612862666496053,,GAM,D4,
PD,-0.053497250311472566,-0.10173389488049026,-0.1517248698901328,0.19514134690486085,,GAM,D4,
PD,0.029240913352346132,-0.08441598189865915,-0.1517248698901328,0.22277188347066323,,GAM,D4,
PD,0.11197907701616483,-0.0648704217719045,-0.1517248698901328,0.2484214896003395,,GAM,D4,
PD,0.19471724067998353,-0.04330810617033409,-0.1517248698901328,0.27102248745329055,,GAM,D4,
PD,0.2774554043438022,-0.02002261592493329,-0.13525162728385148,0.29005812462388975,,GAM,D4,
PD,0.3601935680076207,0.004689647003969261,-0.0856087290855604,0.3055113525748093,,GAM,D4,
PD,0.4429317316714396,0.030532280656045102,-0.03596583088726904,0.3173821713060496,,GAM,D4,
PD,0.5256698953352581,0.057208883070965416,0.013677067311022029,0.3256705808176097,,GAM,D4,
PD,0.608408058999077,0.08442305228840166,0.06331996550931343,0.33037658110948964,,GAM,D4,
PD,0.6911462226628955,0.11187838634802508,0.11296286370760447,0.3315001721816905,,GAM,D4,
PD,0.7738843863267144,0.13927848328950723,0.16260576190589585,0.32904135403421053,,GAM,D4,
PD,0.8566225499905329,0.16632694115251914,0.2122486601041869,0.3230001266670517,,GAM,D4,
PD,0.9393607136543514,0.1927273579767325,0.261891558302478,0.3133769805967648,,GAM,D4,
PD,1.0220988773181703,0.21818341297069602,0.3115344565007694,0.3001757063228898,,GAM,D4,
PD,1.1048370409819888,0.24239933141202383,0.3611773546990603,0.2834944082752924,,GAM,D4,
PD,1.1875752046458077,0.26509502647001315,0.4108202528973518,0.2636817808021692,,GAM,D4,
PD,1.2703133683096262,0.28603242408237795,0.46046315109564284,0.24134082282249647,,GAM,D4,
PD,1.353051531973445,0.30503121946490985,0.5101060492939341,0.2177105316451744,,GAM,D4,
PD,1.4357896956372636,0.3220583632795688,0.5597489474922254,0.1938413575495188,,GAM,D4,
PD,1.5185278593010825,0.33710737539640756,0.6093918456905166,0.18188719026912134,,GAM,D4,
ALE,-1.3746938133197424,-0.07703553372817927,-0.12894070176086064,,,GAM,D4,0.15994236311239193
ALE,-0.8869548019092708,-0.1304507929027473,-0.12894070176086064,,,GAM,D4,0.056195965417867436
ALE,-0.7058420541692171,-0.1382523329875651,-0.12894070176086064,,,GAM,D4,0.069164265129683
ALE,-0.4869726741646881,-0.13699066004310823,-0.12894070176086064,,,GAM,D4,0.06484149855907781
ALE,-0.28713942382022306,-0.12284069852861895,-0.12894070176086064,,,GAM,D4,0.08069164265129683
ALE,-0.11903442018012397,-0.0995170506680156,-0.12894070176086064,,,GAM,D4,0.06195965417867435
ALE,0.04919044485322513,-0.06537611947354244,-0.12894070176086064,,,GAM,D4,0.07060518731988473
ALE,0.26533529467903033,-0.008632320161178163,-0.08672536100781719,,,GAM,D4,0.09654178674351585
ALE,0.5086075471138846,0.06547106198175813,0.02622382650747007,,,GAM,D4,0.08645533141210375
ALE,0.7451471715906063,0.14274021409346632,0.16814760119350308,,,GAM,D4,0.10086455331412104
ALE,1.0063575293643774,0.22488046020081576,0.3248738158577657,,,GAM,D4,0.09077809798270893
ALE,1.3337229332831244,0.30911108733972936,0.5212930582090141,,,GAM,D4,0.06195965417867435
PD,-1.7909986872516646,-0.14464716328040467,-0.1517248698901328,0.03549601351550973,,RF,D4,
PD,-1.7082605235878459,-0.1417102883047453,-0.1517248698901328,0.019348684957544826,,RF,D4,
PD,-1.6255223599240272,-0.14144541395501065,-0.1517248698901328,-0.014244476592294997,,RF,D4,
PD,-1.5427841962602085,-0.14406741197594278,-0.1517248698901328,-0.021274900567427757,,RF,D4,
PD,-1.4600460325963898,-0.14496590636516926,-0.1517248698901328,-0.06880885327204089,,RF,D4,
PD,-1.3773078689325713,-0.1554536483030263,-0.1517248698901328,-0.07454974695804195,,RF,D4,
PD,-1.2945697052687526,-0.15730212469499075,-0.1517248698901328,-0.050438762922616176,,RF,D4,
PD,-1.211831541604934,-0.16380006954641024,-0.1517248698901328,-0.07253557643594755,,RF,D4,
PD,-1.1290933779411152,-0.16930504548420447,-0.1517248698901328,-0.05151502953146492,,RF,D4,
PD,-1.0463552142772965,-0.17232458743545181,-0.1517248698901328,0.006873594790315574,,RF,D4,
PD,-0.9636170506134778,-0.16816762826276466,-0.1517248698901328,0.049004997508773296,,RF,D4,
PD,-0.8808788869496592,-0.16421542042699996,-0.1517248698901328,0.10070448461333914,,RF,D4,
PD,-0.7981407232858405,-0.15150342000352673,-0.1517248698901328,0.11717407372427868,,RF,D4,
PD,-0.7154025596220219,-0.1448258850490885,-0.1517248698901328,0.05184915537349799,,RF,D4,
PD,-0.6326643959582032,-0.14292361219728028,-0.1517248698901328,-0.006644686122365018,,RF,D4,
PD,-0.5499262322943845,-0.14592542330486238,-0.1517248698901328,-0.0731697419456474,,RF,D4,
PD,-0.46718806863056583,-0.155031472365957,-0.1517248698901328,-0.050776792517592706,,RF,D4,
PD,-0.38444990496674714,-0.15432778044415107,-0.1517248698901328,-0.03466723593875953,,RF,D4,
PD,-0.30171174130292844,-0.1607680792477036,-0.1517248698901328,0.010234860612301055,,RF,D4,
PD,-0.21897357763910974,-0.1526341532993172,-0.1517248698901328,0.09001630477922418,,RF,D4,
PD,-0.13623541397529104,-0.14587251173323232,-0.1517248698901328,0.07079486940905289,,RF,D4,
PD,-0.053497250311472566,-0.14091927831586742,-0.1517248698901328,0.06185540457846561,,RF,D4,
PD,0.029240913352346132,-0.13563690655822275,-0.1517248698901328,0.08514956504473448,,RF,D4,
PD,0.11197907701616483,-0.126829041018719,-0.1517248698901328,0.13813098806938107,,RF,D4,
PD,0.19471724067998353,-0.11277949796236386,-0.1517248698901328,0.21458119151559907,,RF,D4,
PD,0.2774554043438022,-0.09132093353312927,-0.13525162728385148,0.18889564203102754,,RF,D4,
PD,0.3601935680076207,-0.08152174087087333,-0.0856087290855604,0.04926120778349852,,RF,D4,
PD,0.4429317316714396,-0.08316936978939235,-0.03596583088726904,0.14424238929120953,,RF,D4,
PD,0.5256698953352581,-0.0576530400460008,0.013677067311022029,0.2188728027388705,,RF,D4,
PD,0.608408058999077,-0.04695110224025767,0.06331996550931343,0.3994869780907274,,RF,D4,
PD,0.6911462226628955,0.008452597903668868,0.11296286370760447,0.7888868749693223,,RF,D4,
PD,0.7738843863267144,0.08359100050664298,0.16260576190589585,1.0703017896606575,,RF,D4,
PD,0.8566225499905329,0.1855622071889118,0.2122486601041869,0.7024720310228866,,RF,D4,
PD,0.9393607136543514,0.19983349225069608,0.261891558302478,0.8978591762632122,,RF,D4,
PD,1.0220988773181703,0.3341366461343666,0.3115344565007694,1.273541207992945,,RF,D4,
PD,1.1048370409819888,0.41057441404977174,0.3611773546990603,1.1349421976270686,,RF,D4,
PD,1.1875752046458077,0.5219427127268517,0.4108202528973518,0.8511646193341833,,RF,D4,
PD,1.2703133683096262,0.5514220092084194,0.46046315109564284,0.2702142050944225,,RF,D4,
PD,1.353051531973445,0.5666567669776335,0.5101060492939341,0.29479847740664855,,RF,D4,
PD,1.4357896956372636,0.6002041785514511,0.5597489474922254,0.41676755009477384,,RF,D4,
PD,1.5185278593010825,0.6356219305166537,0.6093918456905166,0.428070317213127,,RF,D4,
ALE,-1.3746938133197424,-0.12622374698812772,-0.12894070176086064,,,RF,D4,0.15994236311239193
ALE,-0.8869548019092708,-0.1346918078987065,-0.12894070176086064,,,RF,D4,0.056195965417867436
ALE,-0.7058420541692171,-0.12695229580940773,-0.12894070176086064,,,RF,D4,0.069164265129683
ALE,-0.4869726741646881,-0.12571342842274313,-0.12894070176086064,,,RF,D4,0.06484149855907781
ALE,-0.28713942382022306,-0.128270655584232,-0.12894070176086064,,,RF,D4,0.08069164265129683
ALE,-0.11903442018012397,-0.11802061971885335,-0.12894070176086064,,,RF,D4,0.06195965417867435
ALE,0.04919044485322513,-0.09627108704686922,-0.12894070176086064,,,RF,D4,0.07060518731988473
ALE,0.26533529467903033,-0.06897781601586797,-0.08672536100781719,,,RF,D4,0.09654178674351585
ALE,0.5086075471138846,-0.03248576265923804,0.02622382650747007,,,RF,D4,0.08645533141210375
ALE,0.7451471715906063,0.11070007470277513,0.16814760119350308,,,RF,D4,0.10086455331412104
ALE,1.0063575293643774,0.3513578806856654,0.3248738158577657,,,RF,D4,0.09077809798270893
ALE,1.3337229332831244,0.5738619825059829,0.5212930582090141,,,RF,D4,0.06195965417867435
PD,-1.7909986872516646,-0.15433246545918808,-0.1517248698901328,0.03685352782568961,,GPR,D4,
PD,-1.7082605235878459,-0.15128327224235708,-0.1517248698901328,0.034878561818826426,,GPR,D4,
PD,-1.6255223599240272,-0.1485608891469387,-0.1517248698901328,0.030503986384189385,,GPR,D4,
PD,-1.5427841962602085,-0.14623558460664915,-0.1517248698901328,0.025552502857548065,,GPR,D4,
PD,-1.4600460325963898,-0.1443325548200427,-0.1517248698901328,0.020583191668053447,,GPR,D4,
PD,-1.3773078689325713,-0.14282955364473882,-0.1517248698901328,0.01614741395585284,,GPR,D4,
PD,-1.2945697052687526,-0.14166054006278916,-0.1517248698901328,0.012732799587072186,,GPR,D4,
PD,-1.211831541604934,-0.14072257673247124,-0.1517248698901328,0.010724247484619087,,GPR,D4,
PD,-1.1290933779411152,-0.13988593097568175,-0.1517248698901328,0.010348724679236754,,GPR,D4,
PD,-1.0463552142772965,-0.13901010778002626,-0.1517248698901328,0.011666019781791603,,GPR,D4,
PD,-0.9636170506134778,-0.1379554808676593,-0.1517248698901328,0.014570409735351175,,GPR,D4,
PD,-0.8808788869496592,-0.13659904988936147,-0.1517248698901328,0.018813274249388057,,GPR,D4,
PD,-0.7981407232858405,-0.13484232933986295,-0.1517248698901328,0.024191143978216312,,GPR,D4,
PD,-0.7154025596220219,-0.13259598822999213,-0.1517248698901328,0.030693219452292864,,GPR,D4,
PD,-0.6326643959582032,-0.12976332811103636,-0.1517248698901328,0.03845434712483964,,GPR,D4,
PD,-0.5499262322943845,-0.1262327040979916,-0.1517248698901328,0.0476690790876555,,GPR,D4,
PD,-0.46718806863056583,-0.12187522397652042,-0.1517248698901328,0.058556170250174566,,GPR,D4,
PD,-0.38444990496674714,-0.11654304410262083,-0.1517248698901328,0.07130633160653532,,GPR,D4,
PD,-0.30171174130292844,-0.11007571410706433,-0.1517248698901328,0.08598336904217707,,GPR,D4,
PD,-0.21897357763910974,-0.10231483198226449,-0.1517248698901328,0.10252860099008831,,GPR,D4,
PD,-0.13623541397529104,-0.09310965776918376,-0.1517248698901328,0.12088162976441075,,GPR,D4,
PD,-0.053497250311472566,-0.08231178384747058,-0.1517248698901328,0.14100734795531772,,GPR,D4,
PD,0.029240913352346132,-0.06977627970332759,-0.1517248698901328,0.16278320707528587,,GPR,D4,
PD,0.11197907701616483,-0.05537501659003799,-0.1517248698901328,0.1859579684840523,,GPR,D4,
PD,0.19471724067998353,-0.03900463804127807,-0.1517248698901328,0.21021973710684072,,GPR,D4,
PD,0.2774554043438022,-0.020588626561816536,-0.13525162728385148,0.23525631085714574,,GPR,D4,
PD,0.3601935680076207,-7.52877399886609e-05,-0.0856087290855604,0.26074335126463244,,GPR,D4,
PD,0.4429317316714396,0.022558225580554925,-0.03596583088726904,0.286260154398835,,GPR,D4,
PD,0.5256698953352581,0.047293991270172975,0.013677067311022029,0.31118740561331626,,GPR,D4,
PD,0.608408058999077,0.07405237457206232,0.06331996550931343,0.3347530237698266,,GPR,D4,
PD,0.6911462226628955,0.10268769220542517,0.11296286370760447,0.35617334798714056,,GPR,D4,
PD,0.7738843863267144,0.1329906320889629,0.16260576190589585,0.3747325435374461,,GPR,D4,
PD,0.8566225499905329,0.16469705724014577,0.2122486601041869,0.3897840942439068,,GPR,D4,
PD,0.9393607136543514,0.1974906724551741,0.261891558302478,0.4007571407523296,,GPR,D4,
PD,1.0220988773181703,0.23101287704216628,0.3115344565007694,0.4072730484782383,,GPR,D4,
PD,1.1048370409819888,0.2648847207368838,0.3611773546990603,0.40924261511072224,,GPR,D4,
PD,1.1875752046458077,0.29873284197664646,0.4108202528973518,0.40686083065782697,,GPR,D4,
PD,1.2703133683096262,0.33221055672761285,0.46046315109564284,0.4004921446252827,,GPR,D4,
PD,1.353051531973445,0.3650048111928072,0.5101060492939341,0.3905259549701645,,GPR,D4,
PD,1.4357896956372636,0.396833357482194,0.5597489474922254,0.3773218784407715,,GPR,D4,
PD,1.5185278593010825,0.42744264985755126,0.6093918456905166,0.36995373138481413,,GPR,D4,
ALE,-1.3746938133197424,-0.1307986156578839,-0.12894070176086064,,,GPR,D4,0.15994236311239193
ALE,-0.8869548019092708,-0.13068269097763138,-0.12894070176086064,,,GPR,D4,0.056195965417867436
ALE,-0.7058420541692171,-0.12566050097396214,-0.12894070176086064,,,GPR,D4,0.069164265129683
ALE,-0.4869726741646881,-0.1175077837814961,-0.12894070176086064,,,GPR,D4,0.06484149855907781
ALE,-0.28713942382022306,-0.10555758885463662,-0.12894070176086064,,,GPR,D4,0.08069164265129683
ALE,-0.11903442018012397,-0.08845374876933079,-0.12894070176086064,,,GPR,D4,0.06195965417867435
ALE,0.04919044485322513,-0.061731101607446784,-0.12894070176086064,,,GPR,D4,0.07060518731988473
ALE,0.26533529467903033,-0.014714259884749656,-0.08672536100781719,,,GPR,D4,0.09654178674351585
ALE,0.5086075471138846,0.05520847742044596,0.02622382650747007,,,GPR,D4,0.08645533141210375
ALE,0.7451471715906063,0.14079472059486284,0.16814760119350308,,,GPR,D4,0.10086455331412104
ALE,1.0063575293643774,0.24377638610109795,0.3248738158577657,,,GPR,D4,0.09077809798270893
ALE,1.3337229332831244,0.37521371525157965,0.5212930582090141,,,GPR,D4,0.06195965417867435
PD,-1.7909986872516646,-0.16796349021526383,-0.1517248698901328,0.005295710141618083,,MERF,D4,
PD,-1.7082605235878459,-0.1675253328828505,-0.1517248698901328,0.0075296525159911365,,MERF,D4,
PD,-1.6255223599240272,-0.1667175109708643,-0.1517248698901328,0.007101485722385448,,MERF,D4,
PD,-1.5427841962602085,-0.16635020510694046,-0.1517248698901328,-0.009994039445421654,,MERF,D4,
PD,-1.4600460325963898,-0.16837128791346023,-0.1517248698901328,-0.059682837334760874,,MERF,D4,
PD,-1.3773078689325713,-0.17622630183358945,-0.1517248698901328,-0.060751602505067615,,MERF,D4,
PD,-1.2945697052687526,-0.17842423997526732,-0.1517248698901328,-0.0423342050555493,,MERF,D4,
PD,-1.211831541604934,-0.18323161060651685,-0.1517248698901328,-0.0538220936722682,,MERF,D4,
PD,-1.1290933779411152,-0.18733052236523837,-0.1517248698901328,-0.03144314090798095,,MERF,D4,
PD,-1.0463552142772965,-0.18843470608361493,-0.1517248698901328,0.03531118100100117,,MERF,D4,
PD,-0.9636170506134778,-0.18148735781959124,-0.1517248698901328,0.09410093453987445,,MERF,D4,
PD,-0.8808788869496592,-0.17286322903785808,-0.1517248698901328,0.16030116454853172,,MERF,D4,
PD,-0.7981407232858405,-0.15496130984375694,-0.1517248698901328,0.16532609966364376,,MERF,D4,
PD,-0.7154025596220219,-0.14550567325411534,-0.1517248698901328,0.09684648638216564,,MERF,D4,
PD,-0.6326643959582032,-0.13893550896265017,-0.1517248698901328,0.02434120443318344,,MERF,D4,
PD,-0.5499262322943845,-0.14147778014178095,-0.1517248698901328,-0.0962292676108849,,MERF,D4,
PD,-0.46718806863056583,-0.15485917474832778,-0.1517248698901328,-0.07904444124449672,,MERF,D4,
PD,-0.38444990496674714,-0.15455776397458548,-0.1517248698901328,-0.08955319051518285,,MERF,D4,
PD,-0.30171174130292844,-0.16967810781525244,-0.1517248698901328,-0.05630212302132154,,MERF,D4,
PD,-0.21897357763910974,-0.1638744325129026,-0.1517248698901328,0.05269290476051236,,MERF,D4,
PD,-0.13623541397529104,-0.16095867945925788,-0.1517248698901328,0.021377026866278515,,MERF,D4,
PD,-0.053497250311472566,-0.16033704061788656,-0.1517248698901328,0.10996764796712266,,MERF,D4,
PD,0.029240913352346132,-0.1427616369487999,-0.1517248698901328,0.22116883201659465,,MERF,D4,
PD,0.11197907701616483,-0.12373883457643729,-0.1517248698901328,0.22308212284044282,,MERF,D4,
PD,0.19471724067998353,-0.10584682656871056,-0.1517248698901328,0.3470796012557808,,MERF,D4,
PD,0.2774554043438022,-0.06630537687028984,-0.13525162728385148,0.34738357721958796,,MERF,D4,
PD,0.3601935680076207,-0.048363068036476414,-0.0856087290855604,0.08791750931182812,,MERF,D4,
PD,0.4429317316714396,-0.05175711032157526,-0.03596583088726904,0.12392811653746291,,MERF,D4,
PD,0.5256698953352581,-0.02785589845922576,0.013677067311022029,0.2303801716153307,,MERF,D4,
PD,0.608408058999077,-0.013634645633559567,0.06331996550931343,0.47762017310093574,,MERF,D4,
PD,0.6911462226628955,0.051178933643107244,0.11296286370760447,0.8911298162113661,,MERF,D4,
PD,0.7738843863267144,0.13382624352524988,0.16260576190589585,1.0939620861330215,,MERF,D4,
PD,0.8566225499905329,0.2322037618920801,0.2122486601041869,0.7181537834657035,,MERF,D4,
PD,0.9393607136543514,0.25266369406960154,0.261891558302478,0.6117743113425032,,MERF,D4,
PD,1.0220988773181703,0.33343792808643236,0.3115344565007694,1.091900167667531,,MERF,D4,
PD,1.1048370409819888,0.433347323623656,0.3611773546990603,1.1825409670956466,,MERF,D4,
PD,1.1875752046458077,0.5291204642358924,0.4108202528973518,0.6524911720956932,,MERF,D4,
PD,1.2703133683096262,0.5413191663957573,0.46046315109564284,0.10169799519192146,,MERF,D4,
PD,1.353051531973445,0.5459490749768352,0.5101060492939341,0.22047541570135154,,MERF,D4,
PD,1.4357896956372636,0.577802628452051,0.5597489474922254,0.3235288729435477,,MERF,D4,
PD,1.5185278593010825,0.5994854446559832,0.6093918456905166,0.2620654755166389,,MERF,D4,
ALE,-1.3746938133197424,-0.15215872976064468,-0.12894070176086064,,,MERF,D4,0.15994236311239193
ALE,-0.8869548019092708,-0.14828510778711929,-0.12894070176086064,,,MERF,D4,0.056195965417867436
ALE,-0.7058420541692171,-0.13062732475317926,-0.12894070176086064,,,MERF,D4,0.069164265129683
ALE,-0.4869726741646881,-0.12997075928731658,-0.12894070176086064,,,MERF,D4,0.06484149855907781
ALE,-0.28713942382022306,-0.14042781164854864,-0.12894070176086064,,,MERF,D4,0.08069164265129683
ALE,-0.11903442018012397,-0.1355210695836344,-0.12894070176086064,,,MERF,D4,0.06195965417867435
ALE,0.04919044485322513,-0.1056711774213655,-0.12894070176086064,,,MERF,D4,0.07060518731988473
ALE,0.26533529467903033,-0.05589018319846438,-0.08672536100781719,,,MERF,D4,0.09654178674351585
ALE,0.5086075471138846,-0.005742414638379406,0.02622382650747007,,,MERF,D4,0.08645533141210375
ALE,0.7451471715906063,0.1437474075843515,0.16814760119350308,,,MERF,D4,0.10086455331412104
ALE,1.0063575293643774,0.3756340173555424,0.3248738158577657,,,MERF,D4,0.09077809798270893
ALE,1.3337229332831244,0.558667689059746,0.5212930582090141,,,MERF,D4,0.06195965417867435
PD,-1.519325147300121,0.0,-0.45865793189291126,0.0,,Mean,D5,
PD,-1.4387767960462587,0.0,-0.451430817661817,0.0,,Mean,D5,
PD,-1.3582284447923965,0.0,-0.4430854298119811,0.0,,Mean,D5,
PD,-1.2776800935385342,0.0,-0.4334758957386184,0.0,,Mean,D5,
PD,-1.1971317422846717,0.0,-0.42244662098415275,0.0,,Mean,D5,
PD,-1.1165833910308094,0.0,-0.40983495977880036,0.0,,Mean,D5,
PD,-1.036035039776947,0.0,-0.3954752215289225,0.0,,Mean,D5,
PD,-0.9554866885230848,0.0,-0.379204242599196,0.0,,Mean,D5,
PD,-0.8749383372692225,0.0,-0.36086868604441846,0.0,,Mean,D5,
PD,-0.7943899860153603,0.0,-0.34033410460047164,0.0,,Mean,D5,
PD,-0.713841634761498,0.0,-0.3174956025742067,0.0,,Mean,D5,
PD,-0.6332932835076356,0.0,-0.292289658849196,0.0,,Mean,D5,
PD,-0.5527449322537733,0.0,-0.26470634269262105,0.0,,Mean,D5,
PD,-0.4721965809999109,0.0,-0.23480080823629618,0.0,,Mean,D5,
PD,-0.3916482297460486,0.0,-0.2027026620086465,0.0,,Mean,D5,
PD,-0.31109987849218634,0.0,-0.16862165146474184,0.0,,Mean,D5,
PD,-0.23055152723832406,0.0,-0.13284821374858688,0.0,,Mean,D5,
PD,-0.15000317598446178,0.0,-0.09574781654215042,0.0,,Mean,D5,
PD,-0.0694548247305995,0.0,-0.05774871680412468,0.0,,Mean,D5,
PD,0.011093526523262787,0.0,-0.019323671317225385,0.0,,Mean,D5,
PD,0.09164187777712507,0.0,0.01903291557385698,0.0,,Mean,D5,
PD,0.17219022903098757,0.0,0.05683014288241049,0.0,,Mean,D5,
PD,0.25273858028484986,0.0,0.09360538846199724,0.0,,Mean,D5,
PD,0.33328693153871214,0.0,0.12894610267536277,0.0,,Mean,D5,
PD,0.4138352827925744,0.0,0.16250654103707268,0.0,,Mean,D5,
PD,0.4943836340464369,0.0,0.19401820470140407,0.0,,Mean,D5,
PD,0.5749319853002992,0.0,0.22329371786790997,0.0,,Mean,D5,
PD,0.6554803365541615,0.0,0.2502247342076266,0.0,,Mean,D5,
PD,0.7360286878080238,0.0,0.27477508014688434,0.0,,Mean,D5,
PD,0.8165770390618861,0.0,0.2969706491776681,0.0,,Mean,D5,
PD,0.8971253903157483,0.0,0.31688757894315567,0.0,,Mean,D5,
PD,0.9776737415696106,0.0,0.33464004680889065,0.0,,Mean,D5,
PD,1.058222092823473,0.0,0.35036870477408194,0.0,,Mean,D5,
PD,1.1387704440773352,0.0,0.3642304271805436,0.0,,Mean,D5,
PD,1.2193187953311975,0.0,0.37638972687242384,0.0,,Mean,D5,
PD,1.2998671465850598,0.0,0.3870119416059663,0.0,,Mean,D5,
PD,1.380415497838922,0.0,0.3962581134738194,0.0,,Mean,D5,
PD,1.4609638490927843,0.0,0.4042813748968835,0.0,,Mean,D5,
PD,1.5415122003466466,0.0,0.41122460207137124,0.0,,Mean,D5,
PD,1.6220605516005089,0.0,0.41721908488744813,0.0,,Mean,D5,
PD,1.7026089028543714,0.0,0.42238397663230826,0.0,,Mean,D5,
ALE,-1.3004384353237128,0.0,-0.44591487927010065,,,Mean,D5,0.07142857142857142
ALE,-0.8975351969186885,0.0,-0.37528555876439285,,,Mean,D5,0.09615384615384616
ALE,-0.6038413912515221,0.0,-0.294969003394857,,,Mean,D5,0.08516483516483517
ALE,-0.38571412976771324,0.0,-0.21315989723987905,,,Mean,D5,0.08379120879120878
ALE,-0.18156408480177175,0.0,-0.12433946338127655,,,Mean,D5,0.07005494505494506
ALE,0.03597574576388562,0.0,-0.022375442797198053,,,Mean,D5,0.09615384615384616
ALE,0.22004314230307429,0.0,0.06376923563151748,,,Mean,D5,0.057692307692307696
ALE,0.3212345585777452,0.0,0.10888160802430724,,,Mean,D5,0.03159340659340659
ALE,0.4482155964210398,0.0,0.1602651240102123,,,Mean,D5,0.0782967032967033
ALE,0.7335532316250942,0.0,0.25236995214732116,,,Mean,D5,0.15521978021978022
ALE,1.1004017994081257,0.0,0.3392284543328995,,,Mean,D5,0.09752747252747253
ALE,1.4862694425521559,0.0,0.38812976082084627,,,Mean,D5,0.07692307692307693
PD,-1.519325147300121,-0.4303211771445459,-0.45865793189291126,0.26711979230233596,,LMM,D5,
PD,-1.4387767960462587,-0.4088051182873186,-0.451430817661817,0.2671197923023354,,LMM,D5,
PD,-1.3582284447923965,-0.3872890594300914,-0.4430854298119811,0.26711979230233585,,LMM,D5,
PD,-1.2776800935385342,-0.365773000572864,-0.4334758957386184,0.26711979230233585,,LMM,D5,
PD,-1.1971317422846717,-0.3442569417156367,-0.42244662098415275,0.2671197923023363,,LMM,D5,
PD,-1.1165833910308094,-0.3227408828584094,-0.40983495977880036,0.26711979230233607,,LMM,D5,
PD,-1.036035039776947,-0.3012248240011821,-0.3954752215289225,0.26711979230233607,,LMM,D5,
PD,-0.9554866885230848,-0.2797087651439548,-0.379204242599196,0.26711979230233607,,LMM,D5,
PD,-0.8749383372692225,-0.2581927062867275,-0.36086868604441846,0.26711979230233585,,LMM,D5,
PD,-0.7943899860153603,-0.23667664742950026,-0.34033410460047164,0.2671197923023356,,LMM,D5,
PD,-0.713841634761498,-0.21516058857227296,-0.3174956025742067,0.2671197923023356,,LMM,D5,
PD,-0.6332932835076356,-0.19364452971504567,-0.292289658849196,0.26711979230233585,,LMM,D5,
PD,-0.5527449322537733,-0.17212847085781838,-0.26470634269262105,0.26711979230233596,,LMM,D5,
PD,-0.4721965809999109,-0.15061241200059106,-0.23480080823629618,0.26711979230233596,,LMM,D5,
PD,-0.3916482297460486,-0.12909635314336376,-0.2027026620086465,0.26711979230233585,,LMM,D5,
PD,-0.31109987849218634,-0.10758029428613648,-0.16862165146474184,0.26711979230233585,,LMM,D5,
PD,-0.23055152723832406,-0.08606423542890919,-0.13284821374858688,0.26711979230233585,,LMM,D5,
PD,-0.15000317598446178,-0.06454817657168191,-0.09574781654215042,0.2671197923023358,,LMM,D5,
PD,-0.0694548247305995,-0.043032117714454615,-0.05774871680412468,0.26711979230233596,,LMM,D5,
PD,0.011093526523262787,-0.02151605885722732,-0.019323671317225385,0.26711979230233585,,LMM,D5,
PD,0.09164187777712507,-4.163336342344337e-17,0.01903291557385698,0.2671197923023359,,LMM,D5,
PD,0.17219022903098757,0.02151605885722732,0.05683014288241049,0.2671197923023358,,LMM,D5,
PD,0.25273858028484986,0.04303211771445459,0.09360538846199724,0.26711979230233596,,LMM,D5,
PD,0.33328693153871214,0.06454817657168191,0.12894610267536277,0.26711979230233573,,LMM,D5,
PD,0.4138352827925744,0.08606423542890915,0.16250654103707268,0.2671197923023356,,LMM,D5,
PD,0.4943836340464369,0.1075802942861365,0.19401820470140407,0.26711979230233585,,LMM,D5,
PD,0.5749319853002992,0.1290963531433638,0.22329371786790997,0.26711979230233585,,LMM,D5,
PD,0.6554803365541615,0.15061241200059108,0.2502247342076266,0.26711979230233585,,LMM,D5,
PD,0.7360286878080238,0.17212847085781838,0.27477508014688434,0.26711979230233607,,LMM,D5,
PD,0.8165770390618861,0.19364452971504567,0.2969706491776681,0.26711979230233607,,LMM,D5,
PD,0.8971253903157483,0.21516058857227296,0.31688757894315567,0.26711979230233585,,LMM,D5,
PD,0.9776737415696106,0.23667664742950026,0.33464004680889065,0.2671197923023356,,LMM,D5,
PD,1.058222092823473,0.2581927062867275,0.35036870477408194,0.26711979230233585,,LMM,D5,
PD,1.1387704440773352,0.2797087651439548,0.3642304271805436,0.26711979230233607,,LMM,D5,
PD,1.2193187953311975,0.3012248240011821,0.37638972687242384,0.26711979230233607,,LMM,D5,
PD,1.2998671465850598,0.3227408828584094,0.3870119416059663,0.26711979230233607,,LMM,D5,
PD,1.380415497838922,0.3442569417156367,0.3962581134738194,0.26711979230233585,,LMM,D5,
PD,1.4609638490927843,0.365773000572864,0.4042813748968835,0.26711979230233585,,LMM,D5,
PD,1.5415122003466466,0.3872890594300913,0.41122460207137124,0.26711979230233496,,LMM,D5,
PD,1.6220605516005089,0.40880511828731847,0.41721908488744813,0.26711979230233585,,LMM,D5,
PD,1.7026089028543714,0.4303211771445459,0.42238397663230826,0.26711979230233657,,LMM,D5,
ALE,-1.3004384353237128,-0.3797615491623195,-0.44591487927010065,,,LMM,D5,0.07142857142857142
ALE,-0.8975351969186885,-0.27213811980163083,-0.37528555876439285,,,LMM,D5,0.09615384615384616
ALE,-0.6038413912515221,-0.1936866914313348,-0.294969003394857,,,LMM,D5,0.08516483516483517
ALE,-0.38571412976771324,-0.13542058264830242,-0.21315989723987905,,,LMM,D5,0.08379120879120878
ALE,-0.18156408480177175,-0.08088806503848761,-0.12433946338127655,,,LMM,D5,0.07005494505494506
ALE,0.03597574576388562,-0.022778870680303875,-0.022375442797198053,,,LMM,D5,0.09615384615384616
ALE,0.22004314230307429,0.02638917405287583,0.06376923563151748,,,LMM,D5,0.057692307692307696
ALE,0.3212345585777452,0.05341940415094509,0.10888160802430724,,,LMM,D5,0.03159340659340659
ALE,0.4482155964210398,0.08733855260598095,0.1602651240102123,,,LMM,D5,0.0782967032967033
ALE,0.7335532316250942,0.16355788245772768,0.25236995214732116,,,LMM,D5,0.15521978021978022
ALE,1.1004017994081257,0.2615503956903405,0.3392284543328995,,,LMM,D5,0.09752747252747253
ALE,1.4862694425521559,0.36462328038316566,0.38812976082084627,,,LMM,D5,0.07692307692307693
PD,-1.519325147300121,-0.3184066398140763,-0.45865793189291126,0.04372912106791854,,GAM,D5,
PD,-1.4387767960462587,-0.3148843312102749,-0.451430817661817,0.057589120944238736,,GAM,D5,
PD,-1.3582284447923965,-0.3091292223296409,-0.4430854298119811,0.0850726902722283,,GAM,D5,
PD,-1.2776800935385342,-0.301179401333958,-0.4334758957386184,0.11175741564247388,,GAM,D5,
PD,-1.1971317422846717,-0.2911254711888531,-0.42244662098415275,0.13694591558578995,,GAM,D5,
PD,-1.1165833910308094,-0.27911786591118604,-0.40983495977880036,0.1602465910304658,,GAM,D5,
PD,-1.036035039776947,-0.2653102737857412,-0.3954752215289225,0.18163924126553632,,GAM,D5,
PD,-0.9554866885230848,-0.24985638309730313,-0.379204242599196,0.20112386629100176,,GAM,D5,
PD,-0.8749383372692225,-0.23290988213065628,-0.36086868604441846,0.2187004661068621,,GAM,D5,
PD,-0.7943899860153603,-0.21462445917058526,-0.34033410460047164,0.23436904071311715,,GAM,D5,
PD,-0.713841634761498,-0.19515380250187447,-0.3174956025742067,0.2481295901097671,,GAM,D5,
PD,-0.6332932835076356,-0.17465160040930844,-0.292289658849196,0.25998211429681206,,GAM,D5,
PD,-0.5527449322537733,-0.15327154117767167,-0.26470634269262105,0.2699266132742518,,GAM,D5,
PD,-0.4721965809999109,-0.13116731309174862,-0.23480080823629618,0.2779630870420867,,GAM,D5,
PD,-0.3916482297460486,-0.10849260443632384,-0.2027026620086465,0.2840915356003162,,GAM,D5,
PD,-0.31109987849218634,-0.08540110349618185,-0.16862165146474184,0.288291006050624,,GAM,D5,
PD,-0.23055152723832406,-0.06204987399893384,-0.13284821374858688,0.2904104326297592,,GAM,D5,
PD,-0.15000317598446178,-0.03861694042568593,-0.09574781654215042,0.2902698312979533,,GAM,D5,
PD,-0.0694548247305995,-0.015288361339360054,-0.05774871680412468,0.2878192290326368,,GAM,D5,
PD,0.011093526523262787,0.007749788289787396,-0.019323671317225385,0.28308683738046214,,GAM,D5,
PD,0.09164187777712507,0.03031599468597286,0.01903291557385698,0.27628321790351973,,GAM,D5,
PD,0.17219022903098757,0.052258103652267615,0.05683014288241049,0.26774097988416223,,GAM,D5,
PD,0.25273858028484986,0.07344818367149848,0.09360538846199724,0.2578261925683997,,GAM,D5,
PD,0.33328693153871214,0.09379305309515841,0.12894610267536277,0.24679135353606085,,GAM,D5,
PD,0.4138352827925744,0.11320545693357596,0.16250654103707268,0.23467325223561686,,GAM,D5,
PD,0.4943836340464369,0.13159814019707983,0.19401820470140407,0.22147188866706724,,GAM,D5,
PD,0.5749319853002992,0.14888384789599846,0.22329371786790997,0.207187262830413,,GAM,D5,
PD,0.6554803365541615,0.1649753250406606,0.2502247342076266,0.19181937472565325,,GAM,D5,
PD,0.7360286878080238,0.17978531664139474,0.27477508014688434,0.17536822435278832,,GAM,D5,
PD,0.8165770390618861,0.19322656770852964,0.2969706491776681,0.1578338117118181,,GAM,D5,
PD,0.8971253903157483,0.20521182325239373,0.31688757894315567,0.13921613680274247,,GAM,D5,
PD,0.9776737415696106,0.21565382828331575,0.33464004680889065,0.11951519962556234,,GAM,D5,
PD,1.058222092823473,0.22446532781162426,0.35036870477408194,0.09876150823644814,,GAM,D5,
PD,1.1387704440773352,0.231563981594897,0.3642304271805436,0.07732612645990544,,GAM,D5,
PD,1.2193187953311975,0.23692231180201034,0.37638972687242384,0.055762808242207695,,GAM,D5,
PD,1.2998671465850598,0.24054718612528725,0.3870119416059663,0.03428802349386739,,GAM,D5,
PD,1.380415497838922,0.24244599932237976,0.3962581134738194,0.012905043947458283,,GAM,D5,
PD,1.4609638490927843,0.24262614615094003,0.4042813748968835,-0.008386130397019409,,GAM,D5,
PD,1.5415122003466466,0.24109502136862015,0.41122460207137124,-0.029558733893483735,,GAM,D5,
PD,1.6220605516005089,0.2378643315903965,0.41721908488744813,-0.05024116264984624,,GAM,D5,
PD,1.7026089028543714,0.23300133573557563,0.42238397663230826,-0.06037362378150066,,GAM,D5,
ALE,-1.3004384353237128,-0.3104703716516416,-0.44591487927010065,,,GAM,D5,0.07142857142857142
ALE,-0.8975351969186885,-0.2488038290022745,-0.37528555876439285,,,GAM,D5,0.09615384615384616
ALE,-0.6038413912515221,-0.18077074557568718,-0.294969003394857,,,GAM,D5,0.08516483516483517
ALE,-0.38571412976771324,-0.12104091615271137,-0.21315989723987905,,,GAM,D5,0.08379120879120878
ALE,-0.18156408480177175,-0.0624232161125316,-0.12433946338127655,,,GAM,D5,0.07005494505494506
ALE,0.03597574576388562,-0.0004191216172611534,-0.022375442797198053,,,GAM,D5,0.09615384615384616
ALE,0.22004314230307429,0.05009762274237051,0.06376923563151748,,,GAM,D5,0.057692307692307696
ALE,0.3212345585777452,0.07609389150387336,0.10888160802430724,,,GAM,D5,0.03159340659340659
ALE,0.4482155964210398,0.1059501471888799,0.1602651240102123,,,GAM,D5,0.0782967032967033
ALE,0.7335532316250942,0.16064657645064817,0.25236995214732116,,,GAM,D5,0.15521978021978022
ALE,1.1004017994081257,0.20998617886016707,0.3392284543328995,,,GAM,D5,0.09752747252747253
ALE,1.4862694425521559,0.22159700204410865,0.38812976082084627,,,GAM,D5,0.07692307692307693
PD,-1.519325147300121,-0.44140392576594734,-0.45865793189291126,-0.06587424904187436,,RF,D5,
PD,-1.4387767960462587,-0.44670998791635663,-0.451430817661817,-0.055923252219962194,,RF,D5,
PD,-1.3582284447923965,-0.45041297729209107,-0.4430854298119811,-0.025622613832499752,,RF,D5,
PD,-1.2776800935385342,-0.45083770651440114,-0.4334758957386184,0.002405342970740243,,RF,D5,
PD,-1.1971317422846717,-0.4500254844711046,-0.42244662098415275,0.059156161776395155,,RF,D5,
PD,-1.1165833910308094,-0.4413078439192104,-0.40983495977880036,0.1438764049109187,,RF,D5,
PD,-1.036035039776947,-0.4268474700712894,-0.3954752215289225,0.13947770587362252,,RF,D5,
PD,-0.9554866885230848,-0.41883844542962756,-0.379204242599196,0.17140975471769915,,RF,D5,
PD,-0.8749383372692225,-0.3992339238086102,-0.36086868604441846,0.025679376715892488,,RF,D5,
PD,-0.7943899860153603,-0.4147015825182436,-0.34033410460047164,-0.1272639931345778,,RF,D5,
PD,-0.713841634761498,-0.41973573345055637,-0.3174956025742067,0.11920433307112477,,RF,D5,
PD,-0.6332932835076356,-0.3954981575358528,-0.292289658849196,0.41339911238506977,,RF,D5,
PD,-0.5527449322537733,-0.3531384996257013,-0.26470634269262105,0.8461489093798447,,RF,D5,
PD,-0.4721965809999109,-0.2591863584042522,-0.23480080823629618,0.8152741217267903,,RF,D5,
PD,-0.3916482297460486,-0.22180052697563396,-0.2027026620086465,1.0112717742352941,,RF,D5,
PD,-0.31109987849218634,-0.09627381023581022,-0.16862165146474184,1.7800184217979174,,RF,D5,
PD,-0.23055152723832406,0.06495457117901451,-0.13284821374858688,1.0674166119960615,,RF,D5,
PD,-0.15000317598446178,0.07568348615872258,-0.09574781654215042,0.06405575047018697,,RF,D5,
PD,-0.0694548247305995,0.07527374135641926,-0.05774871680412468,0.29733179206315397,,RF,D5,
PD,0.011093526523262787,0.12358265741080912,-0.019323671317225385,0.31641194756869534,,RF,D5,
PD,0.09164187777712507,0.12624666274378313,0.01903291557385698,0.0540540007837772,,RF,D5,
PD,0.17219022903098757,0.1322905786944256,0.05683014288241049,0.11803693124118231,,RF,D5,
PD,0.25273858028484986,0.14526202314086864,0.09360538846199724,0.13885395688571123,,RF,D5,
PD,0.33328693153871214,0.1546594932788634,0.12894610267536277,0.5013066717500179,,RF,D5,
PD,0.4138352827925744,0.22602087490491882,0.16250654103707268,0.7385847985184518,,RF,D5,
PD,0.4943836340464369,0.2736430688425182,0.19401820470140407,0.45463529760856236,,RF,D5,
PD,0.5749319853002992,0.2992611221932764,0.22329371786790997,0.19344730653636266,,RF,D5,
PD,0.6554803365541615,0.3048067920345272,0.2502247342076266,-0.008176052914269816,,RF,D5,
PD,0.7360286878080238,0.29794398702925884,0.27477508014688434,-0.09536435601283788,,RF,D5,
PD,0.8165770390618861,0.2894439087440863,0.2969706491776681,-0.07611572175370873,,RF,D5,
PD,0.8971253903157483,0.2856819952457409,0.31688757894315567,-0.11857158252557798,,RF,D5,
PD,0.9776737415696106,0.2703424177880932,0.33464004680889065,-0.1325172415978877,,RF,D5,
PD,1.058222092823473,0.2643339045989017,0.35036870477408194,-0.004420105240652061,,RF,D5,
PD,1.1387704440773352,0.26963035340908703,0.3642304271805436,0.3303991497993439,,RF,D5,
PD,1.2193187953311975,0.3175601181429317,0.37638972687242384,0.6766162898069354,,RF,D5,
PD,1.2998671465850598,0.37863100655999526,0.3870119416059663,0.36736193746618073,,RF,D5,
PD,1.380415497838922,0.37674091489558237,0.3962581134738194,-0.09594267849215266,,RF,D5,
PD,1.4609638490927843,0.3631749574251507,0.4042813748968835,-0.2452134165594111,,RF,D5,
PD,1.5415122003466466,0.3372378420772082,0.41122460207137124,-0.239333526428398,,RF,D5,
PD,1.6220605516005089,0.3246191155179904,0.41721908488744813,-0.1757391745081538,,RF,D5,
PD,1.7026089028543714,0.30892684056251496,0.42238397663230826,-0.1948180777284742,,RF,D5,
ALE,-1.3004384353237128,-0.48043815506279214,-0.44591487927010065,,,RF,D5,0.07142857142857142
ALE,-0.8975351969186885,-0.4699309973910411,-0.37528555876439285,,,RF,D5,0.09615384615384616
ALE,-0.6038413912515221,-0.3782067943145623,-0.294969003394857,,,RF,D5,0.08516483516483517
ALE,-0.38571412976771324,-0.19710509017622607,-0.21315989723987905,,,RF,D5,0.08379120879120878
ALE,-0.18156408480177175,-0.025998651678198925,-0.12433946338127655,,,RF,D5,0.07005494505494506
ALE,0.03597574576388562,0.0723779422872296,-0.022375442797198053,,,RF,D5,0.09615384615384616
ALE,0.22004314230307429,0.10365109253979898,0.06376923563151748,,,RF,D5,0.057692307692307696
ALE,0.3212345585777452,0.1438180718523404,0.10888160802430724,,,RF,D5,0.03159340659340659
ALE,0.4482155964210398,0.2258838258885023,0.1602651240102123,,,RF,D5,0.0782967032967033
ALE,0.7335532316250942,0.2702912080104578,0.25236995214732116,,,RF,D5,0.15521978021978022
ALE,1.1004017994081257,0.2992681033673924,0.3392284543328995,,,RF,D5,0.09752747252747253
ALE,1.4862694425521559,0.30861034723546765,0.38812976082084627,,,RF,D5,0.07692307692307693
PD,-1.519325147300121,-0.34303514297053855,-0.45865793189291126,-0.15290157914338662,,GPR,D5,
PD,-1.4387767960462587,-0.3553511130746503,-0.451430817661817,-0.13212725146750248,,GPR,D5,
PD,-1.3582284447923965,-0.36432040749336214,-0.4430854298119811,-0.08194057879936123,,GPR,D5,
PD,-1.2776800935385342,-0.36855147012080175,-0.4334758957386184,-0.019960017441670086,,GPR,D5,
PD,-1.1971317422846717,-0.3675359004852119,-0.42244662098415275,0.03805543292990832,,GPR,D5,
PD,-1.1165833910308094,-0.36242086536328966,-0.40983495977880036,0.07621747866855877,,GPR,D5,
PD,-1.036035039776947,-0.3552575159982543,-0.3954752215289225,0.09077107865719247,,GPR,D5,
PD,-0.9554866885230848,-0.3477979439085466,-0.379204242599196,0.0897940562766264,,GPR,D5,
PD,-0.8749383372692225,-0.34079198962729673,-0.36086868604441846,0.08982658439266311,,GPR,D5,
PD,-0.7943899860153603,-0.3333271773653568,-0.34033410460047164,0.11031841040403156,,GPR,D5,
PD,-0.713841634761498,-0.32302005748531337,-0.3174956025742067,0.16762601147281786,,GPR,D5,
PD,-0.6332932835076356,-0.30632317966256384,-0.292289658849196,0.27050532747180966,,GPR,D5,
PD,-0.5527449322537733,-0.2794425412188326,-0.26470634269262105,0.40352662640061987,,GPR,D5,
PD,-0.4721965809999109,-0.2413163707753574,-0.23480080823629618,0.5260730469387611,,GPR,D5,
PD,-0.3916482297460486,-0.19469390807880677,-0.2027026620086465,0.6045954112178606,,GPR,D5,
PD,-0.31109987849218634,-0.14391804367685831,-0.16862165146474184,0.6287756369026596,,GPR,D5,
PD,-0.23055152723832406,-0.09340022635659398,-0.13284821374858688,0.6031558875077927,,GPR,D5,
PD,-0.15000317598446178,-0.04675161910123284,-0.09574781654215042,0.5416226134479327,,GPR,D5,
PD,-0.0694548247305995,-0.0061466093265160615,-0.05774871680412468,0.46353681753491444,,GPR,D5,
PD,0.011093526523262787,0.02792263369456667,-0.019323671317225385,0.3870868727661837,,GPR,D5,
PD,0.09164187777712507,0.05621180946014326,0.01903291557385698,0.3315958837422406,,GPR,D5,
PD,0.17219022903098757,0.08134163713057649,0.05683014288241049,0.3150387642721265,,GPR,D5,
PD,0.25273858028484986,0.10696351554649128,0.09360538846199724,0.34446923847815014,,GPR,D5,
PD,0.33328693153871214,0.13683449556475347,0.12894610267536277,0.4122110727378462,,GPR,D5,
PD,0.4138352827925744,0.1733693601017301,0.16250654103707268,0.46723180117176755,,GPR,D5,
PD,0.4943836340464369,0.21210399804027014,0.19401820470140407,0.448313655066934,,GPR,D5,
PD,0.5749319853002992,0.24559121162219877,0.22329371786790997,0.3561668901748032,,GPR,D5,
PD,0.6554803365541615,0.26948130958986183,0.2502247342076266,0.23224857949051314,,GPR,D5,
PD,0.7360286878080238,0.28300569194022357,0.27477508014688434,0.11738749434262541,,GPR,D5,
PD,0.8165770390618861,0.28839204784410294,0.2969706491776681,0.042681396134467864,,GPR,D5,
PD,0.8971253903157483,0.2898815241159123,0.31688757894315567,0.021809790737935764,,GPR,D5,
PD,0.9776737415696106,0.2919055332143679,0.33464004680889065,0.04774445359784241,,GPR,D5,
PD,1.058222092823473,0.29757299815355776,0.35036870477408194,0.0993444539777022,,GPR,D5,
PD,1.1387704440773352,0.30790959716260613,0.3642304271805436,0.1373656671757415,,GPR,D5,
PD,1.2193187953311975,0.3197021541733433,0.37638972687242384,0.1185013282130376,,GPR,D5,
PD,1.2998671465850598,0.3269997703805121,0.3870119416059663,0.03725508955255674,,GPR,D5,
PD,1.380415497838922,0.32570382625189015,0.3962581134738194,-0.07394135950218961,,GPR,D5,
PD,1.4609638490927843,0.31508806118577115,0.4042813748968835,-0.17914238363480828,,GPR,D5,
PD,1.5415122003466466,0.2968445789689488,0.41122460207137124,-0.25859288937418823,,GPR,D5,
PD,1.6220605516005089,0.2734295994156446,0.41721908488744813,-0.30849700622925136,,GPR,D5,
PD,1.7026089028543714,0.24714672853191133,0.42238397663230826,-0.3262993031464804,,GPR,D5,
ALE,-1.3004384353237128,-0.3856351931723588,-0.44591487927010065,,,GPR,D5,0.07142857142857142
ALE,-0.8975351969186885,-0.3760610227872204,-0.37528555876439285,,,GPR,D5,0.09615384615384616
ALE,-0.6038413912515221,-0.32484937105486,-0.294969003394857,,,GPR,D5,0.08516483516483517
ALE,-0.38571412976771324,-0.22091599514496923,-0.21315989723987905,,,GPR,D5,0.08379120879120878
ALE,-0.18156408480177175,-0.09836696954614393,-0.12433946338127655,,,GPR,D5,0.07005494505494506
ALE,0.03597574576388562,0.006756361112076503,-0.022375442797198053,,,GPR,D5,0.09615384615384616
ALE,0.22004314230307429,0.08265816784748387,0.06376923563151748,,,GPR,D5,0.057692307692307696
ALE,0.3212345585777452,0.12462620935851687,0.10888160802430724,,,GPR,D5,0.03159340659340659
ALE,0.4482155964210398,0.1865658490336468,0.1602651240102123,,,GPR,D5,0.0782967032967033
ALE,0.7335532316250942,0.25957894566623485,0.25236995214732116,,,GPR,D5,0.15521978021978022
ALE,1.1004017994081257,0.3095793063408241,0.3392284543328995,,,GPR,D5,0.09752747252747253
ALE,1.4862694425521559,0.2902278151442753,0.38812976082084627,,,GPR,D5,0.07692307692307693
PD,-1.519325147300121,-0.444877920130816,-0.45865793189291126,-0.1046009789009855,,MERF,D5,
PD,-1.4387767960462587,-0.4533033565208304,-0.451430817661817,-0.08179123971677482,,MERF,D5,
PD,-1.3582284447923965,-0.45805421914320726,-0.4430854298119811,-0.02964811414778623,,MERF,D5,
PD,-1.2776800935385342,-0.45807956994561144,-0.4334758957386184,0.014445617819839995,,MERF,D5,
PD,-1.1971317422846717,-0.4557270777467442,-0.42244662098415275,0.06978225566109941,,MERF,D5,
PD,-1.1165833910308094,-0.44683787866505736,-0.40983495977880036,0.21568701041351224,,MERF,D5,
PD,-1.036035039776947,-0.4209806115953782,-0.3954752215289225,0.241253260957897,,MERF,D5,
PD,-0.9554866885230848,-0.4079727738555046,-0.379204242599196,0.2553704730500841,,MERF,D5,
PD,-0.8749383372692225,-0.3798412704691719,-0.36086868604441846,0.1709643990840739,,MERF,D5,
PD,-0.7943899860153603,-0.3804309729168457,-0.34033410460047164,-0.012896214425885066,,MERF,D5,
PD,-0.713841634761498,-0.38191880808801454,-0.3174956025742067,0.11625206123635534,,MERF,D5,
PD,-0.6332932835076356,-0.3617031491919427,-0.292289658849196,0.39850146236927286,,MERF,D5,
PD,-0.5527449322537733,-0.3177215365558186,-0.26470634269262105,0.6028549793401852,,MERF,D5,
PD,-0.4721965809999109,-0.26458519992987634,-0.23480080823629618,0.5203124072353267,,MERF,D5,
PD,-0.3916482297460486,-0.23390092347635105,-0.2027026620086465,0.9351569067290587,,MERF,D5,
PD,-0.31109987849218634,-0.11393450592850121,-0.16862165146474184,1.6659030950701919,,MERF,D5,
PD,-0.23055152723832406,0.03447057183686922,-0.13284821374858688,0.9519315782972936,,MERF,D5,
PD,-0.15000317598446178,0.0394185323481666,-0.09574781654215042,0.07762271419499278,,MERF,D5,
PD,-0.0694548247305995,0.046975335133382104,-0.05774871680412468,0.5597531215659514,,MERF,D5,
PD,0.011093526523262787,0.12959291445084686,-0.019323671317225385,0.5830782173843321,,MERF,D5,
PD,0.09164187777712507,0.1409073132580802,0.01903291557385698,0.027452199832091906,,MERF,D5,
PD,0.17219022903098757,0.13401537332037994,0.05683014288241049,-0.055962361214615175,,MERF,D5,
PD,0.25273858028484986,0.1318919614018595,0.09360538846199724,0.01900997798732873,,MERF,D5,
PD,0.33328693153871214,0.13707781808888303,0.12894610267536277,0.37906071236523586,,MERF,D5,
PD,0.4138352827925744,0.19295739221412805,0.16250654103707268,0.7732079994878925,,MERF,D5,
PD,0.4943836340464369,0.2616390771589771,0.19401820470140407,0.5922815864508144,,MERF,D5,
PD,0.5749319853002992,0.2883720027473983,0.22329371786790997,0.1876570597416849,,MERF,D5,
PD,0.6554803365541615,0.2918700106856576,0.2502247342076266,-0.01128431524152429,,MERF,D5,
PD,0.7360286878080238,0.2865541367719311,0.27477508014688434,-0.09787214687906332,,MERF,D5,
PD,0.8165770390618861,0.2761031305560888,0.2969706491776681,-0.13769369035200985,,MERF,D5,
PD,0.8971253903157483,0.2643721373001026,0.31688757894315567,-0.13553627723848272,,MERF,D5,
PD,0.9776737415696106,0.2542686832227965,0.33464004680889065,-0.08896291330046502,,MERF,D5,
PD,1.058222092823473,0.25004050532191713,0.35036870477408194,0.06423996029963108,,MERF,D5,
PD,1.1387704440773352,0.2646175289962942,0.3642304271805436,0.40602291473869334,,MERF,D5,
PD,1.2193187953311975,0.3154494580288956,0.37638972687242384,0.8024269519184295,,MERF,D5,
PD,1.2998671465850598,0.39388586495367767,0.3870119416059663,0.47556111318546135,,MERF,D5,
PD,1.380415497838922,0.3920607852039762,0.3962581134738194,-0.08795819982458974,,MERF,D5,
PD,1.4609638490927843,0.3797160890034207,0.4042813748968835,-0.16142050663779584,,MERF,D5,
PD,1.5415122003466466,0.36605647386750106,0.41122460207137124,-0.1486920844238866,,MERF,D5,
PD,1.6220605516005089,0.3557622845137324,0.41721908488744813,-0.08853117333117222,,MERF,D5,
PD,1.7026089028543714,0.3517943937747094,0.42238397663230826,-0.049260980234312524,,MERF,D5,
ALE,-1.3004384353237128,-0.4798470809684319,-0.44591487927010065,,,MERF,D5,0.07142857142857142
ALE,-0.8975351969186885,-0.44897413787557605,-0.37528555876439285,,,MERF,D5,0.09615384615384616
ALE,-0.6038413912515221,-0.35901376505519966,-0.294969003394857,,,MERF,D5,0.08516483516483517
ALE,-0.38571412976771324,-0.2053343355006949,-0.21315989723987905,,,MERF,D5,0.08379120879120878
ALE,-0.18156408480177175,-0.046116026394313725,-0.12433946338127655,,,MERF,D5,0.07005494505494506
ALE,0.03597574576388562,0.06592095328570652,-0.022375442797198053,,,MERF,D5,0.09615384615384616
ALE,0.22004314230307429,0.1051802561609943,0.06376923563151748,,,MERF,D5,0.057692307692307696
ALE,0.3212345585777452,0.1251192658415376,0.10888160802430724,,,MERF,D5,0.03159340659340659
ALE,0.4482155964210398,0.21019205584103534,0.1602651240102123,,,MERF,D5,0.0782967032967033
ALE,0.7335532316250942,0.25867017554346444,0.25236995214732116,,,MERF,D5,0.15521978021978022
ALE,1.1004017994081257,0.29982976612767714,0.3392284543328995,,,MERF,D5,0.09752747252747253
ALE,1.4862694425521559,0.34121485873556084,0.38812976082084627,,,MERF,D5,0.07692307692307693
PD,-1.342807212529059,5.551115123125783e-17,-0.9354888169339042,0.0,,Mean,D6,
PD,-1.2665360522071158,5.551115123125783e-17,-0.9168689279938876,0.0,,Mean,D6,
PD,-1.1902648918851726,5.551115123125783e-17,-0.8956634794755023,0.0,,Mean,D6,
PD,-1.1139937315632293,5.551115123125783e-17,-0.871595244116321,-4.930380657631324e-32,,Mean,D6,
PD,-1.0377225712412859,5.551115123125783e-17,-0.8443827159376355,4.930380657631324e-32,,Mean,D6,
PD,-0.9614514109193426,5.551115123125783e-17,-0.8137487367341333,0.0,,Mean,D6,
PD,-0.8851802505973994,5.551115123125783e-17,-0.7794316234093367,0.0,,Mean,D6,
PD,-0.808909090275456,5.551115123125783e-17,-0.7411988461414646,0.0,,Mean,D6,
PD,-0.7326379299535127,5.551115123125783e-17,-0.6988630514333725,0.0,,Mean,D6,
PD,-0.6563667696315695,5.551115123125783e-17,-0.6522998767187401,0.0,,Mean,D6,
PD,-0.5800956093096261,5.551115123125783e-17,-0.6014665814029012,0.0,,Mean,D6,
PD,-0.5038244489876829,5.551115123125783e-17,-0.5464200672486181,0.0,,Mean,D6,
PD,-0.4275532886657396,5.551115123125783e-17,-0.48733245412438564,0.0,,Mean,D6,
PD,-0.35128212834379624,5.551115123125783e-17,-0.424502116997455,0.0,,Mean,D6,
PD,-0.2750109680218529,5.551115123125783e-17,-0.35835808802566116,0.0,,Mean,D6,
PD,-0.19873980769990962,5.551115123125783e-17,-0.28945607522494954,0.0,,Mean,D6,
PD,-0.12246864737796637,5.551115123125783e-17,-0.21846508141066273,0.0,,Mean,D6,
PD,-0.04619748705602311,5.551115123125783e-17,-0.14614467027817302,0.0,,Mean,D6,
PD,0.030073673265920142,5.551115123125783e-17,-0.07331416694886261,-4.930380657631324e-32,,Mean,D6,
PD,0.10634483358786362,5.551115123125783e-17,-0.0008162660635021024,4.930380657631324e-32,,Mean,D6,
PD,0.18261599390980687,5.551115123125783e-17,0.07052160331815394,0.0,,Mean,D6,
PD,0.2588871542317501,5.551115123125783e-17,0.13992444396974066,0.0,,Mean,D6,
PD,0.3351583145536934,5.551115123125783e-17,0.20670191412123154,0.0,,Mean,D6,
PD,0.41142947487563664,5.551115123125783e-17,0.27027291620782146,0.0,,Mean,D6,
PD,0.4877006351975799,5.551115123125783e-17,0.3301809994854725,-4.930380657631324e-32,,Mean,D6,
PD,0.5639717955195234,5.551115123125783e-17,0.3861002752859929,4.930380657631324e-32,,Mean,D6,
PD,0.6402429558414666,5.551115123125783e-17,0.4378326603475813,0.0,,Mean,D6,
PD,0.7165141161634099,5.551115123125783e-17,0.48529807369978606,-4.930380657631324e-32,,Mean,D6,
PD,0.7927852764853534,5.551115123125783e-17,0.5285196411837795,-4.930380657631324e-32,,Mean,D6,
PD,0.8690564368072964,5.551115123125783e-17,0.5676060272836747,4.930380657631324e-32,,Mean,D6,
PD,0.9453275971292399,5.551115123125783e-17,0.6027327992395289,-4.930380657631324e-32,,Mean,D6,
PD,1.021598757451183,5.551115123125783e-17,0.6341243434012946,4.930380657631324e-32,,Mean,D6,
PD,1.0978699177731264,5.551115123125783e-17,0.6620374040408097,0.0,,Mean,D6,
PD,1.1741410780950698,5.551115123125783e-17,0.6867468819507495,-4.930380657631324e-32,,Mean,D6,
PD,1.2504122384170129,5.551115123125783e-17,0.7085341648147067,4.930380657631324e-32,,Mean,D6,
PD,1.3266833987389564,5.551115123125783e-17,0.7276779857436542,-4.930380657631324e-32,,Mean,D6,
PD,1.4029545590608994,5.551115123125783e-17,0.7444476215405211,4.930380657631324e-32,,Mean,D6,
PD,1.4792257193828429,5.551115123125783e-17,0.759098136318921,0.0,,Mean,D6,
PD,1.5554968797047863,5.551115123125783e-17,0.771867331499965,-4.930380657631324e-32,,Mean,D6,
PD,1.6317680400267294,5.551115123125783e-17,0.782974061691576,4.930380657631324e-32,,Mean,D6,
PD,1.7080392003486728,5.551115123125783e-17,0.7926176014745087,0.0,,Mean,D6,
ALE,-1.1815363014019935,0.0,-0.8227632219303387,,,Mean,D6,0.07396449704142012
ALE,-0.8829567785780601,0.0,-0.7082094037851037,,,Mean,D6,0.11982248520710059
ALE,-0.6258735782913905,0.0,-0.563428613277422,,,Mean,D6,0.07100591715976332
ALE,-0.3814666308376783,0.0,-0.38132030767986425,,,Mean,D6,0.08579881656804733
ALE,-0.18006204650956653,0.0,-0.20744637561751056,,,Mean,D6,0.07100591715976332
ALE,-0.009654456484003461,0.0,-0.047359031017182085,,,Mean,D6,0.08727810650887574
ALE,0.19697756094838317,0.0,0.14531821156773728,,,Mean,D6,0.11390532544378698
ALE,0.4045628239349017,0.0,0.3257316730487706,,,Mean,D6,0.08136094674556213
ALE,0.6197022264530162,0.0,0.48284203934676906,,,Mean,D6,0.08136094674556213
ALE,0.8662197610880882,0.0,0.6246462918542574,,,Mean,D6,0.07248520710059171
ALE,1.1368539932877373,0.0,0.7333684686436569,,,Mean,D6,0.07692307692307693
ALE,1.494780341801804,0.0,0.8184544955162204,,,Mean,D6,0.0650887573964497
PD,-1.342807212529059,-0.9990084081169357,-0.9354888169339042,0.6549057362573777,,LMM,D6,
PD,-1.2665360522071158,-0.949057987711089,-0.9168689279938876,0.6549057362573798,,LMM,D6,
PD,-1.1902648918851726,-0.899107567305242,-0.8956634794755023,0.6549057362573789,,LMM,D6,
PD,-1.1139937315632293,-0.8491571468993953,-0.871595244116321,0.654905736257378,,LMM,D6,
PD,-1.0377225712412859,-0.7992067264935485,-0.8443827159376355,0.6549057362573762,,LMM,D6,
PD,-0.9614514109193426,-0.7492563060877017,-0.8137487367341333,0.654905736257378,,LMM,D6,
PD,-0.8851802505973994,-0.699305885681855,-0.7794316234093367,0.6549057362573771,,LMM,D6,
PD,-0.808909090275456,-0.6493554652760082,-0.7411988461414646,0.6549057362573794,,LMM,D6,
PD,-0.7326379299535127,-0.5994050448701613,-0.6988630514333725,0.6549057362573789,,LMM,D6,
PD,-0.6563667696315695,-0.5494546244643146,-0.6522998767187401,0.6549057362573776,,LMM,D6,
PD,-0.5800956093096261,-0.49950420405846774,-0.6014665814029012,0.6549057362573776,,LMM,D6,
PD,-0.5038244489876829,-0.44955378365262105,-0.5464200672486181,0.6549057362573776,,LMM,D6,
PD,-0.4275532886657396,-0.39960336324677426,-0.48733245412438564,0.654905736257378,,LMM,D6,
PD,-0.35128212834379624,-0.34965294284092746,-0.424502116997455,0.6549057362573776,,LMM,D6,
PD,-0.2750109680218529,-0.29970252243508066,-0.35835808802566116,0.6549057362573782,,LMM,D6,
PD,-0.19873980769990962,-0.24975210202923387,-0.28945607522494954,0.654905736257378,,LMM,D6,
PD,-0.12246864737796637,-0.19980168162338713,-0.21846508141066273,0.6549057362573777,,LMM,D6,
PD,-0.04619748705602311,-0.1498512612175404,-0.14614467027817302,0.6549057362573777,,LMM,D6,
PD,0.030073673265920142,-0.09990084081169365,-0.07331416694886261,0.6549057362573778,,LMM,D6,
PD,0.10634483358786362,-0.04995042040584677,-0.0008162660635021024,0.6549057362573781,,LMM,D6,
PD,0.18261599390980687,5.551115123125783e-17,0.07052160331815394,0.6549057362573782,,LMM,D6,
PD,0.2588871542317501,0.049950420405846796,0.13992444396974066,0.6549057362573777,,LMM,D6,
PD,0.3351583145536934,0.09990084081169354,0.20670191412123154,0.6549057362573778,,LMM,D6,
PD,0.41142947487563664,0.14985126121754028,0.27027291620782146,0.6549057362573776,,LMM,D6,
PD,0.4877006351975799,0.19980168162338702,0.3301809994854725,0.654905736257378,,LMM,D6,
PD,0.5639717955195234,0.24975210202923398,0.3861002752859929,0.6549057362573785,,LMM,D6,
PD,0.6402429558414666,0.2997025224350807,0.4378326603475813,0.6549057362573776,,LMM,D6,
PD,0.7165141161634099,0.34965294284092746,0.48529807369978606,0.6549057362573771,,LMM,D6,
PD,0.7927852764853534,0.3996033632467743,0.5285196411837795,0.6549057362573771,,LMM,D6,
PD,0.8690564368072964,0.44955378365262094,0.5676060272836747,0.654905736257378,,LMM,D6,
PD,0.9453275971292399,0.4995042040584678,0.6027327992395289,0.6549057362573767,,LMM,D6,
PD,1.021598757451183,0.5494546244643144,0.6341243434012946,0.654905736257378,,LMM,D6,
PD,1.0978699177731264,0.5994050448701613,0.6620374040408097,0.6549057362573789,,LMM,D6,
PD,1.1741410780950698,0.6493554652760083,0.6867468819507495,0.6549057362573776,,LMM,D6,
PD,1.2504122384170129,0.6993058856818548,0.7085341648147067,0.654905736257378,,LMM,D6,
PD,1.3266833987389564,0.7492563060877018,0.7276779857436542,0.6549057362573771,,LMM,D6,
PD,1.4029545590608994,0.7992067264935483,0.7444476215405211,0.6549057362573789,,LMM,D6,
PD,1.4792257193828429,0.8491571468993953,0.759098136318921,0.6549057362573789,,LMM,D6,
PD,1.5554968797047863,0.8991075673052422,0.771867331499965,0.6549057362573789,,LMM,D6,
PD,1.6317680400267294,0.949057987711089,0.782974061691576,0.6549057362573789,,LMM,D6,
PD,1.7080392003486728,0.9990084081169357,0.7926176014745087,0.6549057362573758,,LMM,D6,
ALE,-1.1815363014019935,-0.8191901955900236,-0.8227632219303387,,,LMM,D6,0.07396449704142012
ALE,-0.8829567785780601,-0.6236487533636388,-0.7082094037851037,,,LMM,D6,0.11982248520710059
ALE,-0.6258735782913905,-0.4552834908004946,-0.563428613277422,,,LMM,D6,0.07100591715976332
ALE,-0.3814666308376783,-0.2952199789319029,-0.38132030767986425,,,LMM,D6,0.08579881656804733
ALE,-0.18006204650956653,-0.16331896134688972,-0.20744637561751056,,,LMM,D6,0.07100591715976332
ALE,-0.009654456484003461,-0.05171805313735289,-0.047359031017182085,,,LMM,D6,0.08727810650887574
ALE,0.19697756094838317,0.08360644037355158,0.14531821156773728,,,LMM,D6,0.11390532544378698
ALE,0.4045628239349017,0.21955521986591908,0.3257316730487706,,,LMM,D6,0.08136094674556213
ALE,0.6197022264530162,0.3604512486700172,0.48284203934676906,,,LMM,D6,0.08136094674556213
ALE,0.8662197610880882,0.5218969961905525,0.6246462918542574,,,LMM,D6,0.07248520710059171
ALE,1.1368539932877373,0.699136907285714,0.7333684686436569,,,LMM,D6,0.07692307692307693
ALE,1.494780341801804,0.9335449260852337,0.8184544955162204,,,LMM,D6,0.0650887573964497
PD,-1.342807212529059,-0.46848164343529847,-0.9354888169339042,-0.06580245394386049,,GAM,D6,
PD,-1.2665360522071158,-0.47350047294962794,-0.9168689279938876,-0.04826339149720482,,GAM,D6,
PD,-1.1902648918851726,-0.4758438531764265,-0.8956634794755023,-0.01194661757215787,,GAM,D6,
PD,-1.1139937315632293,-0.4753228377179299,-0.871595244116321,0.026485809905124835,,GAM,D6,
PD,-1.0377225712412859,-0.471803646269366,-0.8443827159376355,0.06663154104030689,,GAM,D6,
PD,-0.9614514109193426,-0.46515870781956303,-0.8137487367341333,0.10801203166927786,,GAM,D6,
PD,-0.8851802505973994,-0.4553272403010734,-0.7794316234093367,0.14963824358537092,,GAM,D6,
PD,-0.808909090275456,-0.4423325428859753,-0.7411988461414646,0.1909238553363406,,GAM,D6,
PD,-0.7326379299535127,-0.42620327234179034,-0.6988630514333725,0.23183374489558473,,GAM,D6,
PD,-0.6563667696315695,-0.40696808543604,-0.6522998767187401,0.27236791226310464,,GAM,D6,
PD,-0.5800956093096261,-0.3846556389362459,-0.6014665814029012,0.312526357438899,,GAM,D6,
PD,-0.5038244489876829,-0.3592945896099296,-0.5464200672486181,0.35230908042296827,,GAM,D6,
PD,-0.4275532886657396,-0.33091359422461264,-0.48733245412438564,0.3917160812153142,,GAM,D6,
PD,-0.35128212834379624,-0.29954130954781644,-0.424502116997455,0.43074735981593393,,GAM,D6,
PD,-0.2750109680218529,-0.2652063923470628,-0.35835808802566116,0.46940291622482944,,GAM,D6,
PD,-0.19873980769990962,-0.2279374993898731,-0.28945607522494954,0.5074637960237725,,GAM,D6,
PD,-0.12246864737796637,-0.18779668725884063,-0.21846508141066273,0.5432377309295171,,GAM,D6,
PD,-0.04619748705602311,-0.14507075525256535,-0.14614467027817302,0.5741281171943643,,GAM,D6,
PD,0.030073673265920142,-0.10021785191510707,-0.07331416694886261,0.5987445748212149,,GAM,D6,
PD,0.10634483358786362,-0.053736868336399984,-0.0008162660635021024,0.6164412219746253,,GAM,D6,
PD,0.18261599390980687,-0.006184477374544417,0.07052160331815394,0.6267614840987074,,GAM,D6,
PD,0.2588871542317501,0.04187078293822322,0.13992444396974066,0.6296275783585954,,GAM,D6,
PD,0.3351583145536934,0.08986037456966622,0.20670191412123154,0.6250395047542889,,GAM,D6,
PD,0.41142947487563664,0.137215759487548,0.27027291620782146,0.6129972632857883,,GAM,D6,
PD,0.4877006351975799,0.18336839965963186,0.3301809994854725,0.5935008539530943,,GAM,D6,
PD,0.5639717955195234,0.2277497570536815,0.3861002752859929,0.5665502767562065,,GAM,D6,
PD,0.6402429558414666,0.26979129363745985,0.4378326603475813,0.5321455316951227,,GAM,D6,
PD,0.7165141161634099,0.3089244713787304,0.48529807369978606,0.490286618769846,,GAM,D6,
PD,0.7927852764853534,0.3445807522452568,0.5285196411837795,0.440973537980375,,GAM,D6,
PD,0.8690564368072964,0.3761915982048019,0.5676060272836747,0.38458956369424957,,GAM,D6,
PD,0.9453275971292399,0.40324693678659734,0.6027327992395289,0.32327677502845953,,GAM,D6,
PD,1.021598757451183,0.42550498767791484,0.6341243434012946,0.26015313290695863,,GAM,D6,
PD,1.0978699177731264,0.4429312994030022,0.6620374040408097,0.19802511084654117,,GAM,D6,
PD,1.1741410780950698,0.4557121976322092,0.6867468819507495,0.13889161650434545,,GAM,D6,
PD,1.2504122384170129,0.4641181489025558,0.7085341648147067,0.08331025376903556,,GAM,D6,
PD,1.3266833987389564,0.4684205370755689,0.7276779857436542,0.03128703621443618,,GAM,D6,
PD,1.4029545590608994,0.4688907460127753,0.7444476215405211,-0.017178036159450016,,GAM,D6,
PD,1.4792257193828429,0.4658001595757017,0.759098136318921,-0.06208496335262925,,GAM,D6,
PD,1.5554968797047863,0.45942016162587457,0.771867331499965,-0.10343374536509486,,GAM,D6,
PD,1.6317680400267294,0.4500221360248214,0.782974061691576,-0.1412243821968464,,GAM,D6,
PD,1.7080392003486728,0.4378774666340684,0.7926176014745087,-0.15923016431754636,,GAM,D6,
ALE,-1.1815363014019935,-0.4223856803898304,-0.8227632219303387,,,GAM,D6,0.07396449704142012
ALE,-0.8829567785780601,-0.40273240302802915,-0.7082094037851037,,,GAM,D6,0.11982248520710059
ALE,-0.6258735782913905,-0.34749827246804654,-0.563428613277422,,,GAM,D6,0.07100591715976332
ALE,-0.3814666308376783,-0.2612056317268104,-0.38132030767986425,,,GAM,D6,0.08579881656804733
ALE,-0.18006204650956653,-0.16979805731256392,-0.20744637561751056,,,GAM,D6,0.07100591715976332
ALE,-0.009654456484003461,-0.07525427958105796,-0.047359031017182085,,,GAM,D6,0.08727810650887574
ALE,0.19697756094838317,0.0504139449398312,0.14531821156773728,,,GAM,D6,0.11390532544378698
ALE,0.4045628239349017,0.17924427168162738,0.3257316730487706,,,GAM,D6,0.08136094674556213
ALE,0.6197022264530162,0.3024266205114363,0.48284203934676906,,,GAM,D6,0.08136094674556213
ALE,0.8662197610880882,0.41609586280349675,0.6246462918542574,,,GAM,D6,0.07248520710059171
ALE,1.1368539932877373,0.4890616536874516,0.7333684686436569,,,GAM,D6,0.07692307692307693
ALE,1.494780341801804,0.49925194385373495,0.8184544955162204,,,GAM,D6,0.0650887573964497
PD,-1.342807212529059,-0.7478361394167778,-0.9354888169339042,-0.029612435111650532,,RF,D6,
PD,-1.2665360522071158,-0.7500947142027017,-0.9168689279938876,0.041186298919122954,,RF,D6,
PD,-1.1902648918851726,-0.7415534858009221,-0.8956634794755023,0.1470446909177454,,RF,D6,
PD,-1.1139937315632293,-0.7276641758117457,-0.871595244116321,0.38091164719186565,,RF,D6,
PD,-1.0377225712412859,-0.6834483391779895,-0.8443827159376355,1.1651046965183212,,RF,D6,
PD,-0.9614514109193426,-0.5499364016117497,-0.8137487367341333,0.9273339285927737,,RF,D6,
PD,-0.8851802505973994,-0.5419906696986356,-0.7794316234093367,0.15983502438662622,,RF,D6,
PD,-0.808909090275456,-0.5255547960716416,-0.7411988461414646,0.10995252339186035,,RF,D6,
PD,-0.7326379299535127,-0.52521825661979,-0.6988630514333725,0.0339627168275376,,RF,D6,
PD,-0.6563667696315695,-0.5203740444313978,-0.6522998767187401,0.0685817329177163,,RF,D6,
PD,-0.5800956093096261,-0.5147566399267424,-0.6014665814029012,0.03612839950855262,,RF,D6,
PD,-0.5038244489876829,-0.5148629345292137,-0.5464200672486181,0.12823141312919617,,RF,D6,
PD,-0.4275532886657396,-0.49519592258856987,-0.48733245412438564,0.3990096467012463,,RF,D6,
PD,-0.35128212834379624,-0.45399707706210823,-0.424502116997455,0.2944533851906548,,RF,D6,
PD,-0.2750109680218529,-0.4502793198901391,-0.35835808802566116,0.5665348350299144,,RF,D6,
PD,-0.19873980769990962,-0.3675765386010438,-0.28945607522494954,1.416301425280578,,RF,D6,
PD,-0.12246864737796637,-0.23423341374659573,-0.21846508141066273,1.1945075705408112,,RF,D6,
PD,-0.04619748705602311,-0.18536358176405746,-0.14614467027817302,0.9116474158387315,,RF,D6,
PD,0.030073673265920142,-0.09516860132555338,-0.07331416694886261,0.9628779999337624,,RF,D6,
PD,0.10634483358786362,-0.03848393715721726,-0.0008162660635021024,0.4740964660886596,,RF,D6,
PD,0.18261599390980687,-0.022848826179323378,0.07052160331815394,0.20123604561285194,,RF,D6,
PD,0.2588871542317501,-0.007786923762233833,0.13992444396974066,0.3324449611007048,,RF,D6,
PD,0.3351583145536934,0.027863099673344716,0.20670191412123154,0.18013921387878554,,RF,D6,
PD,0.41142947487563664,0.019691929961801524,0.27027291620782146,1.3373803511280475,,RF,D6,
PD,0.4877006351975799,0.2318702020179529,0.3301809994854725,1.958778482872029,,RF,D6,
PD,0.5639717955195234,0.3184885453664122,0.3861002752859929,0.9589470857200797,,RF,D6,
PD,0.6402429558414666,0.3781502158483861,0.4378326603475813,1.1806122388617717,,RF,D6,
PD,0.7165141161634099,0.4985818760629613,0.48529807369978606,1.0500524081864144,,RF,D6,
PD,0.7927852764853534,0.5383276469908433,0.5285196411837795,0.45611538391888207,,RF,D6,
PD,0.8690564368072964,0.5681587752073249,0.5676060272836747,0.31782626937914404,,RF,D6,
PD,0.9453275971292399,0.5868096036835269,0.6027327992395289,0.2762830188202998,,RF,D6,
PD,1.021598757451183,0.6103036280526721,0.6341243434012946,0.4083083911877363,,RF,D6,
PD,1.0978699177731264,0.6490939132136759,0.6620374040408097,0.07164610984008046,,RF,D6,
PD,1.1741410780950698,0.6212326919127849,0.6867468819507495,-0.1067406052773654,,RF,D6,
PD,1.2504122384170129,0.6328114535777334,0.7085341648147067,0.18777983262446618,,RF,D6,
PD,1.3266833987389564,0.6498770633514415,0.7276779857436542,0.2733059782623197,,RF,D6,
PD,1.4029545590608994,0.6745021817477153,0.7444476215405211,0.15811126402796916,,RF,D6,
PD,1.4792257193828429,0.6739957224862059,0.759098136318921,-0.004708638270511045,,RF,D6,
PD,1.5554968797047863,0.6737839151388589,0.771867331499965,-0.008900328054671114,,RF,D6,
PD,1.6317680400267294,0.6726380457902545,0.782974061691576,-0.037626842324018916,,RF,D6,
PD,1.7080392003486728,0.6680442292922513,0.7926176014745087,-0.06023005915489686,,RF,D6,
ALE,-1.1815363014019935,-0.6292250294329961,-0.8227632219303387,,,RF,D6,0.07396449704142012
ALE,-0.8829567785780601,-0.5156141340937392,-0.7082094037851037,,,RF,D6,0.11982248520710059
ALE,-0.6258735782913905,-0.4527715131286704,-0.563428613277422,,,RF,D6,0.07100591715976332
ALE,-0.3814666308376783,-0.41054551144443907,-0.38132030767986425,,,RF,D6,0.08579881656804733
ALE,-0.18006204650956653,-0.2668151822642384,-0.20744637561751056,,,RF,D6,0.07100591715976332
ALE,-0.009654456484003461,-0.0716383199359506,-0.047359031017182085,,,RF,D6,0.08727810650887574
ALE,0.19697756094838317,0.0430442954804654,0.14531821156773728,,,RF,D6,0.11390532544378698
ALE,0.4045628239349017,0.1894142890394993,0.3257316730487706,,,RF,D6,0.08136094674556213
ALE,0.6197022264530162,0.4388718871913798,0.48284203934676906,,,RF,D6,0.08136094674556213
ALE,0.8662197610880882,0.6203568916560703,0.6246462918542574,,,RF,D6,0.07248520710059171
ALE,1.1368539932877373,0.6893528834630575,0.7333684686436569,,,RF,D6,0.07692307692307693
ALE,1.494780341801804,0.720237958549551,0.8184544955162204,,,RF,D6,0.0650887573964497
PD,-1.342807212529059,-0.817412356213236,-0.9354888169339042,0.3259781164887282,,GPR,D6,
PD,-1.2665360522071158,-0.7925496270290792,-0.9168689279938876,0.3352032492460628,,GPR,D6,
PD,-1.1902648918851726,-0.7662796746858705,-0.8956634794755023,0.35370350393040884,,GPR,D6,
PD,-1.1139937315632293,-0.7385948737196606,-0.871595244116321,0.3723627961329088,,GPR,D6,
PD,-1.0377225712412859,-0.7094785896423103,-0.8443827159376355,0.39128905504311184,,GPR,D6,
PD,-0.9614514109193426,-0.6789067332208307,-0.8137487367341333,0.41053279095439255,,GPR,D6,
PD,-0.8851802505973994,-0.6468549650097157,-0.7794316234093367,0.4301321232485984,,GPR,D6,
PD,-0.808909090275456,-0.6132933809570071,-0.7411988461414646,0.4501929176370103,,GPR,D6,
PD,-0.7326379299535127,-0.5781814926159241,-0.6988630514333725,0.47083811530990793,,GPR,D6,
PD,-0.6563667696315695,-0.5414706422000399,-0.6522998767187401,0.49219148678959357,,GPR,D6,
PD,-0.5800956093096261,-0.5031014610198746,-0.6014665814029012,0.5144556120067052,,GPR,D6,
PD,-0.5038244489876829,-0.46299438927626624,-0.5464200672486181,0.537736920137494,,GPR,D6,
PD,-0.4275532886657396,-0.421073823326205,-0.48733245412438564,0.5617484213743182,,GPR,D6,
PD,-0.35128212834379624,-0.37730398146178784,-0.424502116997455,0.5860029267031752,,GPR,D6,
PD,-0.2750109680218529,-0.33168357698279316,-0.35835808802566116,0.609941681589355,,GPR,D6,
PD,-0.19873980769990962,-0.28426206189471304,-0.28945607522494954,0.6326424191277598,,GPR,D6,
PD,-0.12246864737796637,-0.23517883423128239,-0.21846508141066273,0.6530107723451613,,GPR,D6,
PD,-0.04619748705602311,-0.18465028327572547,-0.14614467027817302,0.6702879451939462,,GPR,D6,
PD,0.030073673265920142,-0.1329315555717756,-0.07331416694886261,0.6841658199795815,,GPR,D6,
PD,0.10634483358786362,-0.08028604139081247,-0.0008162660635021024,0.6948271505083805,,GPR,D6,
PD,0.18261599390980687,-0.026941009586848086,0.07052160331815394,0.7029145045584567,,GPR,D6,
PD,0.2588871542317501,0.026938168348782265,0.13992444396974066,0.7091424876712553,,GPR,D6,
PD,0.3351583145536934,0.08123323114970388,0.20670191412123154,0.7138794370935563,,GPR,D6,
PD,0.41142947487563664,0.13583499434298474,0.27027291620782146,0.7169439821014428,,GPR,D6,
PD,0.4877006351975799,0.190597529951127,0.3301809994854725,0.7176127461380862,,GPR,D6,
PD,0.5639717955195234,0.2453013079625208,0.3861002752859929,0.714903339140623,,GPR,D6,
PD,0.6402429558414666,0.2996505443397012,0.4378326603475813,0.7079476985874296,,GPR,D6,
PD,0.7165141161634099,0.353293292799546,0.48529807369978606,0.696204226061016,,GPR,D6,
PD,0.7927852764853534,0.4058511526251297,0.5285196411837795,0.6795304389676882,,GPR,D6,
PD,0.8690564368072964,0.45695044290783615,0.5676060272836747,0.658144582046019,,GPR,D6,
PD,0.9453275971292399,0.5062460544896301,0.6027327992395289,0.6325045800421241,,GPR,D6,
PD,1.021598757451183,0.5534341593653487,0.6341243434012946,0.6032364825418512,,GPR,D6,
PD,1.0978699177731264,0.5982651474336194,0.6620374040408097,0.5711110558008277,,GPR,D6,
PD,1.1741410780950698,0.6405527651625873,0.6867468819507495,0.5368495684351773,,GPR,D6,
PD,1.2504122384170129,0.6801574264393904,0.7085341648147067,0.5008420799685709,,GPR,D6,
PD,1.3266833987389564,0.7169523783171041,0.7276779857436542,0.46319986886646625,,GPR,D6,
PD,1.4029545590608994,0.7508150093582251,0.7444476215405211,0.42414498842409465,,GPR,D6,
PD,1.4792257193828429,0.7816524391407897,0.759098136318921,0.384297374024289,,GPR,D6,
PD,1.5554968797047863,0.809436622609242,0.771867331499965,0.3445261501024275,,GPR,D6,
PD,1.6317680400267294,0.8342072575999182,0.782974061691576,0.30563850190906283,,GPR,D6,
PD,1.7080392003486728,0.8560594289685712,0.7926176014745087,0.2865063449462966,,GPR,D6,
ALE,-1.1815363014019935,-0.6945910926614182,-0.8227632219303387,,,GPR,D6,0.07396449704142012
ALE,-0.8829567785780601,-0.5760793679843905,-0.7082094037851037,,,GPR,D6,0.11982248520710059
ALE,-0.6258735782913905,-0.4524148907988467,-0.563428613277422,,,GPR,D6,0.07100591715976332
ALE,-0.3814666308376783,-0.32135246914483884,-0.38132030767986425,,,GPR,D6,0.08579881656804733
ALE,-0.18006204650956653,-0.2040308217068728,-0.20744637561751056,,,GPR,D6,0.07100591715976332
ALE,-0.009654456484003461,-0.09302356783628796,-0.047359031017182085,,,GPR,D6,0.08727810650887574
ALE,0.19697756094838317,0.051033997654240215,0.14531821156773728,,,GPR,D6,0.11390532544378698
ALE,0.4045628239349017,0.20159495103644376,0.3257316730487706,,,GPR,D6,0.08136094674556213
ALE,0.6197022264530162,0.3567202597130229,0.48284203934676906,,,GPR,D6,0.08136094674556213
ALE,0.8662197610880882,0.5336588646659032,0.6246462918542574,,,GPR,D6,0.07248520710059171
ALE,1.1368539932877373,0.7139976926448913,0.7333684686436569,,,GPR,D6,0.07692307692307693
ALE,1.494780341801804,0.8889566490014095,0.8184544955162204,,,GPR,D6,0.0650887573964497
PD,-1.342807212529059,-0.6705371592554884,-0.9354888169339042,0.020081410224543853,,MERF,D6,
PD,-1.2665360522071158,-0.6690055267967615,-0.9168689279938876,0.05928105130304839,,MERF,D6,
PD,-1.1902648918851726,-0.6614942901195121,-0.8956634794755023,0.16420147352349979,,MERF,D6,
PD,-1.1139937315632293,-0.6439578529723411,-0.871595244116321,0.43654012026907196,,MERF,D6,
PD,-1.0377225712412859,-0.5949034471195065,-0.8443827159376355,0.7929738846490526,,MERF,D6,
PD,-0.9614514109193426,-0.5229957763979769,-0.8137487367341333,0.5853943820565299,,MERF,D6,
PD,-0.8851802505973994,-0.5056060295887095,-0.7794316234093367,0.21775486080694195,,MERF,D6,
PD,-0.808909090275456,-0.4897789445989994,-0.7411988461414646,0.15668035810911718,,MERF,D6,
PD,-0.7326379299535127,-0.48170564416342954,-0.6988630514333725,0.02672948127694097,,MERF,D6,
PD,-0.6563667696315695,-0.48570156749540755,-0.6522998767187401,0.005765364556897357,,MERF,D6,
PD,-0.5800956093096261,-0.48082618207456235,-0.6014665814029012,0.02126292584927114,,MERF,D6,
PD,-0.5038244489876829,-0.48245807144268094,-0.5464200672486181,0.10009523108926155,,MERF,D6,
PD,-0.4275532886657396,-0.4655574232388203,-0.48733245412438564,0.34135720246664647,,MERF,D6,
PD,-0.35128212834379624,-0.4303866516099136,-0.424502116997455,0.2961520267213773,,MERF,D6,
PD,-0.2750109680218529,-0.4203817058193511,-0.35835808802566116,0.6638379206875511,,MERF,D6,
PD,-0.19873980769990962,-0.3291232746568223,-0.28945607522494954,1.2780299077265687,,MERF,D6,
PD,-0.12246864737796637,-0.22542805784244815,-0.21846508141066273,0.8532551679399729,,MERF,D6,
PD,-0.04619748705602311,-0.1989657512378697,-0.14614467027817302,0.6968054835585545,,MERF,D6,
PD,0.030073673265920142,-0.11913573234304076,-0.07331416694886261,0.880881956424399,,MERF,D6,
PD,0.10634483358786362,-0.06459397339156486,-0.0008162660635021024,0.8862019140924188,,MERF,D6,
PD,0.18261599390980687,0.016047564191671082,0.07052160331815394,0.5603267247457501,,MERF,D6,
PD,0.2588871542317501,0.02087956551994008,0.13992444396974066,0.4057235753828396,,MERF,D6,
PD,0.3351583145536934,0.07793757992050426,0.20670191412123154,0.4166793570622096,,MERF,D6,
PD,0.41142947487563664,0.08444080161061213,0.27027291620782146,0.8938844786433948,,MERF,D6,
PD,0.4877006351975799,0.2142927926803183,0.3301809994854725,1.5126513798328678,,MERF,D6,
PD,0.5639717955195234,0.3151841534154951,0.3861002752859929,1.1070028520410342,,MERF,D6,
PD,0.6402429558414666,0.3831575766900589,0.4378326603475813,0.9929753113383812,,MERF,D6,
PD,0.7165141161634099,0.46665491174913754,0.48529807369978606,0.7024038311900807,,MERF,D6,
PD,0.7927852764853534,0.49030388712895057,0.5285196411837795,0.29484905421885976,,MERF,D6,
PD,0.8690564368072964,0.5116318707193376,0.5676060272836747,0.2252167028276335,,MERF,D6,
PD,0.9453275971292399,0.5246589656260422,0.6027327992395289,0.18812982906290543,,MERF,D6,
PD,1.021598757451183,0.5403296314269309,0.6341243434012946,0.19338772041324015,,MERF,D6,
PD,1.0978699177731264,0.5541587772819089,0.6620374040408097,0.018558266907567234,,MERF,D6,
PD,1.1741410780950698,0.5431605525281399,0.6867468819507495,0.00795568178905759,,MERF,D6,
PD,1.2504122384170129,0.555372355444316,0.7085341648147067,0.3418632984500092,,MERF,D6,
PD,1.3266833987389564,0.595309173416678,0.7276779857436542,0.37758067240358484,,MERF,D6,
PD,1.4029545590608994,0.6129693874430381,0.7444476215405211,0.10155232599892061,,MERF,D6,
PD,1.4792257193828429,0.6108002008913377,0.759098136318921,-0.017450635184482977,,MERF,D6,
PD,1.5554968797047863,0.6103074270552872,0.771867331499965,0.00017387226903853303,,MERF,D6,
PD,1.6317680400267294,0.6108267237707524,0.782974061691576,-0.04056751840680439,,MERF,D6,
PD,1.7080392003486728,0.6041191636547495,0.7926176014745087,-0.08794359608127192,,MERF,D6,
ALE,-1.1815363014019935,-0.559887849207512,-0.8227632219303387,,,MERF,D6,0.07396449704142012
ALE,-0.8829567785780601,-0.46683263954743015,-0.7082094037851037,,,MERF,D6,0.11982248520710059
ALE,-0.6258735782913905,-0.4270739583090675,-0.563428613277422,,,MERF,D6,0.07100591715976332
ALE,-0.3814666308376783,-0.3796295695580769,-0.38132030767986425,,,MERF,D6,0.08579881656804733
ALE,-0.18006204650956653,-0.24792377410337813,-0.20744637561751056,,,MERF,D6,0.07100591715976332
ALE,-0.009654456484003461,-0.08673008131941917,-0.047359031017182085,,,MERF,D6,0.08727810650887574
ALE,0.19697756094838317,0.041642384579669955,0.14531821156773728,,,MERF,D6,0.11390532544378698
ALE,0.4045628239349017,0.19364668949832065,0.3257316730487706,,,MERF,D6,0.08136094674556213
ALE,0.6197022264530162,0.41254350843898235,0.48284203934676906,,,MERF,D6,0.08136094674556213
ALE,0.8662197610880882,0.5679332160986865,0.6246462918542574,,,MERF,D6,0.07248520710059171
ALE,1.1368539932877373,0.6201244541535793,0.7333684686436569,,,MERF,D6,0.07692307692307693
ALE,1.494780341801804,0.65275439881184,0.8184544955162204,,,MERF,D6,0.0650887573964497
PD,-2.0798854938076694,0.0,0.0,0.0,,Mean,D7,
PD,-1.9706834322484539,0.0,0.0,0.0,,Mean,D7,
PD,-1.8614813706892384,0.0,0.0,0.0,,Mean,D7,
PD,-1.7522793091300228,0.0,0.0,0.0,,Mean,D7,
PD,-1.6430772475708073,0.0,0.0,0.0,,Mean,D7,
PD,-1.5338751860115918,0.0,0.0,0.0,,Mean,D7,
PD,-1.4246731244523763,0.0,0.0,0.0,,Mean,D7,
PD,-1.3154710628931607,0.0,0.0,0.0,,Mean,D7,
PD,-1.2062690013339452,0.0,0.0,0.0,,Mean,D7,
PD,-1.0970669397747297,0.0,0.0,0.0,,Mean,D7,
PD,-0.9878648782155142,0.0,0.0,0.0,,Mean,D7,
PD,-0.8786628166562986,0.0,0.0,0.0,,Mean,D7,
PD,-0.7694607550970831,0.0,0.0,0.0,,Mean,D7,
PD,-0.6602586935378676,0.0,0.0,0.0,,Mean,D7,
PD,-0.5510566319786521,0.0,0.0,0.0,,Mean,D7,
PD,-0.44185457041943654,0.0,0.0,0.0,,Mean,D7,
PD,-0.332652508860221,0.0,0.0,0.0,,Mean,D7,
PD,-0.2234504473010055,0.0,0.0,0.0,,Mean,D7,
PD,-0.11424838574178997,0.0,0.0,0.0,,Mean,D7,
PD,-0.0050463241825742244,0.0,0.0,0.0,,Mean,D7,
PD,0.10415573737664108,0.0,0.0,0.0,,Mean,D7,
PD,0.21335779893585638,0.0,0.0,0.0,,Mean,D7,
PD,0.3225598604950721,0.0,0.0,0.0,,Mean,D7,
PD,0.43176192205428787,0.0,0.0,0.0,,Mean,D7,
PD,0.5409639836135032,0.0,0.0,0.0,,Mean,D7,
PD,0.6501660451727185,0.0,0.0,0.0,,Mean,D7,
PD,0.7593681067319342,0.0,0.0,0.0,,Mean,D7,
PD,0.86857016829115,0.0,0.0,0.0,,Mean,D7,
PD,0.9777722298503653,0.0,0.0,0.0,,Mean,D7,
PD,1.0869742914095806,0.0,0.0,0.0,,Mean,D7,
PD,1.1961763529687963,0.0,0.0,0.0,,Mean,D7,
PD,1.305378414528012,0.0,0.0,0.0,,Mean,D7,
PD,1.4145804760872274,0.0,0.0,0.0,,Mean,D7,
PD,1.5237825376464427,0.0,0.0,0.0,,Mean,D7,
PD,1.6329845992056584,0.0,0.0,0.0,,Mean,D7,
PD,1.7421866607648742,0.0,0.0,0.0,,Mean,D7,
PD,1.8513887223240895,0.0,0.0,0.0,,Mean,D7,
PD,1.9605907838833048,0.0,0.0,0.0,,Mean,D7,
PD,2.069792845442521,0.0,0.0,0.0,,Mean,D7,
PD,2.1789949070017363,0.0,0.0,0.0,,Mean,D7,
PD,2.288196968560951,0.0,0.0,0.0,,Mean,D7,
ALE,-1.6906588728996246,0.0,0.0,,,Mean,D7,0.10427807486631016
ALE,-1.1546100873681828,0.0,0.0,,,Mean,D7,0.06818181818181818
ALE,-0.8672384846219178,0.0,0.0,,,Mean,D7,0.06951871657754011
ALE,-0.5476146267498729,0.0,0.0,,,Mean,D7,0.11497326203208556
ALE,-0.22626331194385685,0.0,0.0,,,Mean,D7,0.08823529411764706
ALE,0.04978979818247385,0.0,0.0,,,Mean,D7,0.08021390374331551
ALE,0.26601674903770506,0.0,0.0,,,Mean,D7,0.05213903743315508
ALE,0.45573192036327653,0.0,0.0,,,Mean,D7,0.06684491978609626
ALE,0.747600141682057,0.0,0.0,,,Mean,D7,0.11363636363636363
ALE,1.0877312554658651,0.0,0.0,,,Mean,D7,0.07352941176470588
ALE,1.3793078023473506,0.0,0.0,,,Mean,D7,0.07887700534759358
ALE,1.9017769948924643,0.0,0.0,,,Mean,D7,0.08957219251336898
PD,-2.0798854938076694,-0.058892215297432604,0.0,0.02696479098313461,,LMM,D7,
PD,-1.9706834322484539,-0.05594760453256096,0.0,0.026964790983134507,,LMM,D7,
PD,-1.8614813706892384,-0.05300299376768934,0.0,0.026964790983134423,,LMM,D7,
PD,-1.7522793091300228,-0.05005838300281771,0.0,0.02696479098313448,,LMM,D7,
PD,-1.6430772475708073,-0.04711377223794608,0.0,0.02696479098313459,,LMM,D7,
PD,-1.5338751860115918,-0.044169161473074425,0.0,0.02696479098313448,,LMM,D7,
PD,-1.4246731244523763,-0.041224550708202815,0.0,0.02696479098313434,,LMM,D7,
PD,-1.3154710628931607,-0.03827993994333119,0.0,0.02696479098313459,,LMM,D7,
PD,-1.2062690013339452,-0.03533532917845953,0.0,0.026964790983134618,,LMM,D7,
PD,-1.0970669397747297,-0.0323907184135879,0.0,0.026964790983134368,,LMM,D7,
PD,-0.9878648782155142,-0.029446107648716295,0.0,0.0269647909831343,,LMM,D7,
PD,-0.8786628166562986,-0.026501496883844677,0.0,0.02696479098313448,,LMM,D7,
PD,-0.7694607550970831,-0.023556886118973032,0.0,0.026964790983134534,,LMM,D7,
PD,-0.6602586935378676,-0.020612275354101404,0.0,0.026964790983134423,,LMM,D7,
PD,-0.5510566319786521,-0.01766766458922978,0.0,0.026964790983134465,,LMM,D7,
PD,-0.44185457041943654,-0.014723053824358144,0.0,0.026964790983134444,,LMM,D7,
PD,-0.332652508860221,-0.011778443059486526,0.0,0.026964790983134382,,LMM,D7,
PD,-0.2234504473010055,-0.008833832294614902,0.0,0.026964790983134607,,LMM,D7,
PD,-0.11424838574178997,-0.005889221529743235,0.0,0.026964790983134514,,LMM,D7,
PD,-0.0050463241825742244,-0.0029446107648716247,0.0,0.026964790983134358,,LMM,D7,
PD,0.10415573737664108,0.0,0.0,0.02696479098313454,,LMM,D7,
PD,0.21335779893585638,0.0029446107648716385,0.0,0.02696479098313455,,LMM,D7,
PD,0.3225598604950721,0.005889221529743277,0.0,0.02696479098313443,,LMM,D7,
PD,0.43176192205428787,0.008833832294614902,0.0,0.026964790983134358,,LMM,D7,
PD,0.5409639836135032,0.011778443059486512,0.0,0.02696479098313448,,LMM,D7,
PD,0.6501660451727185,0.014723053824358151,0.0,0.026964790983134417,,LMM,D7,
PD,0.7593681067319342,0.017667664589229762,0.0,0.026964790983134493,,LMM,D7,
PD,0.86857016829115,0.020612275354101428,0.0,0.02696479098313455,,LMM,D7,
PD,0.9777722298503653,0.02355688611897304,0.0,0.02696479098313448,,LMM,D7,
PD,1.0869742914095806,0.026501496883844677,0.0,0.026964790983134493,,LMM,D7,
PD,1.1961763529687963,0.029446107648716302,0.0,0.026964790983134368,,LMM,D7,
PD,1.305378414528012,0.03239071841358793,0.0,0.026964790983134368,,LMM,D7,
PD,1.4145804760872274,0.03533532917845954,0.0,0.02696479098313448,,LMM,D7,
PD,1.5237825376464427,0.038279939943331176,0.0,0.02696479098313459,,LMM,D7,
PD,1.6329845992056584,0.04122455070820283,0.0,0.026964790983134618,,LMM,D7,
PD,1.7421866607648742,0.04416916147307448,0.0,0.026964790983134368,,LMM,D7,
PD,1.8513887223240895,0.047113772237946064,0.0,0.02696479098313434,,LMM,D7,
PD,1.9605907838833048,0.0500583830028177,0.0,0.026964790983134534,,LMM,D7,
PD,2.069792845442521,0.05300299376768934,0.0,0.02696479098313445,,LMM,D7,
PD,2.1789949070017363,0.05594760453256098,0.0,0.026964790983134423,,LMM,D7,
PD,2.288196968560951,0.05889221529743256,0.0,0.026964790983134205,,LMM,D7,
ALE,-1.6906588728996246,-0.048127457576650254,0.0,,,LMM,D7,0.10427807486631016
ALE,-1.1546100873681828,-0.03367301411803186,0.0,,,LMM,D7,0.06818181818181818
ALE,-0.8672384846219178,-0.025924098915490468,0.0,,,LMM,D7,0.06951871657754011
ALE,-0.5476146267498729,-0.017305508394747704,0.0,,,LMM,D7,0.11497326203208556
ALE,-0.22626331194385685,-0.008640337358848033,0.0,,,LMM,D7,0.08823529411764706
ALE,0.04978979818247385,-0.0011966229440473278,0.0,,,LMM,D7,0.08021390374331551
ALE,0.26601674903770506,0.004633891590684475,0.0,,,LMM,D7,0.05213903743315508
ALE,0.45573192036327653,0.009749521531808067,0.0,,,LMM,D7,0.06684491978609626
ALE,0.747600141682057,0.017619687114288185,0.0,,,LMM,D7,0.11363636363636363
ALE,1.0877312554658651,0.026791251504329275,0.0,,,LMM,D7,0.07352941176470588
ALE,1.3793078023473506,0.03465355214657263,0.0,,,LMM,D7,0.07887700534759358
ALE,1.9017769948924643,0.04874182471867866,0.0,,,LMM,D7,0.08957219251336898
PD,-2.0798854938076694,-0.2543962823388856,0.0,-0.015277573645309095,,GAM,D7,
PD,-1.9706834322484539,-0.2560646248765761,0.0,-0.007750621400150148,,GAM,D7,
PD,-1.8614813706892384,-0.25608905000940835,0.0,0.007784723734154397,,GAM,D7,
PD,-1.7522793091300228,-0.2543644091156989,0.0,0.0238460317936251,,GAM,D7,
PD,-1.6430772475708073,-0.2508809783456674,0.0,0.039888809072232245,,GAM,D7,
PD,-1.5338751860115918,-0.2456525287480395,0.0,0.0556450085055511,,GAM,D7,
PD,-1.4246731244523763,-0.23872787905709492,0.0,0.07084855483091834,,GAM,D7,
PD,-1.3154710628931607,-0.2301789122559847,0.0,0.0853919889060486,,GAM,D7,
PD,-1.2062690013339452,-0.22007791659873055,0.0,0.09927345513011976,,GAM,D7,
PD,-1.0970669397747297,-0.20849718033935397,0.0,0.11249295350313204,,GAM,D7,
PD,-0.9878648782155142,-0.19550899173187658,0.0,0.12505048402508523,,GAM,D7,
PD,-0.8786628166562986,-0.18118563903031987,0.0,0.13694604669597943,,GAM,D7,
PD,-0.7694607550970831,-0.16559941048870547,0.0,0.14817964151581475,,GAM,D7,
PD,-0.6602586935378676,-0.14882259436105488,0.0,0.15875126848459087,,GAM,D7,
PD,-0.5510566319786521,-0.13092747890138978,0.0,0.16866092760230822,,GAM,D7,
PD,-0.44185457041943654,-0.11198635236373156,0.0,0.17790861886896697,,GAM,D7,
PD,-0.332652508860221,-0.0920715030021019,0.0,0.1864918188094153,,GAM,D7,
PD,-0.2234504473010055,-0.07125577020789989,0.0,0.19422087183006148,,GAM,D7,
PD,-0.11424838574178997,-0.04965286379876014,0.0,0.20054395955277757,,GAM,D7,
PD,-0.0050463241825742244,-0.027456142575077343,0.0,0.20505106328162273,,GAM,D7,
PD,0.10415573737664108,-0.004868866128235415,0.0,0.2077377316732049,,GAM,D7,
PD,0.21335779893585638,0.017914634549620792,0.0,0.2086506650383408,,GAM,D7,
PD,0.3225598604950721,0.040701299407540886,0.0,0.20779568259498477,,GAM,D7,
PD,0.43176192205428787,0.06329806839457436,0.0,0.20517278434313724,,GAM,D7,
PD,0.5409639836135032,0.08551188145977073,0.0,0.2007819702827982,,GAM,D7,
PD,0.6501660451727185,0.10714967855217969,0.0,0.19462324041396728,,GAM,D7,
PD,0.7593681067319342,0.12801839962085085,0.0,0.18669659473664468,,GAM,D7,
PD,0.86857016829115,0.14792498461483375,0.0,0.17700203325083075,,GAM,D7,
PD,0.9777722298503653,0.16667637348317793,0.0,0.16553955595652514,,GAM,D7,
PD,1.0869742914095806,0.184079506174933,0.0,0.15230916285372764,,GAM,D7,
PD,1.1961763529687963,0.1999413226391486,0.0,0.13731085394243825,,GAM,D7,
PD,1.305378414528012,0.21406876282487425,0.0,0.12054855971160505,,GAM,D7,
PD,1.4145804760872274,0.22626962511615153,0.0,0.10227598204156263,,GAM,D7,
PD,1.5237825376464427,0.23640625899873807,0.0,0.08334381944264901,,GAM,D7,
PD,1.6329845992056584,0.24447225891886415,0.0,0.06474895301892758,,GAM,D7,
PD,1.7421866607648742,0.25054769730567344,0.0,0.046983583041044774,,GAM,D7,
PD,1.8513887223240895,0.2547336671739055,0.0,0.030144963430860372,,GAM,D7,
PD,1.9605907838833048,0.2571314816102277,0.0,0.014234101824699419,,GAM,D7,
PD,2.069792845442521,0.2578424537013074,0.0,-0.0007490017774400837,,GAM,D7,
PD,2.1789949070017363,0.2569678965338118,0.0,-0.014804347375555915,,GAM,D7,
PD,2.288196968560951,0.2546091231944084,0.0,-0.021600080673608246,,GAM,D7,
ALE,-1.6906588728996246,-0.24014425712895904,0.0,,,GAM,D7,0.10427807486631016
ALE,-1.1546100873681828,-0.2119362571950994,0.0,,,GAM,D7,0.06818181818181818
ALE,-0.8672384846219178,-0.1770364741059731,0.0,,,GAM,D7,0.06951871657754011
ALE,-0.5476146267498729,-0.12740593754189053,0.0,,,GAM,D7,0.11497326203208556
ALE,-0.22626331194385685,-0.0695990303455592,0.0,,,GAM,D7,0.08823529411764706
ALE,0.04978979818247385,-0.01439414991664939,0.0,,,GAM,D7,0.08021390374331551
ALE,0.26601674903770506,0.03042536653658362,0.0,,,GAM,D7,0.05213903743315508
ALE,0.45573192036327653,0.06954513502696874,0.0,,,GAM,D7,0.06684491978609626
ALE,0.747600141682057,0.12600408149026288,0.0,,,GAM,D7,0.11363636363636363
ALE,1.0877312554658651,0.18416719611995963,0.0,,,GAM,D7,0.07352941176470588
ALE,1.3793078023473506,0.2225141723108079,0.0,,,GAM,D7,0.07887700534759358
ALE,1.9017769948924643,0.2466905750305211,0.0,,,GAM,D7,0.08957219251336898
PD,-2.0798854938076694,-0.23339229214651142,0.0,0.04632389826982055,,RF,D7,
PD,-1.9706834322484539,-0.22833362695598763,0.0,0.017661019844243953,,RF,D7,
PD,-1.8614813706892384,-0.2295350525940521,0.0,-0.05192511984185022,,RF,D7,
PD,-1.7522793091300228,-0.23967428722286638,0.0,-0.032912975008060785,,RF,D7,
PD,-1.6430772475708073,-0.23672338203990645,0.0,0.04935784581007985,,RF,D7,
PD,-1.5338751860115918,-0.22889433018970118,0.0,0.05513249225628858,,RF,D7,
PD,-1.4246731244523763,-0.22468221841333802,0.0,0.032920121743029274,,RF,D7,
PD,-1.3154710628931607,-0.22170443986746285,0.0,0.19634401837525095,,RF,D7,
PD,-1.2062690013339452,-0.18179987525054225,0.0,0.3080716405599969,,RF,D7,
PD,-1.0970669397747297,-0.15442032335330025,0.0,0.14092859942909342,,RF,D7,
PD,-0.9878648782155142,-0.15102048806992246,0.0,0.04103982504683967,,RF,D7,
PD,-0.8786628166562986,-0.14545705635101142,0.0,0.059750849384258786,,RF,D7,
PD,-0.7694607550970831,-0.137970656204572,0.0,0.07820029453947874,,RF,D7,
PD,-0.6602586935378676,-0.12837778959451351,0.0,0.05719852634640854,,RF,D7,
PD,-0.5510566319786521,-0.12547826221421815,0.0,-0.015922688323812273,,RF,D7,
PD,-0.44185457041943654,-0.13185537037556383,0.0,0.04450183810653019,,RF,D7,
PD,-0.332652508860221,-0.11575887728540306,0.0,0.15136159019425943,,RF,D7,
PD,-0.2234504473010055,-0.09879737499537528,0.0,0.15218888624813104,,RF,D7,
PD,-0.11424838574178997,-0.08252019703600934,0.0,0.2461958239166277,,RF,D7,
PD,-0.0050463241825742244,-0.04502719195744445,0.0,0.3008286441654251,,RF,D7,
PD,0.10415573737664108,-0.016817980798153116,0.0,0.3137870329408825,,RF,D7,
PD,0.21335779893585638,0.023505189817943088,0.0,0.3092337664571745,,RF,D7,
PD,0.3225598604950721,0.050719948803535725,0.0,0.40581659916286084,,RF,D7,
PD,0.43176192205428787,0.11213720830501171,0.0,0.2506994052569411,,RF,D7,
PD,0.5409639836135032,0.1054737325749904,0.0,0.011508020523799622,,RF,D7,
PD,0.6501660451727185,0.11465060743634108,0.0,0.13497248084621333,,RF,D7,
PD,0.7593681067319342,0.1349522788993269,0.0,0.11575136259415453,,RF,D7,
PD,0.86857016829115,0.139931182283481,0.0,0.05676705769093526,,RF,D7,
PD,0.9777722298503653,0.147350438356329,0.0,0.06451162905194363,,RF,D7,
PD,1.0869742914095806,0.15402078805751224,0.0,0.15760660978608299,,RF,D7,
PD,1.1961763529687963,0.18177237176432726,0.0,0.20597426388160756,,RF,D7,
PD,1.305378414528012,0.19900641654553913,0.0,0.08049567786462752,,RF,D7,
PD,1.4145804760872274,0.19935295970317501,0.0,0.0339715098686213,,RF,D7,
PD,1.5237825376464427,0.20642593436940448,0.0,0.048214841376485795,,RF,D7,
PD,1.6329845992056584,0.20988327985530064,0.0,0.021262842722501007,,RF,D7,
PD,1.7421866607648742,0.21106982688921744,0.0,0.0653976914161899,,RF,D7,
PD,1.8513887223240895,0.2241664053030233,0.0,0.09357825548457521,,RF,D7,
PD,1.9605907838833048,0.23150770372127855,0.0,0.0505307233188621,,RF,D7,
PD,2.069792845442521,0.23520252362001937,0.0,0.03569330833774487,,RF,D7,
PD,2.1789949070017363,0.2393032694299796,0.0,0.011934223232068941,,RF,D7,
PD,2.288196968560951,0.237809007180119,0.0,-0.01368346191019788,,RF,D7,
ALE,-1.6906588728996246,-0.19860601373427855,0.0,,,RF,D7,0.10427807486631016
ALE,-1.1546100873681828,-0.16405451539688037,0.0,,,RF,D7,0.06818181818181818
ALE,-0.8672384846219178,-0.12683782631304902,0.0,,,RF,D7,0.06951871657754011
ALE,-0.5476146267498729,-0.11487870015802414,0.0,,,RF,D7,0.11497326203208556
ALE,-0.22626331194385685,-0.08933389840851831,0.0,,,RF,D7,0.08823529411764706
ALE,0.04978979818247385,-0.03189412217640358,0.0,,,RF,D7,0.08021390374331551
ALE,0.26601674903770506,0.04663158675723489,0.0,,,RF,D7,0.05213903743315508
ALE,0.45573192036327653,0.09473141095612447,0.0,,,RF,D7,0.06684491978609626
ALE,0.747600141682057,0.11363937012613806,0.0,,,RF,D7,0.11363636363636363
ALE,1.0877312554658651,0.1465545071770184,0.0,,,RF,D7,0.07352941176470588
ALE,1.3793078023473506,0.1757293563952801,0.0,,,RF,D7,0.07887700534759358
ALE,1.9017769948924643,0.20148940820614974,0.0,,,RF,D7,0.08957219251336898
PD,-2.0798854938076694,-0.0003007240722071383,0.0,0.00013894197411178284,,GPR,D7,
PD,-1.9706834322484539,-0.0002855513221970245,0.0,0.0001388944497286806,,GPR,D7,
PD,-1.8614813706892384,-0.00027038895170812885,0.0,0.00013879933998787444,,GPR,D7,
PD,-1.7522793091300228,-0.0002552369740575558,0.0,0.0001387041085044395,,GPR,D7,
PD,-1.6430772475708073,-0.000240095402517293,0.0,0.0001386087555460937,,GPR,D7,
PD,-1.5338751860115918,-0.00022496425034597423,0.0,0.00013851328161138563,,GPR,D7,
PD,-1.4246731244523763,-0.00020984353070670203,0.0,0.00013841768703316294,,GPR,D7,
PD,-1.3154710628931607,-0.00019473325678541487,0.0,0.00013832197189126588,,GPR,D7,
PD,-1.2062690013339452,-0.00017963344172777784,0.0,0.00013822613632278593,,GPR,D7,
PD,-1.0970669397747297,-0.0001645440986897881,0.0,0.00013813018049363076,,GPR,D7,
PD,-0.9878648782155142,-0.0001494652407808758,0.0,0.00013803410445785847,,GPR,D7,
PD,-0.8786628166562986,-0.0001343968811452316,0.0,0.00013793790811480284,,GPR,D7,
PD,-0.7694607550970831,-0.00011933903291427156,0.0,0.00013784159163515334,,GPR,D7,
PD,-0.6602586935378676,-0.00010429170919490707,0.0,0.00013774515510815418,,GPR,D7,
PD,-0.5510566319786521,-8.925492309906288e-05,0.0,0.00013764859845923896,,GPR,D7,
PD,-0.44185457041943654,-7.422868774993596e-05,0.0,0.0001375519219517886,,GPR,D7,
PD,-0.332652508860221,-5.921301620192762e-05,0.0,0.00013745512594128757,,GPR,D7,
PD,-0.2234504473010055,-4.420792150059555e-05,0.0,0.00013735821076244216,,GPR,D7,
PD,-0.11424838574178997,-2.9213416627239808e-05,0.0,0.0001372611769481295,,GPR,D7,
PD,-0.0050463241825742244,-1.422951451103549e-05,0.0,0.0001371640253302868,,GPR,D7,
PD,0.10415573737664108,7.437720484157473e-07,0.0,0.00013706675690018162,,GPR,D7,
PD,0.21335779893585638,1.5706430338435773e-05,0.0,0.000136969372658088,,GPR,D7,
PD,0.3225598604950721,3.0658447777887066e-05,0.0,0.00013687187418889754,,GPR,D7,
PD,0.43176192205428787,4.5599812000238216e-05,0.0,0.00013677426302036175,,GPR,D7,
PD,0.5409639836135032,6.0530510758018824e-05,0.0,0.0001366765408137165,,GPR,D7,
PD,0.6501660451727185,7.545053204751836e-05,0.0,0.00013657870983322518,,GPR,D7,
PD,0.7593681067319342,9.0359864115791e-05,0.0,0.0001364807720354827,,GPR,D7,
PD,0.86857016829115,0.00010525849538645451,0.0,0.00013638272976910533,,GPR,D7,
PD,0.9777722298503653,0.0001201464146195104,0.0,0.00013628458558121256,,GPR,D7,
PD,1.0869742914095806,0.00013502361079487796,0.0,0.0001361863418317457,,GPR,D7,
PD,1.1961763529687963,0.00014989007318797973,0.0,0.00013608800136258,,GPR,D7,
PD,1.305378414528012,0.00016474579139941214,0.0,0.00013598956689791098,,GPR,D7,
PD,1.4145804760872274,0.0001795907552995732,0.0,0.00013589104107373736,,GPR,D7,
PD,1.5237825376464427,0.0001944249550647724,0.0,0.00013579242697533001,,GPR,D7,
PD,1.6329845992056584,0.00020924838123924372,0.0,0.0001356937273877259,,GPR,D7,
PD,1.7421866607648742,0.00022406102460756014,0.0,0.00013559494511778834,,GPR,D7,
PD,1.8513887223240895,0.00023886287632698608,0.0,0.00013549608332981866,,GPR,D7,
PD,1.9605907838833048,0.000253653927873191,0.0,0.00013539714483120323,,GPR,D7,
PD,2.069792845442521,0.00026843417101658426,0.0,0.00013529813257528544,,GPR,D7,
PD,2.1789949070017363,0.00028320359787785757,0.0,0.00013519904958467005,,GPR,D7,
PD,2.288196968560951,0.0002979622008875693,0.0,0.00013514949076038168,,GPR,D7,
ALE,-1.6906588728996246,-0.00024071391589872054,0.0,,,GPR,D7,0.10427807486631016
ALE,-1.1546100873681828,-0.0001721703689661965,0.0,,,GPR,D7,0.06818181818181818
ALE,-0.8672384846219178,-0.00013524255767755712,0.0,,,GPR,D7,0.06951871657754011
ALE,-0.5476146267498729,-9.255615892776698e-05,0.0,,,GPR,D7,0.11497326203208556
ALE,-0.22626331194385685,-4.9003730222577845e-05,0.0,,,GPR,D7,0.08823529411764706
ALE,0.04978979818247385,-1.1128681394869029e-05,0.0,,,GPR,D7,0.08021390374331551
ALE,0.26601674903770506,1.960517409733335e-05,0.0,,,GPR,D7,0.05213903743315508
ALE,0.45573192036327653,4.706130045945315e-05,0.0,,,GPR,D7,0.06684491978609626
ALE,0.747600141682057,8.864792310082567e-05,0.0,,,GPR,D7,0.11363636363636363
ALE,1.0877312554658651,0.0001379557768949133,0.0,,,GPR,D7,0.07352941176470588
ALE,1.3793078023473506,0.0001813125068891668,0.0,,,GPR,D7,0.07887700534759358
ALE,1.9017769948924643,0.0002613886282202911,0.0,,,GPR,D7,0.08957219251336898
PD,-2.0798854938076694,-0.2554724135924667,0.0,0.03896273636928684,,MERF,D7,
PD,-1.9706834322484539,-0.25121760245695235,0.0,0.013889520287272417,,MERF,D7,
PD,-1.8614813706892384,-0.2524388850935893,0.0,-0.014683615225154156,,MERF,D7,
PD,-1.7522793091300228,-0.2544245645644106,0.0,0.016180816432148415,,MERF,D7,
PD,-1.6430772475708073,-0.2489049280693856,0.0,0.09640648535911045,,MERF,D7,
PD,-1.5338751860115918,-0.23336899066662423,0.0,0.0988415514163481,,MERF,D7,
PD,-1.4246731244523763,-0.2273175257046328,0.0,0.04311727629239814,,MERF,D7,
PD,-1.3154710628931607,-0.2239519997467279,0.0,0.10470433103235421,,MERF,D7,
PD,-1.2062690013339452,-0.20444966809880954,0.0,0.21266728703406046,,MERF,D7,
PD,-1.0970669397747297,-0.17750458740607825,0.0,0.13248480656410522,,MERF,D7,
PD,-0.9878648782155142,-0.1755144400946612,0.0,0.061925270734954796,,MERF,D7,
PD,-0.8786628166562986,-0.163979852952339,0.0,0.12128140984786617,,MERF,D7,
PD,-0.7694607550970831,-0.14902608012627094,0.0,0.1959060766214279,,MERF,D7,
PD,-0.6602586935378676,-0.12119315807426387,0.0,0.18822279886601523,,MERF,D7,
PD,-0.5510566319786521,-0.10791744478904206,0.0,0.08444028432811446,,MERF,D7,
PD,-0.44185457041943654,-0.10275105181971103,0.0,0.11268849139647602,,MERF,D7,
PD,-0.332652508860221,-0.08330581364005585,0.0,0.13822652006733038,,MERF,D7,
PD,-0.2234504473010055,-0.07256180991269354,0.0,0.11025442328305013,,MERF,D7,
PD,-0.11424838574178997,-0.05922579300299296,0.0,0.19146789074099535,,MERF,D7,
PD,-0.0050463241825742244,-0.030744433130070803,0.0,0.2408480806036021,,MERF,D7,
PD,0.10415573737664108,-0.006623579154006028,0.0,0.20891999196183075,,MERF,D7,
PD,0.21335779893585638,0.014884554516262414,0.0,0.25098078085588277,,MERF,D7,
PD,0.3225598604950721,0.0481916582084022,0.0,0.40308582430511125,,MERF,D7,
PD,0.43176192205428787,0.10292016051509037,0.0,0.2554566343535996,,MERF,D7,
PD,0.5409639836135032,0.103984440429186,0.0,0.047585373413575605,,MERF,D7,
PD,0.6501660451727185,0.11331300226874544,0.0,0.17626156152326794,,MERF,D7,
PD,0.7593681067319342,0.14248069221316081,0.0,0.1310540496298528,,MERF,D7,
PD,0.86857016829115,0.14193574705927284,0.0,-0.008632754586840763,,MERF,D7,
PD,0.9777722298503653,0.14059526301752526,0.0,0.02815455856189497,,MERF,D7,
PD,1.0869742914095806,0.14808481873377,0.0,0.1874764781452367,,MERF,D7,
PD,1.1961763529687963,0.18154089883216748,0.0,0.24872706696732516,,MERF,D7,
PD,1.305378414528012,0.20240783569058804,0.0,0.1237036767401477,,MERF,D7,
PD,1.4145804760872274,0.20855829187712535,0.0,0.03275281799021501,,MERF,D7,
PD,1.5237825376464427,0.2095611861833985,0.0,0.03563911018211796,,MERF,D7,
PD,1.6329845992056584,0.216342020485172,0.0,0.04047372471644817,,MERF,D7,
PD,1.7421866607648742,0.21840081453943117,0.0,0.04381486162106307,,MERF,D7,
PD,1.8513887223240895,0.22591136691707567,0.0,0.10000783431484661,,MERF,D7,
PD,1.9605907838833048,0.24024293789793852,0.0,0.08646147204478227,,MERF,D7,
PD,2.069792845442521,0.24479490890254496,0.0,0.04010129981157795,,MERF,D7,
PD,2.1789949070017363,0.24900122711919553,0.0,0.018076068028470615,,MERF,D7,
PD,2.288196968560951,0.24874279668973223,0.0,-0.0023665343471850867,,MERF,D7,
ALE,-1.6906588728996246,-0.20808317318026204,0.0,,,MERF,D7,0.10427807486631016
ALE,-1.1546100873681828,-0.1726900146633611,0.0,,,MERF,D7,0.06818181818181818
ALE,-0.8672384846219178,-0.1359650312455775,0.0,,,MERF,D7,0.06951871657754011
ALE,-0.5476146267498729,-0.10113237966766658,0.0,,,MERF,D7,0.11497326203208556
ALE,-0.22626331194385685,-0.0621752959177522,0.0,,,MERF,D7,0.08823529411764706
ALE,0.04978979818247385,-0.020065715832257802,0.0,,,MERF,D7,0.08021390374331551
ALE,0.26601674903770506,0.03839837524813744,0.0,,,MERF,D7,0.05213903743315508
ALE,0.45573192036327653,0.08320087922569935,0.0,,,MERF,D7,0.06684491978609626
ALE,0.747600141682057,0.10479643588421012,0.0,,,MERF,D7,0.11363636363636363
ALE,1.0877312554658651,0.1434145032562017,0.0,,,MERF,D7,0.07352941176470588
ALE,1.3793078023473506,0.17378002175322044,0.0,,,MERF,D7,0.07887700534759358
ALE,1.9017769948924643,0.20009940901398565,0.0,,,MERF,D7,0.08957219251336898
PD,-1.8371635968625626,0.0,0.0,0.0,,Mean,D8,
PD,-1.7449343371114852,0.0,0.0,0.0,,Mean,D8,
PD,-1.6527050773604075,0.0,0.0,0.0,,Mean,D8,
PD,-1.56047581760933,0.0,0.0,0.0,,Mean,D8,
PD,-1.4682465578582526,0.0,0.0,0.0,,Mean,D8,
PD,-1.376017298107175,0.0,0.0,0.0,,Mean,D8,
PD,-1.2837880383560976,0.0,0.0,0.0,,Mean,D8,
PD,-1.1915587786050201,0.0,0.0,0.0,,Mean,D8,
PD,-1.0993295188539425,0.0,0.0,0.0,,Mean,D8,
PD,-1.007100259102865,0.0,0.0,0.0,,Mean,D8,
PD,-0.9148709993517876,0.0,0.0,0.0,,Mean,D8,
PD,-0.8226417396007102,0.0,0.0,0.0,,Mean,D8,
PD,-0.7304124798496325,0.0,0.0,0.0,,Mean,D8,
PD,-0.6381832200985551,0.0,0.0,0.0,,Mean,D8,
PD,-0.5459539603474777,0.0,0.0,0.0,,Mean,D8,
PD,-0.4537247005964,0.0,0.0,0.0,,Mean,D8,
PD,-0.3614954408453226,0.0,0.0,0.0,,Mean,D8,
PD,-0.26926618109424516,0.0,0.0,0.0,,Mean,D8,
PD,-0.1770369213431675,0.0,0.0,0.0,,Mean,D8,
PD,-0.08480766159209008,0.0,0.0,0.0,,Mean,D8,
PD,0.0074215981589873525,0.0,0.0,0.0,,Mean,D8,
PD,0.099650857910065,0.0,0.0,0.0,,Mean,D8,
PD,0.1918801176611422,0.0,0.0,0.0,,Mean,D8,
PD,0.28410937741221987,0.0,0.0,0.0,,Mean,D8,
PD,0.3763386371632975,0.0,0.0,0.0,,Mean,D8,
PD,0.4685678969143747,0.0,0.0,0.0,,Mean,D8,
PD,0.5607971566654524,0.0,0.0,0.0,,Mean,D8,
PD,0.65302641641653,0.0,0.0,0.0,,Mean,D8,
PD,0.7452556761676072,0.0,0.0,0.0,,Mean,D8,
PD,0.8374849359186849,0.0,0.0,0.0,,Mean,D8,
PD,0.9297141956697625,0.0,0.0,0.0,,Mean,D8,
PD,1.0219434554208398,0.0,0.0,0.0,,Mean,D8,
PD,1.1141727151719174,0.0,0.0,0.0,,Mean,D8,
PD,1.206401974922995,0.0,0.0,0.0,,Mean,D8,
PD,1.2986312346740723,0.0,0.0,0.0,,Mean,D8,
PD,1.39086049442515,0.0,0.0,0.0,,Mean,D8,
PD,1.4830897541762276,0.0,0.0,0.0,,Mean,D8,
PD,1.5753190139273048,0.0,0.0,0.0,,Mean,D8,
PD,1.6675482736783824,0.0,0.0,0.0,,Mean,D8,
PD,1.75977753342946,0.0,0.0,0.0,,Mean,D8,
PD,1.8520067931805375,0.0,0.0,0.0,,Mean,D8,
ALE,-1.6137316971908624,0.0,0.0,,,Mean,D8,0.0755813953488372
ALE,-1.2504530170562804,0.0,0.0,,,Mean,D8,0.061046511627906974
ALE,-0.9852650535969393,0.0,0.0,,,Mean,D8,0.06976744186046512
ALE,-0.7500000389275878,0.0,0.0,,,Mean,D8,0.08139534883720931
ALE,-0.5592240456896694,0.0,0.0,,,Mean,D8,0.0436046511627907
ALE,-0.3636469339315952,0.0,0.0,,,Mean,D8,0.07848837209302326
ALE,-0.2061537003989126,0.0,0.0,,,Mean,D8,0.040697674418604654
ALE,0.02559211458306375,0.0,0.0,,,Mean,D8,0.12645348837209303
ALE,0.37057070551674315,0.0,0.0,,,Mean,D8,0.11918604651162791
ALE,0.6474402994343021,0.0,0.0,,,Mean,D8,0.07122093023255814
ALE,1.106155812486837,0.0,0.0,,,Mean,D8,0.16424418604651161
ALE,1.648004792046844,0.0,0.0,,,Mean,D8,0.06831395348837209
PD,-1.8371635968625626,-0.6528330943712085,0.0,0.3539186458468683,,LMM,D8,
PD,-1.7449343371114852,-0.6201914396526481,0.0,0.35391864584686816,,LMM,D8,
PD,-1.6527050773604075,-0.5875497849340877,0.0,0.3539186458468677,,LMM,D8,
PD,-1.56047581760933,-0.5549081302155273,0.0,0.3539186458468686,,LMM,D8,
PD,-1.4682465578582526,-0.5222664754969668,0.0,0.3539186458468695,,LMM,D8,
PD,-1.376017298107175,-0.4896248207784063,0.0,0.3539186458468686,,LMM,D8,
PD,-1.2837880383560976,-0.4569831660598459,0.0,0.3539186458468686,,LMM,D8,
PD,-1.1915587786050201,-0.4243415113412855,0.0,0.35391864584686816,,LMM,D8,
PD,-1.0993295188539425,-0.39169985662272505,0.0,0.35391864584686794,,LMM,D8,
PD,-1.007100259102865,-0.35905820190416465,0.0,0.35391864584686816,,LMM,D8,
PD,-0.9148709993517876,-0.32641654718560426,0.0,0.3539186458468684,,LMM,D8,
PD,-0.8226417396007102,-0.29377489246704386,0.0,0.3539186458468686,,LMM,D8,
PD,-0.7304124798496325,-0.26113323774848335,0.0,0.35391864584686816,,LMM,D8,
PD,-0.6381832200985551,-0.228491583029923,0.0,0.35391864584686794,,LMM,D8,
PD,-0.5459539603474777,-0.19584992831136258,0.0,0.35391864584686883,,LMM,D8,
PD,-0.4537247005964,-0.16320827359280207,0.0,0.3539186458468683,,LMM,D8,
PD,-0.3614954408453226,-0.13056661887424167,0.0,0.35391864584686816,,LMM,D8,
PD,-0.26926618109424516,-0.0979249641556813,0.0,0.3539186458468683,,LMM,D8,
PD,-0.1770369213431675,-0.06528330943712082,0.0,0.3539186458468684,,LMM,D8,
PD,-0.08480766159209008,-0.03264165471856041,0.0,0.35391864584686833,,LMM,D8,
PD,0.0074215981589873525,-2.0816681711721685e-17,0.0,0.35391864584686833,,LMM,D8,
PD,0.099650857910065,0.03264165471856047,0.0,0.3539186458468682,,LMM,D8,
PD,0.1918801176611422,0.06528330943712077,0.0,0.3539186458468683,,LMM,D8,
PD,0.28410937741221987,0.09792496415568125,0.0,0.35391864584686855,,LMM,D8,
PD,0.3763386371632975,0.13056661887424176,0.0,0.3539186458468683,,LMM,D8,
PD,0.4685678969143747,0.16320827359280204,0.0,0.35391864584686816,,LMM,D8,
PD,0.5607971566654524,0.19584992831136253,0.0,0.3539186458468685,,LMM,D8,
PD,0.65302641641653,0.22849158302992303,0.0,0.3539186458468684,,LMM,D8,
PD,0.7452556761676072,0.26113323774848335,0.0,0.35391864584686816,,LMM,D8,
PD,0.8374849359186849,0.2937748924670438,0.0,0.3539186458468684,,LMM,D8,
PD,0.9297141956697625,0.3264165471856043,0.0,0.3539186458468684,,LMM,D8,
PD,1.0219434554208398,0.35905820190416465,0.0,0.3539186458468684,,LMM,D8,
PD,1.1141727151719174,0.3916998566227251,0.0,0.3539186458468684,,LMM,D8,
PD,1.206401974922995,0.4243415113412856,0.0,0.35391864584686816,,LMM,D8,
PD,1.2986312346740723,0.4569831660598459,0.0,0.35391864584686905,,LMM,D8,
PD,1.39086049442515,0.4896248207784064,0.0,0.3539186458468677,,LMM,D8,
PD,1.4830897541762276,0.5222664754969667,0.0,0.3539186458468673,,LMM,D8,
PD,1.5753190139273048,0.5549081302155271,0.0,0.35391864584686905,,LMM,D8,
PD,1.6675482736783824,0.5875497849340876,0.0,0.3539186458468686,,LMM,D8,
PD,1.75977753342946,0.6201914396526481,0.0,0.3539186458468686,,LMM,D8,
PD,1.8520067931805375,0.6528330943712084,0.0,0.3539186458468671,,LMM,D8,
ALE,-1.6137316971908624,-0.5705525406752743,0.0,,,LMM,D8,0.0755813953488372
ALE,-1.2504530170562804,-0.4419814421370053,0.0,,,LMM,D8,0.061046511627906974
ALE,-0.9852650535969393,-0.34812647721458656,0.0,,,LMM,D8,0.06976744186046512
ALE,-0.7500000389275878,-0.2648618018076661,0.0,,,LMM,D8,0.08139534883720931
ALE,-0.5592240456896694,-0.19734262062081065,0.0,,,LMM,D8,0.0436046511627907
ALE,-0.3636469339315952,-0.1281242340687514,0.0,,,LMM,D8,0.07848837209302326
ALE,-0.2061537003989126,-0.07238444212681983,0.0,,,LMM,D8,0.040697674418604654
ALE,0.02559211458306375,0.009634722892280179,0.0,,,LMM,D8,0.12645348837209303
ALE,0.37057070551674315,0.1317290786416887,0.0,,,LMM,D8,0.11918604651162791
ALE,0.6474402994343021,0.22971839039716357,0.0,,,LMM,D8,0.07122093023255814
ALE,1.106155812486837,0.39206636360566804,0.0,,,LMM,D8,0.16424418604651161
ALE,1.648004792046844,0.5838368207050533,0.0,,,LMM,D8,0.06831395348837209
PD,-1.8371635968625626,-0.35881094925318546,0.0,0.016293334525935555,,GAM,D8,
PD,-1.7449343371114852,-0.35730822707098175,0.0,0.02745177759203732,,GAM,D8,
PD,-1.6527050773604075,-0.35374723500085586,0.0,0.05016930871555436,,GAM,D8,
PD,-1.56047581760933,-0.348054070660864,0.0,0.0736754318839219,,GAM,D8,
PD,-1.4682465578582526,-0.3401571739118658,0.0,0.09754117893587466,,GAM,D8,
PD,-1.376017298107175,-0.3300617692038578,0.0,0.12073818435321004,,GAM,D8,
PD,-1.2837880383560976,-0.3178859871786944,0.0,0.1425944508026029,,GAM,D8,
PD,-1.1915587786050201,-0.3037590079195868,0.0,0.1630500762454432,,GAM,D8,
PD,-1.0993295188539425,-0.28781001150974644,0.0,0.1821050606817307,,GAM,D8,
PD,-1.007100259102865,-0.27016817803238463,0.0,0.19975940411146542,,GAM,D8,
PD,-0.9148709993517876,-0.25096268757071283,0.0,0.216013106534648,,GAM,D8,
PD,-0.8226417396007102,-0.2303227202079422,0.0,0.23086616795127868,,GAM,D8,
PD,-0.7304124798496325,-0.20837745602728414,0.0,0.24431858836135545,,GAM,D8,
PD,-0.6381832200985551,-0.18525607511195008,0.0,0.25637036776488087,,GAM,D8,
PD,-0.5459539603474777,-0.16108775754515126,0.0,0.26702150616185405,,GAM,D8,
PD,-0.4537247005964,-0.1360016834100989,0.0,0.276272003552274,,GAM,D8,
PD,-0.3614954408453226,-0.11012703279000466,0.0,0.28412185993614164,,GAM,D8,
PD,-0.26926618109424516,-0.08359298576807962,0.0,0.2905627660202281,,GAM,D8,
PD,-0.1770369213431675,-0.056530255147462294,0.0,0.2954378266928995,,GAM,D8,
PD,-0.08480766159209008,-0.029096961651373116,0.0,0.29847024317170745,,GAM,D8,
PD,0.0074215981589873525,-0.0014748759765609897,0.0,0.2995275955681118,,GAM,D8,
PD,0.099650857910065,0.02615345517716106,0.0,0.29860567695761725,,GAM,D8,
PD,0.1918801176611422,0.053605485109979804,0.0,0.2957044873402239,,GAM,D8,
PD,0.28410937741221987,0.08069866712208246,0.0,0.2908240267159315,,GAM,D8,
PD,0.3763386371632975,0.10725045451365578,0.0,0.28396430591801086,,GAM,D8,
PD,0.4685678969143747,0.13307830258317574,0.0,0.2752129687328534,,GAM,D8,
PD,0.5607971566654524,0.15801583127391072,0.0,0.26506452069588304,,GAM,D8,
PD,0.65302641641653,0.18197171164328674,0.0,0.25405479860372726,,GAM,D8,
PD,0.7452556761676072,0.20487840329677243,0.0,0.24231298143145885,,GAM,D8,
PD,0.8374849359186849,0.22666840545428676,0.0,0.22983928393982667,,GAM,D8,
PD,0.9297141956697625,0.24727421733574836,0.0,0.21663370612883104,,GAM,D8,
PD,1.0219434554208398,0.26662833816107584,0.0,0.2026962479984722,,GAM,D8,
PD,1.1141727151719174,0.28466326715018814,0.0,0.18802690954875034,,GAM,D8,
PD,1.206401974922995,0.301311503523004,0.0,0.17262569077966528,,GAM,D8,
PD,1.2986312346740723,0.316505546499442,0.0,0.1564925916912161,,GAM,D8,
PD,1.39086049442515,0.33017789529942093,0.0,0.1396859392617109,,GAM,D8,
PD,1.4830897541762276,0.3422718080509252,0.0,0.12265490997961037,,GAM,D8,
PD,1.5753190139273048,0.35280263840392995,0.0,0.10595094517538883,,GAM,D8,
PD,1.6675482736783824,0.36181536253783136,0.0,0.08973512926232008,,GAM,D8,
PD,1.75977753342946,0.36935504749499204,0.0,0.07400795483335232,,GAM,D8,
PD,1.8520067931805375,0.3754667603177738,0.0,0.06626652798989185,,GAM,D8,
ALE,-1.6137316971908624,-0.3411193876371462,0.0,,,GAM,D8,0.0755813953488372
ALE,-1.2504530170562804,-0.30664066220613206,0.0,,,GAM,D8,0.061046511627906974
ALE,-0.9852650535969393,-0.26017367061836666,0.0,,,GAM,D8,0.06976744186046512
ALE,-0.7500000389275878,-0.20811772248192134,0.0,,,GAM,D8,0.08139534883720931
ALE,-0.5592240456896694,-0.16009655052066274,0.0,,,GAM,D8,0.0436046511627907
ALE,-0.3636469339315952,-0.10605781599816433,0.0,,,GAM,D8,0.07848837209302326
ALE,-0.2061537003989126,-0.060908053486607605,0.0,,,GAM,D8,0.040697674418604654
ALE,0.02559211458306375,0.008079539656308976,0.0,,,GAM,D8,0.12645348837209303
ALE,0.37057070551674315,0.10876022118311907,0.0,,,GAM,D8,0.11918604651162791
ALE,0.6474402994343021,0.18382081212166684,0.0,,,GAM,D8,0.07122093023255814
ALE,1.106155812486837,0.2780543716979195,0.0,,,GAM,D8,0.16424418604651161
ALE,1.648004792046844,0.36057163431197675,0.0,,,GAM,D8,0.06831395348837209
PD,-1.8371635968625626,-0.5040673129550083,0.0,0.0035422098522179357,,RF,D8,
PD,-1.7449343371114852,-0.5037406175624553,0.0,-0.018431041483782273,,RF,D8,
PD,-1.6527050773604075,-0.5074670755799896,0.0,0.005577481162523323,,RF,D8,
PD,-1.56047581760933,-0.5027118036446651,0.0,0.3231475718015422,,RF,D8,
PD,-1.4682465578582526,-0.4478597529047609,0.0,0.40033523862626863,,RF,D8,
PD,-1.376017298107175,-0.4288665582231217,0.0,0.15447744555270582,,RF,D8,
PD,-1.2837880383560976,-0.41936507200163387,0.0,-0.028107118125975994,,RF,D8,
PD,-1.1915587786050201,-0.43405115562011143,0.0,-0.02667636916948135,,RF,D8,
PD,-1.0993295188539425,-0.4242857555643293,0.0,0.099053226056113,,RF,D8,
PD,-1.007100259102865,-0.4157799441898885,0.0,0.1153214215467524,,RF,D8,
PD,-0.9148709993517876,-0.40301373687893144,0.0,0.33620113296365406,,RF,D8,
PD,-0.8226417396007102,-0.35376478094846575,0.0,0.3896906020833395,,RF,D8,
PD,-0.7304124798496325,-0.33113198535473526,0.0,0.15904177591416446,,RF,D8,
PD,-0.6381832200985551,-0.3244281704243454,0.0,-0.06377468671533104,,RF,D8,
PD,-0.5459539603474777,-0.342895769647959,0.0,-0.022608755661773783,,RF,D8,
PD,-0.4537247005964,-0.3285985480215021,0.0,0.23802859078254657,,RF,D8,
PD,-0.3614954408453226,-0.29898936819302613,0.0,0.6297077389814392,,RF,D8,
PD,-0.26926618109424516,-0.2124435907699365,0.0,1.0616734970697548,,RF,D8,
PD,-0.1770369213431675,-0.10315464672886357,0.0,1.0095618475308128,,RF,D8,
PD,-0.08480766159209008,-0.02622130702854228,0.0,0.6248077196619567,,RF,D8,
PD,0.0074215981589873525,0.012096460213498379,0.0,0.2962652915681905,,RF,D8,
PD,0.099650857910065,0.028427350034000393,0.0,0.13878195121219822,,RF,D8,
PD,0.1918801176611422,0.037695973467720786,0.0,0.15162450511614514,,RF,D8,
PD,0.28410937741221987,0.05639578176797147,0.0,0.34016049627604583,,RF,D8,
PD,0.3763386371632975,0.10044147500391862,0.0,1.4310085655355396,,RF,D8,
PD,0.4685678969143747,0.32035750316155864,0.0,1.5240671706259241,,RF,D8,
PD,0.5607971566654524,0.38156864891941383,0.0,0.5593637565672216,,RF,D8,
PD,0.65302641641653,0.42353691356111234,0.0,0.47568932807999653,,RF,D8,
PD,0.7452556761676072,0.4693135981200249,0.0,0.1505902294204553,,RF,D8,
PD,0.8374849359186849,0.4513145643314991,0.0,-0.11092366569855239,,RF,D8,
PD,0.9297141956697625,0.4488527829675179,0.0,0.07352220123744502,,RF,D8,
PD,1.0219434554208398,0.46487636072229765,0.0,0.05009805459674865,,RF,D8,
PD,1.1141727151719174,0.4580937959483721,0.0,0.003093306513647587,,RF,D8,
PD,1.206401974922995,0.4654469474621714,0.0,-0.0039897031653768344,,RF,D8,
PD,1.2986312346740723,0.45735786120923383,0.0,-0.14179140563662385,,RF,D8,
PD,1.39086049442515,0.43929231470031016,0.0,-0.09826319908183834,,RF,D8,
PD,1.4830897541762276,0.43923237698505235,0.0,-0.08125933190515555,,RF,D8,
PD,1.5753190139273048,0.42430333864135117,0.0,-0.10200470634917158,,RF,D8,
PD,1.6675482736783824,0.42041673986963213,0.0,0.09969675346758144,,RF,D8,
PD,1.75977753342946,0.4426932541851526,0.0,0.8170193033511168,,RF,D8,
PD,1.8520067931805375,0.571122910970461,0.0,1.3925044734386265,,RF,D8,
ALE,-1.6137316971908624,-0.47784512645449606,0.0,,,RF,D8,0.0755813953488372
ALE,-1.2504530170562804,-0.438843472319027,0.0,,,RF,D8,0.061046511627906974
ALE,-0.9852650535969393,-0.40006465619944354,0.0,,,RF,D8,0.06976744186046512
ALE,-0.7500000389275878,-0.34315663647675715,0.0,,,RF,D8,0.08139534883720931
ALE,-0.5592240456896694,-0.32936335668789296,0.0,,,RF,D8,0.0436046511627907
ALE,-0.3636469339315952,-0.27032042845465015,0.0,,,RF,D8,0.07848837209302326
ALE,-0.2061537003989126,-0.1575527828370944,0.0,,,RF,D8,0.040697674418604654
ALE,0.02559211458306375,-0.03605293329537046,0.0,,,RF,D8,0.12645348837209303
ALE,0.37057070551674315,0.20285148018606114,0.0,,,RF,D8,0.11918604651162791
ALE,0.6474402994343021,0.42077338408259624,0.0,,,RF,D8,0.07122093023255814
ALE,1.106155812486837,0.4613401946162633,0.0,,,RF,D8,0.16424418604651161
ALE,1.648004792046844,0.5179228791422641,0.0,,,RF,D8,0.06831395348837209
PD,-1.8371635968625626,-0.4705756204457761,0.0,0.1104258381196032,,GPR,D8,
PD,-1.7449343371114852,-0.4603911271386128,0.0,0.11812102221468024,,GPR,D8,
PD,-1.6527050773604075,-0.4487871915659751,0.0,0.13389986006970966,,GPR,D8,
PD,-1.56047581760933,-0.4356921571886084,0.0,0.15031441316081473,,GPR,D8,
PD,-1.4682465578582526,-0.42106041745449596,0.0,0.1671028174721534,,GPR,D8,
PD,-1.376017298107175,-0.40486861887305614,0.0,0.1840889922265938,,GPR,D8,
PD,-1.2837880383560976,-0.38710363449173474,0.0,0.20121447885959354,,GPR,D8,
PD,-1.1915587786050201,-0.3677528940002179,0.0,0.21847183986681018,,GPR,D8,
PD,-1.0993295188539425,-0.34680464235699104,0.0,0.23581971702645532,,GPR,D8,
PD,-1.007100259102865,-0.32425393812810077,0.0,0.25315285136556054,,GPR,D8,
PD,-0.9148709993517876,-0.3001084421863507,0.0,0.2703150088877071,,GPR,D8,
PD,-0.8226417396007102,-0.2743920317894625,0.0,0.28714165214563514,,GPR,D8,
PD,-0.7304124798496325,-0.24714271814416405,0.0,0.303532300715327,,GPR,D8,
PD,-0.6381832200985551,-0.21840291297843034,0.0,0.31947174139885726,,GPR,D8,
PD,-0.5459539603474777,-0.18821343370295557,0.0,0.3349730061474031,,GPR,D8,
PD,-0.4537247005964,-0.15661428819129408,0.0,0.34977383754214864,,GPR,D8,
PD,-0.3614954408453226,-0.1236946694693435,0.0,0.36323023242502406,,GPR,D8,
PD,-0.26926618109424516,-0.08961337727975055,0.0,0.37457090913375984,,GPR,D8,
PD,-0.1770369213431675,-0.054601874121953914,0.0,0.3829598657733008,,GPR,D8,
PD,-0.08480766159209008,-0.018973167410463454,0.0,0.3876271692757335,,GPR,D8,
PD,0.0074215981589873525,0.016899259641459052,0.0,0.3880592134043293,,GPR,D8,
PD,0.099650857910065,0.05260766057326999,0.0,0.3840019560205925,,GPR,D8,
PD,0.1918801176611422,0.08773169193494915,0.0,0.3754403907753702,,GPR,D8,
PD,0.28410937741221987,0.12186083921700525,0.0,0.36259293852450797,,GPR,D8,
PD,0.3763386371632975,0.1546150485571159,0.0,0.34588268399801625,,GPR,D8,
PD,0.4685678969143747,0.18566184702871102,0.0,0.3258975247416863,,GPR,D8,
PD,0.5607971566654524,0.2147296234803842,0.0,0.30335232898416575,,GPR,D8,
PD,0.65302641641653,0.24161776852066097,0.0,0.2790586490127802,,GPR,D8,
PD,0.7452556761676072,0.2662043687315532,0.0,0.25389244729232807,,GPR,D8,
PD,0.8374849359186849,0.2884503934609826,0.0,0.2287400266214099,,GPR,D8,
PD,0.9297141956697625,0.30839741539302207,0.0,0.2044186642787309,,GPR,D8,
PD,1.0219434554208398,0.3261571576324454,0.0,0.18160251116601844,,GPR,D8,
PD,1.1141727151719174,0.3418955457405793,0.0,0.16078591917089624,,GPR,D8,
PD,1.206401974922995,0.35581549023950215,0.0,0.14228947953389914,,GPR,D8,
PD,1.2986312346740723,0.3681420524761346,0.0,0.12630359071931263,,GPR,D8,
PD,1.39086049442515,0.3791132635913926,0.0,0.11294463845790137,,GPR,D8,
PD,1.4830897541762276,0.38897565327178524,0.0,0.10224500183691942,,GPR,D8,
PD,1.5753190139273048,0.3979732252567259,0.0,0.09404622277471564,,GPR,D8,
PD,1.6675482736783824,0.40632328028957904,0.0,0.08792777088253523,,GPR,D8,
PD,1.75977753342946,0.4141922516968431,0.0,0.08327097027296215,,GPR,D8,
PD,1.8520067931805375,0.4216833201836376,0.0,0.08122225535597419,,GPR,D8,
ALE,-1.6137316971908624,-0.4808538348910704,0.0,,,GPR,D8,0.0755813953488372
ALE,-1.2504530170562804,-0.4197639139023527,0.0,,,GPR,D8,0.061046511627906974
ALE,-0.9852650535969393,-0.35622045275207465,0.0,,,GPR,D8,0.06976744186046512
ALE,-0.7500000389275878,-0.2846672857071906,0.0,,,GPR,D8,0.08139534883720931
ALE,-0.5592240456896694,-0.215699981371495,0.0,,,GPR,D8,0.0436046511627907
ALE,-0.3636469339315952,-0.13439112631595296,0.0,,,GPR,D8,0.07848837209302326
ALE,-0.2061537003989126,-0.06636005503259268,0.0,,,GPR,D8,0.040697674418604654
ALE,0.02559211458306375,0.034686208007725705,0.0,,,GPR,D8,0.12645348837209303
ALE,0.37057070551674315,0.17905372691571753,0.0,,,GPR,D8,0.11918604651162791
ALE,0.6474402994343021,0.269961703183779,0.0,,,GPR,D8,0.07122093023255814
ALE,1.106155812486837,0.3550018796111978,0.0,,,GPR,D8,0.16424418604651161
ALE,1.648004792046844,0.43015305908987567,0.0,,,GPR,D8,0.06831395348837209
PD,-1.8371635968625626,-0.4792573445112017,0.0,0.037565629020778236,,MERF,D8,
PD,-1.7449343371114852,-0.47579269435453175,0.0,0.03282898171556026,,MERF,D8,
PD,-1.6527050773604075,-0.4732017591471862,0.0,0.02999288256478838,,MERF,D8,
PD,-1.56047581760933,-0.4702602516410288,0.0,0.13494644734692995,,MERF,D8,
PD,-1.4682465578582526,-0.448309737257496,0.0,0.18181060679979977,,MERF,D8,
PD,-1.376017298107175,-0.4367237362809494,0.0,0.06722634082112444,,MERF,D8,
PD,-1.2837880383560976,-0.4359092659580841,0.0,-0.07418205730521032,,MERF,D8,
PD,-1.1915587786050201,-0.4504072487450925,0.0,-0.007955966980448537,,MERF,D8,
PD,-1.0993295188539425,-0.43737681184850563,0.0,0.09978005899210496,,MERF,D8,
PD,-1.007100259102865,-0.4320019667875711,0.0,0.04256673904045094,,MERF,D8,
PD,-0.9148709993517876,-0.4295250141850695,0.0,0.5469947522360943,,MERF,D8,
PD,-0.8226417396007102,-0.3311041246146531,0.0,0.538320165539506,,MERF,D8,
PD,-0.7304124798496325,-0.3302272734314975,0.0,0.032845548398951374,,MERF,D8,
PD,-0.6381832200985551,-0.32504548338474615,0.0,-0.048547993499967745,,MERF,D8,
PD,-0.5459539603474777,-0.33918236443730176,0.0,0.2581787918847489,,MERF,D8,
PD,-0.4537247005964,-0.2774222056668302,0.0,0.4746465255733623,,MERF,D8,
PD,-0.3614954408453226,-0.25162976904319745,0.0,0.5648088065818276,,MERF,D8,
PD,-0.26926618109424516,-0.1732384094029673,0.0,1.185604266338784,,MERF,D8,
PD,-0.1770369213431675,-0.032934961358906514,0.0,1.322137419165048,,MERF,D8,
PD,-0.08480766159209008,0.07064110151461775,0.0,0.6374125153665904,,MERF,D8,
PD,0.0074215981589873525,0.08464120753775929,0.0,0.15653312987809925,,MERF,D8,
PD,0.099650857910065,0.0995149709049705,0.0,0.1792623841423947,,MERF,D8,
PD,0.1918801176611422,0.11770768151909197,0.0,0.2799988640793568,,MERF,D8,
PD,0.28410937741221987,0.1511631468353338,0.0,0.2957127908912257,,MERF,D8,
PD,0.3763386371632975,0.1722544251247379,0.0,0.7397369431935296,,MERF,D8,
PD,0.4685678969143747,0.28761392819786147,0.0,0.8046470435872094,,MERF,D8,
PD,0.5607971566654524,0.32067842750662,0.0,0.5466934213058756,,MERF,D8,
PD,0.65302641641653,0.3884561873135113,0.0,0.8285668660663339,,MERF,D8,
PD,0.7452556761676072,0.47351464492975615,0.0,0.39917899544169044,,MERF,D8,
PD,0.8374849359186849,0.46208815382904234,0.0,-0.17051105202029682,,MERF,D8,
PD,0.9297141956697625,0.4420624287153372,0.0,-0.16104967029299067,,MERF,D8,
PD,1.0219434554208398,0.43238117008048715,0.0,-0.11761206411571523,,MERF,D8,
PD,1.1141727151719174,0.4203678814929598,0.0,-0.07108205462743067,,MERF,D8,
PD,1.206401974922995,0.41926947952074,0.0,-0.07683950903245496,,MERF,D8,
PD,1.2986312346740723,0.40619417941756075,0.0,-0.16727081108776787,,MERF,D8,
PD,1.39086049442515,0.3884149533515656,0.0,-0.1528043507768424,,MERF,D8,
PD,1.4830897541762276,0.3780081150997764,0.0,-0.11860648796993778,,MERF,D8,
PD,1.5753190139273048,0.36653697617728076,0.0,-0.034432814542248114,,MERF,D8,
PD,1.6675482736783824,0.3716566891070211,0.0,0.05393263529386294,,MERF,D8,
PD,1.75977753342946,0.3764853102364364,0.0,0.15311125023421557,,MERF,D8,
PD,1.8520067931805375,0.3998993636443484,0.0,0.2538679533057675,,MERF,D8,
ALE,-1.6137316971908624,-0.47366201463370655,0.0,,,MERF,D8,0.0755813953488372
ALE,-1.2504530170562804,-0.45525165092392106,0.0,,,MERF,D8,0.061046511627906974
ALE,-0.9852650535969393,-0.4052335309844587,0.0,,,MERF,D8,0.06976744186046512
ALE,-0.7500000389275878,-0.34272796746270295,0.0,,,MERF,D8,0.08139534883720931
ALE,-0.5592240456896694,-0.3160798199286412,0.0,,,MERF,D8,0.0436046511627907
ALE,-0.3636469339315952,-0.2312217551336102,0.0,,,MERF,D8,0.07848837209302326
ALE,-0.2061537003989126,-0.0991838577742088,0.0,,,MERF,D8,0.040697674418604654
ALE,0.02559211458306375,0.04242386731327169,0.0,,,MERF,D8,0.12645348837209303
ALE,0.37057070551674315,0.21322853718375018,0.0,,,MERF,D8,0.11918604651162791
ALE,0.6474402994343021,0.390425068212865,0.0,,,MERF,D8,0.07122093023255814
ALE,1.106155812486837,0.42824254035428694,0.0,,,MERF,D8,0.16424418604651161
ALE,1.648004792046844,0.39239649467846555,0.0,,,MERF,D8,0.06831395348837209
PD,-1.601870333210709,0.0,-0.8636705367918704,0.0,,Mean,D9,
PD,-1.5233440016368491,0.0,-0.8515645238743274,0.0,,Mean,D9,
PD,-1.4448176700629891,0.0,-0.837600894822702,0.0,,Mean,D9,
PD,-1.3662913384891293,0.0,-0.8215316429879956,0.0,,Mean,D9,
PD,-1.2877650069152695,0.0,-0.8030881732079738,0.0,,Mean,D9,
PD,-1.2092386753414095,0.0,-0.7819839433881878,0.0,,Mean,D9,
PD,-1.1307123437675497,0.0,-0.7579189259290577,0.0,,Mean,D9,
PD,-1.05218601219369,0.0,-0.7305863101582375,0.0,,Mean,D9,
PD,-0.9736596806198299,0.0,-0.6996818395738985,0.0,,Mean,D9,
PD,-0.89513334904597,0.0,-0.6649160820400338,0.0,,Mean,D9,
PD,-0.8166070174721101,0.0,-0.6260297426509193,0.0,,Mean,D9,
PD,-0.7380806858982503,0.0,-0.5828118278347127,0.0,,Mean,D9,
PD,-0.6595543543243904,0.0,-0.535120048808276,0.0,,Mean,D9,
PD,-0.5810280227505304,0.0,-0.4829023308830447,0.0,,Mean,D9,
PD,-0.5025016911766707,0.0,-0.4262177265152131,0.0,,Mean,D9,
PD,-0.42397535960281063,0.0,-0.36525451084733646,0.0,,Mean,D9,
PD,-0.34544902802895083,0.0,-0.30034290236392275,0.0,,Mean,D9,
PD,-0.26692269645509104,0.0,-0.23195984635631717,0.0,,Mean,D9,
PD,-0.18839636488123102,0.0,-0.16072374702171985,0.0,,Mean,D9,
PD,-0.10987003330737122,0.0,-0.08737797912388293,0.0,,Mean,D9,
PD,-0.0313437017335112,0.0,-0.012763373805988604,0.0,,Mean,D9,
PD,0.0471826298403486,0.0,0.06221855910858704,0.0,,Mean,D9,
PD,0.1257089614142084,0.0,0.136648454078336,0.0,,Mean,D9,
PD,0.20423529298806842,0.0,0.20963373094090787,0.0,,Mean,D9,
PD,0.2827616245619282,0.0,0.2803505152491083,0.0,,Mean,D9,
PD,0.361287956135788,0.0,0.3480787640978242,0.0,,Mean,D9,
PD,0.43981428770964803,0.0,0.4122276471093813,0.0,,Mean,D9,
PD,0.518340619283508,0.0,0.472349738563776,0.0,,Mean,D9,
PD,0.5968669508573676,0.0,0.5281441263344142,0.0,,Mean,D9,
PD,0.6753932824312276,0.0,0.5794498355711488,0.0,,Mean,D9,
PD,0.7539196140050877,0.0,0.6262318118382454,0.0,,Mean,D9,
PD,0.8324459455789472,0.0,0.6685620583550369,0.0,,Mean,D9,
PD,0.9109722771528073,0.0,0.7065984388764754,0.0,,Mean,D9,
PD,0.9894986087266673,0.0,0.7405632727677667,0.0,,Mean,D9,
PD,1.0680249403005269,0.0,0.7707233099457466,0.0,,Mean,D9,
PD,1.1465512718743869,0.0,0.7973721078489594,0.0,,Mean,D9,
PD,1.225077603448247,0.0,0.8208153283308939,0.0,,Mean,D9,
PD,1.3036039350221065,0.0,0.8413590754896684,0.0,,Mean,D9,
PD,1.3821302665959665,0.0,0.8593011181522592,0.0,,Mean,D9,
PD,1.4606565981698265,0.0,0.8749246728776925,0.0,,Mean,D9,
PD,1.539182929743686,0.0,0.8884943434493915,0.0,,Mean,D9,
ALE,-1.332933905687939,0.0,-0.8353803909290601,,,Mean,D9,0.10556348074179743
ALE,-1.0036167630556916,0.0,-0.7468879911922397,,,Mean,D9,0.02282453637660485
ALE,-0.8330042391344807,0.0,-0.6663631416668314,,,Mean,D9,0.05135520684736091
ALE,-0.6007257278752323,0.0,-0.5271017788352115,,,Mean,D9,0.08131241084165478
ALE,-0.3422163132440147,0.0,-0.32850692462091347,,,Mean,D9,0.11982881597717546
ALE,-0.06942535245253467,0.0,-0.08392651798547024,,,Mean,D9,0.1398002853067047
ALE,0.15560418287053807,0.0,0.12743816967083665,,,Mean,D9,0.09415121255349501
ALE,0.32931516605340305,0.0,0.2828531867428319,,,Mean,D9,0.06419400855920114
ALE,0.5151117531739176,0.0,0.4303250048330469,,,Mean,D9,0.06990014265335236
ALE,0.8111584408641157,0.0,0.6080978447605729,,,Mean,D9,0.1312410841654779
ALE,1.0766603219865019,0.0,0.736342750546416,,,Mean,D9,0.047075606276747506
ALE,1.3430426679076604,0.0,0.8069031644636424,,,Mean,D9,0.07275320970042796
PD,-1.601870333210709,-0.9278529610138899,-0.8636705367918704,0.5907909757258777,,LMM,D9,
PD,-1.5233440016368491,-0.8814603129631955,-0.8515645238743274,0.5907909757258771,,LMM,D9,
PD,-1.4448176700629891,-0.8350676649125008,-0.837600894822702,0.5907909757258789,,LMM,D9,
PD,-1.3662913384891293,-0.7886750168618064,-0.8215316429879956,0.590790975725878,,LMM,D9,
PD,-1.2877650069152695,-0.742282368811112,-0.8030881732079738,0.5907909757258771,,LMM,D9,
PD,-1.2092386753414095,-0.6958897207604174,-0.7819839433881878,0.5907909757258789,,LMM,D9,
PD,-1.1307123437675497,-0.6494970727097229,-0.7579189259290577,0.590790975725878,,LMM,D9,
PD,-1.05218601219369,-0.6031044246590286,-0.7305863101582375,0.5907909757258776,,LMM,D9,
PD,-0.9736596806198299,-0.5567117766083339,-0.6996818395738985,0.5907909757258789,,LMM,D9,
PD,-0.89513334904597,-0.5103191285576394,-0.6649160820400338,0.5907909757258776,,LMM,D9,
PD,-0.8166070174721101,-0.4639264805069449,-0.6260297426509193,0.590790975725878,,LMM,D9,
PD,-0.7380806858982503,-0.4175338324562504,-0.5828118278347127,0.5907909757258776,,LMM,D9,
PD,-0.6595543543243904,-0.371141184405556,-0.535120048808276,0.5907909757258776,,LMM,D9,
PD,-0.5810280227505304,-0.32474853635486145,-0.4829023308830447,0.590790975725878,,LMM,D9,
PD,-0.5025016911766707,-0.278355888304167,-0.4262177265152131,0.5907909757258776,,LMM,D9,
PD,-0.42397535960281063,-0.2319632402534724,-0.36525451084733646,0.5907909757258782,,LMM,D9,
PD,-0.34544902802895083,-0.18557059220277797,-0.30034290236392275,0.5907909757258776,,LMM,D9,
PD,-0.26692269645509104,-0.13917794415208354,-0.23195984635631717,0.5907909757258778,,LMM,D9,
PD,-0.18839636488123102,-0.09278529610138896,-0.16072374702171985,0.590790975725878,,LMM,D9,
PD,-0.10987003330737122,-0.046392648050694506,-0.08737797912388293,0.5907909757258778,,LMM,D9,
PD,-0.0313437017335112,5.551115123125783e-17,-0.012763373805988604,0.5907909757258778,,LMM,D9,
PD,0.0471826298403486,0.04639264805069451,0.06221855910858704,0.590790975725878,,LMM,D9,
PD,0.1257089614142084,0.09278529610138896,0.136648454078336,0.5907909757258779,,LMM,D9,
PD,0.20423529298806842,0.13917794415208354,0.20963373094090787,0.5907909757258781,,LMM,D9,
PD,0.2827616245619282,0.18557059220277802,0.2803505152491083,0.5907909757258778,,LMM,D9,
PD,0.361287956135788,0.23196324025347242,0.3480787640978242,0.590790975725878,,LMM,D9,
PD,0.43981428770964803,0.278355888304167,0.4122276471093813,0.5907909757258776,,LMM,D9,
PD,0.518340619283508,0.32474853635486156,0.472349738563776,0.5907909757258778,,LMM,D9,
PD,0.5968669508573676,0.3711411844055559,0.5281441263344142,0.590790975725878,,LMM,D9,
PD,0.6753932824312276,0.4175338324562505,0.5794498355711488,0.5907909757258771,,LMM,D9,
PD,0.7539196140050877,0.46392648050694496,0.6262318118382454,0.5907909757258776,,LMM,D9,
PD,0.8324459455789472,0.5103191285576393,0.6685620583550369,0.5907909757258785,,LMM,D9,
PD,0.9109722771528073,0.5567117766083339,0.7065984388764754,0.5907909757258776,,LMM,D9,
PD,0.9894986087266673,0.6031044246590284,0.7405632727677667,0.590790975725878,,LMM,D9,
PD,1.0680249403005269,0.6494970727097228,0.7707233099457466,0.5907909757258771,,LMM,D9,
PD,1.1465512718743869,0.6958897207604172,0.7973721078489594,0.590790975725878,,LMM,D9,
PD,1.225077603448247,0.742282368811112,0.8208153283308939,0.5907909757258789,,LMM,D9,
PD,1.3036039350221065,0.7886750168618062,0.8413590754896684,0.590790975725878,,LMM,D9,
PD,1.3821302665959665,0.8350676649125008,0.8593011181522592,0.590790975725878,,LMM,D9,
PD,1.4606565981698265,0.8814603129631954,0.8749246728776925,0.590790975725878,,LMM,D9,
PD,1.539182929743686,0.9278529610138897,0.8884943434493915,0.590790975725878,,LMM,D9,
ALE,-1.332933905687939,-0.7997113471311696,-0.8353803909290601,,,LMM,D9,0.10556348074179743
ALE,-1.0036167630556916,-0.605153751112206,-0.7468879911922397,,,LMM,D9,0.02282453637660485
ALE,-0.8330042391344807,-0.5043574116337393,-0.6663631416668314,,,LMM,D9,0.05135520684736091
ALE,-0.6007257278752323,-0.3671293633267335,-0.5271017788352115,,,LMM,D9,0.08131241084165478
ALE,-0.3422163132440147,-0.21440433402243086,-0.32850692462091347,,,LMM,D9,0.11982881597717546
ALE,-0.06942535245253467,-0.053241896127232735,-0.08392651798547024,,,LMM,D9,0.1398002853067047
ALE,0.15560418287053807,0.07970352261342639,0.12743816967083665,,,LMM,D9,0.09415121255349501
ALE,0.32931516605340305,0.18233040386233257,0.2828531867428319,,,LMM,D9,0.06419400855920114
ALE,0.5151117531739176,0.2920973508537996,0.4303250048330469,,,LMM,D9,0.06990014265335236
ALE,0.8111584408641157,0.466999062334706,0.6080978447605729,,,LMM,D9,0.1312410841654779
ALE,1.0766603219865019,0.6238551777400565,0.736342750546416,,,LMM,D9,0.047075606276747506
ALE,1.3430426679076604,0.781231463802966,0.8069031644636424,,,LMM,D9,0.07275320970042796
PD,-1.601870333210709,-0.38982918071925843,-0.8636705367918704,-0.025169212732006677,,GAM,D9,
PD,-1.5233440016368491,-0.391805626663705,-0.8515645238743274,-0.008131858268316527,,GAM,D9,
PD,-1.4448176700629891,-0.39110631071663726,-0.837600894822702,0.027444970355062992,,GAM,D9,
PD,-1.3662913384891293,-0.3874953209794322,-0.8215316429879956,0.06602603837043786,,GAM,D9,
PD,-1.2877650069152695,-0.3807367455534665,-0.8030881732079738,0.10756204906147637,,GAM,D9,
PD,-1.2092386753414095,-0.37060241472070155,-0.7819839433881878,0.15091343080303776,,GAM,D9,
PD,-1.1307123437675497,-0.35703538934109025,-0.7579189259290577,0.19336443833133776,,GAM,D9,
PD,-1.05218601219369,-0.340234014722702,-0.7305863101582375,0.23271479552863772,,GAM,D9,
PD,-0.9736596806198299,-0.3204869109494406,-0.6996818395738985,0.26837160927963755,,GAM,D9,
PD,-0.89513334904597,-0.29808553877209554,-0.6649160820400338,0.30031679223179863,,GAM,D9,
PD,-0.8166070174721101,-0.27332135894145615,-0.6260297426509193,0.3285503443851212,,GAM,D9,
PD,-0.7380806858982503,-0.2464858322083118,-0.5828118278347127,0.3530722657396048,,GAM,D9,
PD,-0.6595543543243904,-0.2178704193234518,-0.535120048808276,0.3738825562952506,,GAM,D9,
PD,-0.5810280227505304,-0.18776658103766541,-0.4829023308830447,0.39098121605205793,,GAM,D9,
PD,-0.5025016911766707,-0.15646577810174211,-0.4262177265152131,0.40436824501002666,,GAM,D9,
PD,-0.42397535960281063,-0.12425947126647106,-0.36525451084733646,0.41404364316915676,,GAM,D9,
PD,-0.34544902802895083,-0.09143912128264184,-0.30034290236392275,0.42000741052944796,,GAM,D9,
PD,-0.26692269645509104,-0.0582961889010437,-0.23195984635631717,0.42225955351645483,,GAM,D9,
PD,-0.18839636488123102,-0.02512213386331548,-0.16072374702171985,0.42090578887027463,,GAM,D9,
PD,-0.10987003330737122,0.007808186175324826,-0.08737797912388293,0.4163603910974219,,GAM,D9,
PD,-0.0313437017335112,0.040268374387760805,-0.012763373805988604,0.408901508059971,,GAM,D9,
PD,0.0471826298403486,0.0720272569812621,0.06221855910858704,0.39848958429585174,,GAM,D9,
PD,0.1257089614142084,0.10285222483805202,0.136648454078336,0.3851154806728906,,GAM,D9,
PD,0.20423529298806842,0.13251066884035378,0.20963373094090787,0.3687791971910873,,GAM,D9,
PD,0.2827616245619282,0.1607699798703904,0.2803505152491083,0.34948073385044287,,GAM,D9,
PD,0.361287956135788,0.18739754881038523,0.3480787640978242,0.3272200906509566,,GAM,D9,
PD,0.43981428770964803,0.21216076654256144,0.4122276471093813,0.3019972675926281,,GAM,D9,
PD,0.518340619283508,0.23482702394914212,0.472349738563776,0.27381226467545816,,GAM,D9,
PD,0.5968669508573676,0.25516371191235043,0.5281441263344142,0.2426650818994469,,GAM,D9,
PD,0.6753932824312276,0.2729382213144097,0.5794498355711488,0.20855571926459304,,GAM,D9,
PD,0.7539196140050877,0.28791794303754303,0.6262318118382454,0.1714841767708979,,GAM,D9,
PD,0.8324459455789472,0.29987026796397354,0.6685620583550369,0.1314981341747019,,GAM,D9,
PD,0.9109722771528073,0.3085700752086361,0.7065984388764754,0.08983902242686992,,GAM,D9,
PD,0.9894986087266673,0.3139797256907012,0.7405632727677667,0.04926247461800637,,GAM,D9,
PD,1.0680249403005269,0.316306878040641,0.7707233099457466,0.011472824348860211,,GAM,D9,
PD,1.1465512718743869,0.3157815633085157,0.7973721078489594,-0.02338747667590302,,GAM,D9,
PD,1.225077603448247,0.31263381254438527,0.8208153283308939,-0.05531842845628265,,GAM,D9,
PD,1.3036039350221065,0.3070936567983099,0.8413590754896684,-0.08432003099227736,,GAM,D9,
PD,1.3821302665959665,0.2993911271203498,0.8593011181522592,-0.11039228428388959,,GAM,D9,
PD,1.4606565981698265,0.28975625456056486,0.8749246728776925,-0.133535188331118,,GAM,D9,
PD,1.539182929743686,0.27841907016901546,0.8884943434493915,-0.1443743030436355,,GAM,D9,
ALE,-1.332933905687939,-0.3951821121558691,-0.8353803909290601,,,GAM,D9,0.10556348074179743
ALE,-1.0036167630556916,-0.35632095612042014,-0.7468879911922397,,,GAM,D9,0.02282453637660485
ALE,-0.8330042391344807,-0.3053616785431728,-0.6663631416668314,,,GAM,D9,0.05135520684736091
ALE,-0.6007257278752323,-0.22269704386251565,-0.5271017788352115,,,GAM,D9,0.08131241084165478
ALE,-0.3422163132440147,-0.11839936990814559,-0.32850692462091347,,,GAM,D9,0.11982881597717546
ALE,-0.06942535245253467,-0.005077945050680599,-0.08392651798547024,,,GAM,D9,0.1398002853067047
ALE,0.15560418287053807,0.08470346803788298,0.12743816967083665,,,GAM,D9,0.09415121255349501
ALE,0.32931516605340305,0.1469414929642624,0.2828531867428319,,,GAM,D9,0.06419400855920114
ALE,0.5151117531739176,0.20323921333966988,0.4303250048330469,,,GAM,D9,0.06990014265335236
ALE,0.8111584408641157,0.25843546272871354,0.6080978447605729,,,GAM,D9,0.1312410841654779
ALE,1.0766603219865019,0.2864642226254729,0.736342750546416,,,GAM,D9,0.047075606276747506
ALE,1.3430426679076604,0.2683068581806156,0.8069031644636424,,,GAM,D9,0.07275320970042796
PD,-1.601870333210709,-0.6236964720824254,-0.8636705367918704,-0.02655537127240919,,RF,D9,
PD,-1.5233440016368491,-0.6257817679720296,-0.8515645238743274,-0.011689884605230905,,RF,D9,
PD,-1.4448176700629891,-0.6255323995915664,-0.837600894822702,0.008252188202701571,,RF,D9,
PD,-1.3662913384891293,-0.6244857398379992,-0.8215316429879956,-0.0027463586584457467,,RF,D9,
PD,-1.2877650069152695,-0.625963722532834,-0.8030881732079738,0.006747500679712193,,RF,D9,
PD,-1.2092386753414095,-0.6234260268866593,-0.7819839433881878,0.07333479166699064,,RF,D9,
PD,-1.1307123437675497,-0.6144462982001501,-0.7579189259290577,0.13644667322819037,,RF,D9,
PD,-1.05218601219369,-0.6019967134785253,-0.7305863101582375,0.5786121011060681,,RF,D9,
PD,-0.9736596806198299,-0.5235737267919441,-0.6996818395738985,0.6227530134219359,,RF,D9,
PD,-0.89513334904597,-0.5041916942373424,-0.6649160820400338,0.4356043429568568,,RF,D9,
PD,-0.8166070174721101,-0.4551609046518571,-0.6260297426509193,0.3769329274604831,,RF,D9,
PD,-0.7380806858982503,-0.4449933741516073,-0.5828118278347127,0.16415213134338646,,RF,D9,
PD,-0.6595543543243904,-0.42938037526300393,-0.535120048808276,0.21876662088015886,,RF,D9,
PD,-0.5810280227505304,-0.41063549373455077,-0.4829023308830447,2.0696437156846166,,RF,D9,
PD,-0.5025016911766707,-0.10433731794779333,-0.4262177265152131,2.4508248649199853,,RF,D9,
PD,-0.42397535960281063,-0.025726921790217086,-0.36525451084733646,0.5853833924799771,,RF,D9,
PD,-0.34544902802895083,-0.012401297196365832,-0.30034290236392275,0.14425700497316069,,RF,D9,
PD,-0.26692269645509104,-0.003070974981468369,-0.23195984635631717,0.22492744040902943,,RF,D9,
PD,-0.18839636488123102,0.02292415633487234,-0.16072374702171985,0.14149399602278911,,RF,D9,
PD,-0.10987003330737122,0.019151033913323623,-0.08737797912388293,-0.03555683341201936,,RF,D9,
PD,-0.0313437017335112,0.01733986095441488,-0.012763373805988604,-0.023529581529309646,,RF,D9,
PD,0.0471826298403486,0.015455650471394147,0.06221855910858704,0.11141058840072375,,RF,D9,
PD,0.1257089614142084,0.034837190565602985,0.136648454078336,0.5810136249647064,,RF,D9,
PD,0.20423529298806842,0.10670538759721195,0.20963373094090787,1.3301538910988073,,RF,D9,
PD,0.2827616245619282,0.24374140155897261,0.2803505152491083,1.059641960910343,,RF,D9,
PD,0.361287956135788,0.2731249795412531,0.3480787640978242,0.20566932386829095,,RF,D9,
PD,0.43981428770964803,0.2760423166002785,0.4122276471093813,0.8703638846714179,,RF,D9,
PD,0.518340619283508,0.40981794553649437,0.472349738563776,1.0684292459450488,,RF,D9,
PD,0.5968669508573676,0.44384197506085893,0.5281441263344142,0.4018044909473968,,RF,D9,
PD,0.6753932824312276,0.47292241090449677,0.5794498355711488,0.2607253399280416,,RF,D9,
PD,0.7539196140050877,0.48478958404665246,0.6262318118382454,0.12097103691110522,,RF,D9,
PD,0.8324459455789472,0.491921234415127,0.6685620583550369,0.05288430181543324,,RF,D9,
PD,0.9109722771528073,0.493095204485474,0.7065984388764754,0.059844499163495435,,RF,D9,
PD,0.9894986087266673,0.5013199723834955,0.7405632727677667,0.13805748716805333,,RF,D9,
PD,1.0680249403005269,0.5147775005126989,0.7707233099457466,0.17051124022124498,,RF,D9,
PD,1.1465512718743869,0.5280992167568626,0.7973721078489594,0.038892936501272235,,RF,D9,
PD,1.225077603448247,0.5208857397678589,0.8208153283308939,-0.10345720986361684,,RF,D9,
PD,1.3036039350221065,0.511850986425949,0.8413590754896684,-0.14259088611980753,,RF,D9,
PD,1.3821302665959665,0.4984914613621499,0.8593011181522592,-0.08288926846949218,,RF,D9,
PD,1.4606565981698265,0.4988330060664488,0.8749246728776925,0.0021747145031065784,,RF,D9,
PD,1.539182929743686,0.4988330060664488,0.8884943434493915,0.0,,RF,D9,
ALE,-1.332933905687939,-0.6711293278942634,-0.8353803909290601,,,RF,D9,0.10556348074179743
ALE,-1.0036167630556916,-0.6137185399780869,-0.7468879911922397,,,RF,D9,0.02282453637660485
ALE,-0.8330042391344807,-0.5313443332038887,-0.6663631416668314,,,RF,D9,0.05135520684736091
ALE,-0.6007257278752323,-0.28958907140034595,-0.5271017788352115,,,RF,D9,0.08131241084165478
ALE,-0.3422163132440147,-0.050886186664830024,-0.32850692462091347,,,RF,D9,0.11982881597717546
ALE,-0.06942535245253467,-0.02790246088900472,-0.08392651798547024,,,RF,D9,0.1398002853067047
ALE,0.15560418287053807,0.016998651060924574,0.12743816967083665,,,RF,D9,0.09415121255349501
ALE,0.32931516605340305,0.14620187108798288,0.2828531867428319,,,RF,D9,0.06419400855920114
ALE,0.5151117531739176,0.31252583113554255,0.4303250048330469,,,RF,D9,0.06990014265335236
ALE,0.8111584408641157,0.43200143183627704,0.6080978447605729,,,RF,D9,0.1312410841654779
ALE,1.0766603219865019,0.4724267915219784,0.736342750546416,,,RF,D9,0.047075606276747506
ALE,1.3430426679076604,0.46623419749349115,0.8069031644636424,,,RF,D9,0.07275320970042796
PD,-1.601870333210709,-0.5615685074757294,-0.8636705367918704,-0.06830300264854453,,GPR,D9,
PD,-1.5233440016368491,-0.5669320917091992,-0.8515645238743274,-0.03589640832048202,,GPR,D9,
PD,-1.4448176700629891,-0.567206133999899,-0.837600894822702,0.03742495955294389,,GPR,D9,
PD,-1.3662913384891293,-0.5610544021432138,-0.8215316429879956,0.12641339916174354,,GPR,D9,
PD,-1.2877650069152695,-0.5473525730039915,-0.8030881732079738,0.2276768884479754,,GPR,D9,
PD,-1.2092386753414095,-0.5252971404752729,-0.7819839433881878,0.3292863109607991,,GPR,D9,
PD,-1.1307123437675497,-0.4956372809295099,-0.7579189259290577,0.41728168281034383,,GPR,D9,
PD,-1.05218601219369,-0.4597619409071464,-0.7305863101582375,0.486670494704355,,GPR,D9,
PD,-0.9736596806198299,-0.41920438366077273,-0.6996818395738985,0.5401183052141301,,GPR,D9,
PD,-0.89513334904597,-0.37493492265843426,-0.6649160820400338,0.584604293080548,,GPR,D9,
PD,-0.8166070174721101,-0.32739072254488255,-0.6260297426509193,0.6129057444345527,,GPR,D9,
PD,-0.7380806858982503,-0.2786764432364521,-0.5828118278347127,0.6174811744122428,,GPR,D9,
PD,-0.6595543543243904,-0.23041365965985822,-0.535120048808276,0.6086088539768935,,GPR,D9,
PD,-0.5810280227505304,-0.1830928019040992,-0.4829023308830447,0.5931771384426414,,GPR,D9,
PD,-0.5025016911766707,-0.13725361034909778,-0.4262177265152131,0.5588418235818894,,GPR,D9,
PD,-0.42397535960281063,-0.09532520523223528,-0.36525451084733646,0.5002149186606712,,GPR,D9,
PD,-0.34544902802895083,-0.05869352522721931,-0.30034290236392275,0.439792770779052,,GPR,D9,
PD,-0.26692269645509104,-0.026254579348270555,-0.23195984635631717,0.39689136370005346,,GPR,D9,
PD,-0.18839636488123102,0.0036393204222043354,-0.16072374702171985,0.3738503315464503,,GPR,D9,
PD,-0.10987003330737122,0.03245961083975748,-0.08737797912388293,0.3682853224651301,,GPR,D9,
PD,-0.0313437017335112,0.061479511113569786,-0.012763373805988604,0.3774640784991904,,GPR,D9,
PD,0.0471826298403486,0.0917413496106553,0.06221855910858704,0.39745905852059354,,GPR,D9,
PD,0.1257089614142084,0.12390151474641434,0.136648454078336,0.41877620511443014,,GPR,D9,
PD,0.20423529298806842,0.15751126788677233,0.20963373094090787,0.4302615015114989,,GPR,D9,
PD,0.2827616245619282,0.19147522940873193,0.2803505152491083,0.4348717046248918,,GPR,D9,
PD,0.361287956135788,0.22580902722570007,0.3480787640978242,0.4406226026925577,,GPR,D9,
PD,0.43981428770964803,0.26067618260467773,0.4122276471093813,0.4424321219953027,,GPR,D9,
PD,0.518340619283508,0.2952941702471593,0.472349738563776,0.4252707568687222,,GPR,D9,
PD,0.5968669508573676,0.3274660875297569,0.5281441263344142,0.38367836819400836,,GPR,D9,
PD,0.6753932824312276,0.35555187976419966,0.5794498355711488,0.3262777121611067,,GPR,D9,
PD,0.7539196140050877,0.37870887115040397,0.6262318118382454,0.259567244324312,,GPR,D9,
PD,0.8324459455789472,0.39631760675124766,0.6685620583550369,0.18857533598378495,,GPR,D9,
PD,0.9109722771528073,0.40832512987063335,0.7065984388764754,0.11775295450055001,,GPR,D9,
PD,0.9894986087266673,0.41481102184907137,0.7405632727677667,0.04571471918309289,,GPR,D9,
PD,1.0680249403005269,0.41550474826338823,0.7707233099457466,-0.025363811321601926,,GPR,D9,
PD,1.1465512718743869,0.4108275677334375,0.7973721078489594,-0.09186800743621948,,GPR,D9,
PD,1.225077603448247,0.40107663303745544,0.8208153283308939,-0.14466737371159377,,GPR,D9,
PD,1.3036039350221065,0.3881071714214453,0.8413590754896684,-0.1755721245972608,,GPR,D9,
PD,1.3821302665959665,0.37350256329495235,0.8593011181522592,-0.18921221320839043,,GPR,D9,
PD,1.4606565981698265,0.3583908894369934,0.8749246728776925,-0.19120970276098026,,GPR,D9,
PD,1.539182929743686,0.3434725702566565,0.8884943434493915,-0.18997855727292104,,GPR,D9,
ALE,-1.332933905687939,-0.52019217227975,-0.8353803909290601,,,GPR,D9,0.10556348074179743
ALE,-1.0036167630556916,-0.45208957956452966,-0.7468879911922397,,,GPR,D9,0.02282453637660485
ALE,-0.8330042391344807,-0.34904333080949207,-0.6663631416668314,,,GPR,D9,0.05135520684736091
ALE,-0.6007257278752323,-0.21077303804626363,-0.5271017788352115,,,GPR,D9,0.08131241084165478
ALE,-0.3422163132440147,-0.09363660918370204,-0.32850692462091347,,,GPR,D9,0.11982881597717546
ALE,-0.06942535245253467,-0.015353419144029101,-0.08392651798547024,,,GPR,D9,0.1398002853067047
ALE,0.15560418287053807,0.059603126913243876,0.12743816967083665,,,GPR,D9,0.09415121255349501
ALE,0.32931516605340305,0.13846754570108155,0.2828531867428319,,,GPR,D9,0.06419400855920114
ALE,0.5151117531739176,0.2227711036137061,0.4303250048330469,,,GPR,D9,0.06990014265335236
ALE,0.8111584408641157,0.3195155253640465,0.6080978447605729,,,GPR,D9,0.1312410841654779
ALE,1.0766603219865019,0.36647269619754064,0.736342750546416,,,GPR,D9,0.047075606276747506
ALE,1.3430426679076604,0.3354456868461383,0.8069031644636424,,,GPR,D9,0.07275320970042796
PD,-1.601870333210709,-0.580430742020049,-0.8636705367918704,-0.027729700499193013,,MERF,D9,
PD,-1.5233440016368491,-0.5826082536758924,-0.8515645238743274,-0.012133638931882906,,MERF,D9,
PD,-1.4448176700629891,-0.582336362327974,-0.837600894822702,-0.002553295174873238,,MERF,D9,
PD,-1.3662913384891293,-0.5830092554829085,-0.8215316429879956,-0.02032167093474735,,MERF,D9,
PD,-1.2877650069152695,-0.5855279348678877,-0.8030881732079738,0.00018866255895888528,,MERF,D9,
PD,-1.2092386753414095,-0.5829796255255877,-0.7819839433881878,0.07535655790863682,,MERF,D9,
PD,-1.1307123437675497,-0.573692986762691,-0.7579189259290577,0.14816196085940847,,MERF,D9,
PD,-1.05218601219369,-0.5597103949954294,-0.7305863101582375,0.4091800852691887,,MERF,D9,
PD,-0.9736596806198299,-0.5094301646641537,-0.6996818395738985,0.43684937210341346,,MERF,D9,
PD,-0.89513334904597,-0.49110203771217903,-0.6649160820400338,0.3723117432747838,,MERF,D9,
PD,-0.8166070174721101,-0.4509576138616787,-0.6260297426509193,0.29598402591759987,,MERF,D9,
PD,-0.7380806858982503,-0.44461695819263625,-0.5828118278347127,0.14700309148391488,,MERF,D9,
PD,-0.6595543543243904,-0.427870386853182,-0.535120048808276,0.18197168598290991,,MERF,D9,
PD,-0.5810280227505304,-0.41603782029153963,-0.4829023308830447,1.977487724093169,,MERF,D9,
PD,-0.5025016911766707,-0.11730067344242703,-0.4262177265152131,2.46447879216885,,MERF,D9,
PD,-0.42397535960281063,-0.02898486271034638,-0.36525451084733646,0.650471727560147,,MERF,D9,
PD,-0.34544902802895083,-0.01514235632680766,-0.30034290236392275,0.1094830020203119,,MERF,D9,
PD,-0.26692269645509104,-0.011790265673649228,-0.23195984635631717,0.18090256550793032,,MERF,D9,
PD,-0.18839636488123102,0.013268873356467703,-0.16072374702171985,0.15204457458508444,,MERF,D9,
PD,-0.10987003330737122,0.012088739682100474,-0.08737797912388293,-0.02021961042366642,,MERF,D9,
PD,-0.0313437017335112,0.010093329691621494,-0.012763373805988604,-0.010654460160235621,,MERF,D9,
PD,0.0471826298403486,0.010415428339534183,0.06221855910858704,0.09058406368853571,,MERF,D9,
PD,0.1257089614142084,0.024319798132648673,0.136648454078336,0.7445264632587686,,MERF,D9,
PD,0.20423529298806842,0.127345292178277,0.20963373094090787,1.368242438780952,,MERF,D9,
PD,0.2827616245619282,0.23920591697492816,0.2803505152491083,0.8729529619005083,,MERF,D9,
PD,0.361287956135788,0.2644448796474416,0.3480787640978242,0.17276372435010368,,MERF,D9,
PD,0.43981428770964803,0.26633891997943043,0.4122276471093813,0.7335965641583353,,MERF,D9,
PD,0.518340619283508,0.3796581737245254,0.472349738563776,0.9370351708654212,,MERF,D9,
PD,0.5968669508573676,0.4135027890269238,0.5281441263344142,0.49127963695446164,,MERF,D9,
PD,0.6753932824312276,0.4568149490584685,0.5794498355711488,0.3465863266759266,,MERF,D9,
PD,0.7539196140050877,0.46793509464196376,0.6262318118382454,0.10464975956730393,,MERF,D9,
PD,0.8324459455789472,0.4732504724962822,0.6685620583550369,0.058424658861648826,,MERF,D9,
PD,0.9109722771528073,0.4771108429096827,0.7065984388764754,0.11917239591743156,,MERF,D9,
PD,0.9894986087266673,0.49196681464880937,0.7405632727677667,0.13678180525684303,,MERF,D9,
PD,1.0680249403005269,0.4985927896954227,0.7707233099457466,0.09218397768067188,,MERF,D9,
PD,1.1465512718743869,0.5064445538431088,0.7973721078489594,-0.03394832436454687,,MERF,D9,
PD,1.225077603448247,0.493261114944568,0.8208153283308939,-0.12075974840356274,,MERF,D9,
PD,1.3036039350221065,0.4874789137552807,0.8413590754896684,-0.10411023192580737,,MERF,D9,
PD,1.3821302665959665,0.4769103257596931,0.8593011181522592,-0.0696490723947285,,MERF,D9,
PD,1.4606565981698265,0.47654034144992025,0.8749246728776925,-0.002355797745529742,,MERF,D9,
PD,1.539182929743686,0.47654034144992025,0.8884943434493915,0.0,,MERF,D9,
ALE,-1.332933905687939,-0.6304493643229384,-0.8353803909290601,,,MERF,D9,0.10556348074179743
ALE,-1.0036167630556916,-0.5843224026606355,-0.7468879911922397,,,MERF,D9,0.02282453637660485
ALE,-0.8330042391344807,-0.5203215167349745,-0.6663631416668314,,,MERF,D9,0.05135520684736091
ALE,-0.6007257278752323,-0.28991607549339615,-0.5271017788352115,,,MERF,D9,0.08131241084165478
ALE,-0.3422163132440147,-0.05460886018982991,-0.32850692462091347,,,MERF,D9,0.11982881597717546
ALE,-0.06942535245253467,-0.030443183262221285,-0.08392651798547024,,,MERF,D9,0.1398002853067047
ALE,0.15560418287053807,0.0266763918492694,0.12743816967083665,,,MERF,D9,0.09415121255349501
ALE,0.32931516605340305,0.15284492430078156,0.2828531867428319,,,MERF,D9,0.06419400855920114
ALE,0.5151117531739176,0.29434023251786756,0.4303250048330469,,,MERF,D9,0.06990014265335236
ALE,0.8111584408641157,0.41187067227388807,0.6080978447605729,,,MERF,D9,0.1312410841654779
ALE,1.0766603219865019,0.457187333034206,0.736342750546416,,,MERF,D9,0.047075606276747506
ALE,1.3430426679076604,0.44684627128244436,0.8069031644636424,,,MERF,D9,0.07275320970042796
