scenario,model,metric,total_replicates,n,mean,mcse,lower,upper,precision_mcse,monitored,precision_pass,applicable_or_finite_n
D0,GAM,false_arrow,200,200,0.01,0.007053278933842965,0.0027466581335444384,0.0357217617161768,0.007836807961205653,True,True,200
D0,GAM,safe_abstention,200,200,0.99,0.007053278933842965,0.9642782382838231,0.9972533418664555,0.007836807961205653,False,,200
D0,GAM,issued_arrow,200,200,0.01,0.007053278933842965,0.0027466581335444384,0.0357217617161768,0.007836807961205653,False,,200
D0,GAM,invalid,200,200,0.0,0.0,1.734723475976807e-18,0.018845326377266575,0.003522338870275198,False,,200
D0,GAM,ale_standardized_irmse,200,200,0.04041675968067158,0.001696193341880687,0.037092220730585435,0.04374129863075772,0.001696193341880687,True,True,200
D0,GAM,pd_standardized_irmse,200,200,0.047071360551532555,0.0019458365087475428,0.04325752099438737,0.05088520010867774,0.0019458365087475428,False,,200
D0,GAM,pd_standardized_iae,200,200,0.04144380759746016,0.0017761901421116542,0.03796247491892132,0.044925140275999,0.0017761901421116542,False,,200
D0,GAM,standardized_effect_error,200,200,0.06860828782216778,0.003882601756049144,0.060998388380311463,0.0762181872640241,0.003882601756049144,False,,200
D0,GAM,slope_standardized_rmse,200,200,0.0638928791255605,0.0021794509933546085,0.059621155178585475,0.06816460307253554,0.0021794509933546085,False,,200
D0,GPR,false_arrow,200,200,0.0,0.0,1.734723475976807e-18,0.018845326377266575,0.003522338870275198,True,True,200
D0,GPR,safe_abstention,200,200,1.0,0.0,0.9811546736227335,1.0,0.0035223388702752293,False,,200
D0,GPR,issued_arrow,200,200,0.0,0.0,1.734723475976807e-18,0.018845326377266575,0.003522338870275198,False,,200
D0,GPR,invalid,200,200,0.0,0.0,1.734723475976807e-18,0.018845326377266575,0.003522338870275198,False,,200
D0,GPR,ale_standardized_irmse,200,200,0.02309912882809918,0.0016982324085910553,0.019770593307260713,0.026427664348937646,0.0016982324085910553,True,True,200
D0,GPR,pd_standardized_irmse,200,200,0.026259344636500627,0.0018105495795354765,0.022710667460611095,0.02980802181239016,0.0018105495795354765,False,,200
D0,GPR,pd_standardized_iae,200,200,0.02242110121338371,0.0015605469631536405,0.019362429165602574,0.025479773261164844,0.0015605469631536405,False,,200
D0,GPR,standardized_effect_error,200,200,0.04072366416329316,0.0034819756821702253,0.033898991826239525,0.0475483365003468,0.0034819756821702253,False,,200
D0,GPR,slope_standardized_rmse,200,200,0.07227171344762712,0.008323640684080395,0.05595737770682954,0.08858604918842469,0.008323640684080395,False,,200
D0,LMM,false_arrow,200,200,0.0,0.0,1.734723475976807e-18,0.018845326377266575,0.003522338870275198,True,True,200
D0,LMM,safe_abstention,200,200,1.0,0.0,0.9811546736227335,1.0,0.0035223388702752293,False,,200
D0,LMM,issued_arrow,200,200,0.0,0.0,1.734723475976807e-18,0.018845326377266575,0.003522338870275198,False,,200
D0,LMM,invalid,200,200,0.0,0.0,1.734723475976807e-18,0.018845326377266575,0.003522338870275198,False,,200
D0,LMM,ale_standardized_irmse,200,200,0.045586055247121095,0.0024349902349826914,0.04081347438655502,0.05035863610768717,0.0024349902349826914,True,True,200
D0,LMM,pd_standardized_irmse,200,200,0.055478365715302624,0.002974095478307712,0.04964913857781951,0.06130759285278574,0.002974095478307712,False,,200
D0,LMM,pd_standardized_iae,200,200,0.04803138114259152,0.0025748760193498887,0.04298462414466574,0.0530781381405173,0.0025748760193498887,False,,200
D0,LMM,standardized_effect_error,200,200,0.07773798757713303,0.004106212148696766,0.06968981176568737,0.0857861633885787,0.004106212148696766,False,,200
D0,LMM,slope_standardized_rmse,200,200,0.05666053172534993,0.0030411487396551622,0.05069988019562582,0.06262118325507406,0.0030411487396551622,False,,200
D0,MERF,false_arrow,200,200,0.015,0.008616625276509296,0.00511423779325831,0.04316572879269026,0.009249249971431943,True,True,200
D0,MERF,safe_abstention,200,200,0.985,0.008616625276509296,0.9568342712073097,0.9948857622067417,0.009249249971431938,False,,200
D0,MERF,issued_arrow,200,200,0.015,0.008616625276509296,0.00511423779325831,0.04316572879269026,0.009249249971431943,False,,200
D0,MERF,invalid,200,200,0.0,0.0,1.734723475976807e-18,0.018845326377266575,0.003522338870275198,False,,200
D0,MERF,ale_standardized_irmse,200,200,0.06452807377181313,0.0022719610619724895,0.06007503009034705,0.06898111745327921,0.0022719610619724895,True,True,200
D0,MERF,pd_standardized_irmse,200,200,0.0750715528517566,0.002557296188926964,0.07005925232145975,0.08008385338205344,0.002557296188926964,False,,200
D0,MERF,pd_standardized_iae,200,200,0.06357432307285756,0.0023167931912160475,0.0590334084180741,0.06811523772764101,0.0023167931912160475,False,,200
D0,MERF,standardized_effect_error,200,200,0.09806318470134884,0.005578719511141234,0.08712889445951202,0.10899747494318565,0.005578719511141234,False,,200
D0,MERF,slope_standardized_rmse,200,200,0.2339523955127343,0.005713376101120079,0.22275417835453895,0.24515061267092966,0.005713376101120079,False,,200
D0,Mean,false_arrow,200,200,0.0,0.0,1.734723475976807e-18,0.018845326377266575,0.003522338870275198,True,True,200
D0,Mean,safe_abstention,200,200,1.0,0.0,0.9811546736227335,1.0,0.0035223388702752293,False,,200
D0,Mean,issued_arrow,200,200,0.0,0.0,1.734723475976807e-18,0.018845326377266575,0.003522338870275198,False,,200
D0,Mean,invalid,200,200,0.0,0.0,1.734723475976807e-18,0.018845326377266575,0.003522338870275198,False,,200
D0,Mean,ale_standardized_irmse,200,200,0.0,0.0,0.0,0.0,0.0,True,True,200
D0,Mean,pd_standardized_irmse,200,200,3.6100131653208926e-18,5.412219059498957e-19,2.549218229659097e-18,4.670808100982688e-18,5.412219059498957e-19,False,,200
D0,Mean,pd_standardized_iae,200,200,3.6100131653208926e-18,5.412219059498957e-19,2.549218229659097e-18,4.670808100982688e-18,5.412219059498957e-19,False,,200
D0,Mean,standardized_effect_error,200,200,0.0,0.0,0.0,0.0,0.0,False,,200
D0,Mean,slope_standardized_rmse,200,200,1.3353353317230464e-33,2.3269882491274283e-34,8.792456348940705e-34,1.7914250285520222e-33,2.3269882491274283e-34,False,,200
D0,RF,false_arrow,200,200,0.02,0.0099243368701167,0.0078044264163494685,0.050287086905826436,0.010461078931997153,True,True,200
D0,RF,safe_abstention,200,200,0.98,0.0099243368701167,0.9497129130941735,0.9921955735836505,0.010461078931997143,False,,200
D0,RF,issued_arrow,200,200,0.02,0.0099243368701167,0.0078044264163494685,0.050287086905826436,0.010461078931997153,False,,200
D0,RF,invalid,200,200,0.0,0.0,1.734723475976807e-18,0.018845326377266575,0.003522338870275198,False,,200
D0,RF,ale_standardized_irmse,200,200,0.06657033195734821,0.002345780387147043,0.06197260239854001,0.07116806151615641,0.002345780387147043,True,True,200
D0,RF,pd_standardized_irmse,200,200,0.07849699079115041,0.002627779145713369,0.07334654366555221,0.08364743791674861,0.002627779145713369,False,,200
D0,RF,pd_standardized_iae,200,200,0.06578719911151264,0.002346141303152241,0.061188762157334244,0.07038563606569102,0.002346141303152241,False,,200
D0,RF,standardized_effect_error,200,200,0.09723830972293136,0.005791502402245159,0.08588696501453086,0.10858965443133187,0.005791502402245159,False,,200
D0,RF,slope_standardized_rmse,200,200,0.24678375781722836,0.0060633367430061045,0.2348996178009364,0.25866789783352034,0.0060633367430061045,False,,200
D0,policy_direction,false_arrow,200,200,0.015,0.008616625276509296,0.00511423779325831,0.04316572879269026,0.009249249971431943,True,True,200
D0,policy_direction,safe_abstention,200,200,0.985,0.008616625276509296,0.9568342712073097,0.9948857622067417,0.009249249971431938,False,,200
D0,policy_direction,issued_arrow,200,200,0.015,0.008616625276509296,0.00511423779325831,0.04316572879269026,0.009249249971431943,False,,200
D0,policy_direction,invalid,200,200,0.0,0.0,1.734723475976807e-18,0.018845326377266575,0.003522338870275198,False,,200
D0,policy_shape,ale_standardized_irmse,200,200,0.045586055247121095,0.0024349902349826914,0.04081347438655502,0.05035863610768717,0.0024349902349826914,True,True,200
D0,policy_shape,pd_standardized_irmse,200,200,0.055478365715302624,0.002974095478307712,0.04964913857781951,0.06130759285278574,0.002974095478307712,False,,200
D0,policy_shape,pd_standardized_iae,200,200,0.04803138114259152,0.0025748760193498887,0.04298462414466574,0.0530781381405173,0.0025748760193498887,False,,200
D0,policy_shape,standardized_effect_error,200,200,0.07773798757713303,0.004106212148696766,0.06968981176568737,0.0857861633885787,0.004106212148696766,False,,200
D0,policy_shape,slope_standardized_rmse,200,200,0.05666053172534993,0.0030411487396551622,0.05069988019562582,0.06262118325507406,0.0030411487396551622,False,,200
D1,GAM,false_arrow,200,200,0.085,0.019769399225283587,0.05374575017747561,0.13189587071565567,0.0199354481643262,True,True,200
D1,GAM,safe_abstention,200,200,0.915,0.019769399225283587,0.8681041292843443,0.9462542498225244,0.019935448164326196,False,,200
D1,GAM,issued_arrow,200,200,0.085,0.019769399225283587,0.05374575017747561,0.13189587071565567,0.0199354481643262,False,,200
D1,GAM,invalid,200,200,0.0,0.0,1.734723475976807e-18,0.018845326377266575,0.003522338870275198,False,,200
D1,GAM,sign_correct,200,200,1.0,0.0,0.9811546736227335,1.0,0.0035223388702752293,False,,200
D1,GAM,ale_standardized_irmse,200,200,0.20543778717707056,0.00214211884739608,0.20123923423617424,0.2096363401179669,0.00214211884739608,True,True,200
D1,GAM,pd_standardized_irmse,200,200,0.26661840000951065,0.0026615651323802997,0.26140173235004527,0.271835067668976,0.0026615651323802997,False,,200
D1,GAM,pd_standardized_iae,200,200,0.2101794749133272,0.0024583399226173006,0.20536112866499728,0.2149978211616571,0.0024583399226173006,False,,200
D1,GAM,standardized_effect_error,200,200,0.243777634547388,0.005018012603400187,0.23394232984472363,0.25361293925005235,0.005018012603400187,False,,200
D1,GAM,slope_standardized_rmse,200,200,0.381203194330855,0.0018088142137667556,0.37765791847187213,0.3847484701898378,0.0018088142137667556,False,,200
D1,GPR,false_arrow,200,200,0.17,0.026627903149340413,0.12427907912586969,0.22815883628312625,0.026662791171566936,True,True,200
D1,GPR,safe_abstention,200,200,0.83,0.026627903149340413,0.7718411637168737,0.8757209208741302,0.02666279117156694,False,,200
D1,GPR,issued_arrow,200,200,0.17,0.026627903149340413,0.12427907912586969,0.22815883628312625,0.026662791171566936,False,,200
D1,GPR,invalid,200,200,0.0,0.0,1.734723475976807e-18,0.018845326377266575,0.003522338870275198,False,,200
D1,GPR,sign_correct,200,200,1.0,0.0,0.9811546736227335,1.0,0.0035223388702752293,False,,200
D1,GPR,ale_standardized_irmse,200,200,0.06082617418984647,0.002185778464944604,0.05654204839855505,0.06511029998113789,0.002185778464944604,True,True,200
D1,GPR,pd_standardized_irmse,200,200,0.07398898989649365,0.002656290108942835,0.06878266128296569,0.07919531851002161,0.002656290108942835,False,,200
D1,GPR,pd_standardized_iae,200,200,0.06139085644351485,0.0022405001736284097,0.05699947610320317,0.06578223678382654,0.0022405001736284097,False,,200
D1,GPR,standardized_effect_error,200,200,0.08884964800036782,0.004871182265690222,0.07930213075961498,0.09839716524112066,0.004871182265690222,False,,200
D1,GPR,slope_standardized_rmse,200,200,0.13707462947813473,0.004827326985043809,0.12761306858744886,0.1465361903688206,0.004827326985043809,False,,200
D1,LMM,false_arrow,200,200,0.105,0.021730995856253862,0.06970748792681017,0.1551803199112304,0.021854476160826912,True,True,200
D1,LMM,safe_abstention,200,200,0.895,0.021730995856253862,0.8448196800887696,0.9302925120731899,0.021854476160826915,False,,200
D1,LMM,issued_arrow,200,200,0.105,0.021730995856253862,0.06970748792681017,0.1551803199112304,0.021854476160826912,False,,200
D1,LMM,invalid,200,200,0.0,0.0,1.734723475976807e-18,0.018845326377266575,0.003522338870275198,False,,200
D1,LMM,sign_correct,200,200,1.0,0.0,0.9811546736227335,1.0,0.0035223388702752293,False,,200
D1,LMM,ale_standardized_irmse,200,200,0.03416944716185293,0.0019446801437354884,0.030357874080131374,0.03798102024357449,0.0019446801437354884,True,True,200
D1,LMM,pd_standardized_irmse,200,200,0.04170972037123064,0.002369396110047063,0.0370657039955384,0.046353736746922884,0.002369396110047063,False,,200
D1,LMM,pd_standardized_iae,200,200,0.03611093172394768,0.0020513467938738004,0.03209029200795503,0.040131571439940325,0.0020513467938738004,False,,200
D1,LMM,standardized_effect_error,200,200,0.05842810215978836,0.003412926398699989,0.05173876641833638,0.06511743790124033,0.003412926398699989,False,,200
D1,LMM,slope_standardized_rmse,200,200,0.042531366490495374,0.0024194757487278466,0.0377891940229888,0.04727353895800195,0.0024194757487278466,False,,200
D1,MERF,false_arrow,200,200,0.2,0.02835524820033344,0.15045200926098115,0.2608551865653788,0.028363118192507298,True,True,200
D1,MERF,safe_abstention,200,200,0.8,0.02835524820033344,0.7391448134346212,0.8495479907390189,0.0283631181925073,False,,200
D1,MERF,issued_arrow,200,200,0.2,0.02835524820033344,0.15045200926098115,0.2608551865653788,0.028363118192507298,False,,200
D1,MERF,invalid,200,200,0.0,0.0,1.734723475976807e-18,0.018845326377266575,0.003522338870275198,False,,200
D1,MERF,sign_correct,200,200,1.0,0.0,0.9811546736227335,1.0,0.0035223388702752293,False,,200
D1,MERF,ale_standardized_irmse,200,200,0.11592589953242154,0.00223756079304816,0.11154028037804714,0.12031151868679593,0.00223756079304816,True,True,200
D1,MERF,pd_standardized_irmse,200,200,0.14776858337541388,0.0026211357973041755,0.1426311572126977,0.15290600953813005,0.0026211357973041755,False,,200
D1,MERF,pd_standardized_iae,200,200,0.11993874871072445,0.002201509075460745,0.11562379092282139,0.1242537064986275,0.002201509075460745,False,,200
D1,MERF,standardized_effect_error,200,200,0.1265390392093727,0.0069417058495080935,0.11293329574433685,0.14014478267440858,0.0069417058495080935,False,,200
D1,MERF,slope_standardized_rmse,200,200,0.4887059042190732,0.005420659474896669,0.4780814116482757,0.4993303967898706,0.005420659474896669,False,,200
D1,Mean,false_arrow,200,200,0.0,0.0,1.734723475976807e-18,0.018845326377266575,0.003522338870275198,True,True,200
D1,Mean,safe_abstention,200,200,1.0,0.0,0.9811546736227335,1.0,0.0035223388702752293,False,,200
D1,Mean,issued_arrow,200,200,0.0,0.0,1.734723475976807e-18,0.018845326377266575,0.003522338870275198,False,,200
D1,Mean,invalid,200,200,0.0,0.0,1.734723475976807e-18,0.018845326377266575,0.003522338870275198,False,,200
D1,Mean,sign_correct,200,200,0.0,0.0,1.734723475976807e-18,0.018845326377266575,0.003522338870275198,False,,200
D1,Mean,ale_standardized_irmse,200,200,0.5117345805530139,0.0018464245687458553,0.508115588398272,0.5153535727077558,0.0018464245687458553,True,True,200
D1,Mean,pd_standardized_irmse,200,200,0.6253285870968661,0.0029301531437177144,0.6195854869351795,0.6310716872585528,0.0029301531437177144,False,,200
D1,Mean,pd_standardized_iae,200,200,0.5413893383294659,0.0025368321621854852,0.5364171472915823,0.5463615293673495,0.0025368321621854852,False,,200
D1,Mean,standardized_effect_error,200,200,0.8740063579180203,0.005490573529471556,0.8632448338002561,0.8847678820357845,0.005490573529471556,False,,200
D1,Mean,slope_standardized_rmse,200,200,0.6387861792292018,0.0011842499505853848,0.6364650493260544,0.6411073091323491,0.0011842499505853848,False,,200
D1,RF,false_arrow,200,200,0.195,0.028085923439997253,0.1460552053440051,0.25544044374612745,0.028097893101488143,True,True,200
D1,RF,safe_abstention,200,200,0.805,0.028085923439997253,0.7445595562538726,0.8539447946559949,0.028097893101488147,False,,200
D1,RF,issued_arrow,200,200,0.195,0.028085923439997253,0.1460552053440051,0.25544044374612745,0.028097893101488143,False,,200
D1,RF,invalid,200,200,0.0,0.0,1.734723475976807e-18,0.018845326377266575,0.003522338870275198,False,,200
D1,RF,sign_correct,200,200,1.0,0.0,0.9811546736227335,1.0,0.0035223388702752293,False,,200
D1,RF,ale_standardized_irmse,200,200,0.11068051803270851,0.0022827254817949522,0.1062063760883904,0.11515465997702662,0.0022827254817949522,True,True,200
D1,RF,pd_standardized_irmse,200,200,0.13884272923883162,0.002606031317162807,0.13373490785719253,0.1439505506204707,0.002606031317162807,False,,200
D1,RF,pd_standardized_iae,200,200,0.11336091445557887,0.0021782469631294967,0.10909155040784506,0.11763027850331269,0.0021782469631294967,False,,200
D1,RF,standardized_effect_error,200,200,0.13124083369069425,0.006872928423182395,0.11776989398125676,0.14471177340013175,0.006872928423182395,False,,200
D1,RF,slope_standardized_rmse,200,200,0.497954978676211,0.005989004177150457,0.48621653048899616,0.5096934268634259,0.005989004177150457,False,,200
D1,policy_direction,false_arrow,200,200,0.2,0.02835524820033344,0.15045200926098115,0.2608551865653788,0.028363118192507298,True,True,200
D1,policy_direction,safe_abstention,200,200,0.8,0.02835524820033344,0.7391448134346212,0.8495479907390189,0.0283631181925073,False,,200
D1,policy_direction,issued_arrow,200,200,0.2,0.02835524820033344,0.15045200926098115,0.2608551865653788,0.028363118192507298,False,,200
D1,policy_direction,invalid,200,200,0.0,0.0,1.734723475976807e-18,0.018845326377266575,0.003522338870275198,False,,200
D1,policy_shape,ale_standardized_irmse,200,200,0.03416944716185293,0.0019446801437354884,0.030357874080131374,0.03798102024357449,0.0019446801437354884,True,True,200
D1,policy_shape,pd_standardized_irmse,200,200,0.04170972037123064,0.002369396110047063,0.0370657039955384,0.046353736746922884,0.002369396110047063,False,,200
D1,policy_shape,pd_standardized_iae,200,200,0.03611093172394768,0.0020513467938738004,0.03209029200795503,0.040131571439940325,0.0020513467938738004,False,,200
D1,policy_shape,standardized_effect_error,200,200,0.05842810215978836,0.003412926398699989,0.05173876641833638,0.06511743790124033,0.003412926398699989,False,,200
D1,policy_shape,slope_standardized_rmse,200,200,0.042531366490495374,0.0024194757487278466,0.0377891940229888,0.04727353895800195,0.0024194757487278466,False,,200
D10,GAM,correct_direction,200,200,0.12,0.02303591253524935,0.08197992706375512,0.17234252098296743,0.023133659649031083,True,True,200
D10,GAM,wrong_direction,200,200,0.025,0.011067404265948254,0.010724719651761264,0.05717834040664198,0.011535692488235764,False,,200
D10,GAM,issued_arrow,200,200,0.145,0.024959766620478316,0.10289350642004402,0.20048667530781522,0.02502257588119388,False,,200
D10,GAM,invalid,200,200,0.0,0.0,1.734723475976807e-18,0.018845326377266575,0.003522338870275198,False,,200
D10,GAM,sign_correct,200,200,1.0,0.0,0.9811546736227335,1.0,0.0035223388702752293,False,,200
D10,GAM,modifier_threshold_found,200,200,0.0,0.0,1.734723475976807e-18,0.018845326377266575,0.003522338870275198,False,,200
D10,GAM,ale_standardized_irmse,200,200,0.22777884470742576,0.00247012073667443,0.2229374080635439,0.23262028135130763,0.00247012073667443,True,True,200
D10,GAM,pd_standardized_irmse,200,200,0.29480860175533363,0.0034773600884071723,0.2879929759820556,0.3016242275286117,0.0034773600884071723,False,,200
D10,GAM,pd_standardized_iae,200,200,0.23354845542753289,0.0031517449276243065,0.22737103536938924,0.23972587548567653,0.0031517449276243065,False,,200
D10,GAM,standardized_effect_error,200,200,0.2741400831618543,0.005408005865435815,0.2635403916656001,0.28473977465810846,0.005408005865435815,False,,200
D10,GAM,pure_interaction_standardized_irmse,200,200,0.22100309201557475,0.0011463121081110462,0.21875632028367709,0.2232498637474724,0.0011463121081110462,True,True,200
D10,GAM,conditional_surface_standardized_irmse,200,200,0.3549621128987247,0.0031617389080912067,0.34876510463886595,0.36115912115858345,0.0031617389080912067,False,,200
D10,GAM,slope_standardized_rmse,200,200,0.41182540867132034,0.0024746228347316173,0.40697514791524636,0.4166756694273943,0.0024746228347316173,False,,200
D10,GPR,correct_direction,200,200,0.065,0.017475754920753817,0.03837635464915299,0.10801907929906895,0.01769931526213645,True,True,200
D10,GPR,wrong_direction,200,200,0.05,0.015449707678033373,0.02738264560076393,0.08957814813877599,0.015733707942020905,False,,200
D10,GPR,issued_arrow,200,200,0.115,0.02261486592496228,0.07786373232561955,0.16664716898487572,0.02272071816394235,False,,200
D10,GPR,invalid,200,200,0.0,0.0,1.734723475976807e-18,0.018845326377266575,0.003522338870275198,False,,200
D10,GPR,sign_correct,200,200,1.0,0.0,0.9811546736227335,1.0,0.0035223388702752293,False,,200
D10,GPR,modifier_threshold_found,200,200,1.0,0.0,0.9811546736227335,1.0,0.0035223388702752293,False,,200
D10,GPR,ale_standardized_irmse,200,200,0.0597957631354175,0.0022003097486188363,0.05548315602812458,0.06410837024271042,0.0022003097486188363,True,True,200
D10,GPR,pd_standardized_irmse,200,200,0.0720915918556571,0.0025706226205784166,0.0670531715193234,0.0771300121919908,0.0025706226205784166,False,,200
D10,GPR,pd_standardized_iae,200,200,0.06072179021032445,0.0022943879837515283,0.056224789762171455,0.06521879065847745,0.0022943879837515283,False,,200
D10,GPR,standardized_effect_error,200,200,0.0860878092535453,0.005378522707565808,0.07554590474671631,0.09662971376037428,0.005378522707565808,False,,200
D10,GPR,pure_interaction_standardized_irmse,200,200,0.11915529940837001,0.00413378230960718,0.11105308608153994,0.12725751273520008,0.00413378230960718,True,True,200
D10,GPR,conditional_surface_standardized_irmse,200,200,0.14666198617688528,0.0026109389772134136,0.141544545781547,0.15177942657222357,0.0026109389772134136,False,,200
D10,GPR,modifier_threshold_error,200,200,0.5427089331216033,0.025924185265834548,0.4918975300005676,0.593520336242639,0.025924185265834548,False,,200
D10,GPR,slope_standardized_rmse,200,200,0.13065998607471765,0.004231562354753956,0.1223661238593999,0.1389538482900354,0.004231562354753956,False,,200
D10,LMM,correct_direction,200,200,0.04,0.013891177924157585,0.020405632066152306,0.07693206820093293,0.014230290781058287,True,True,200
D10,LMM,wrong_direction,200,200,0.045,0.014695399751940973,0.023852543001492997,0.0832967040018196,0.015004970175646148,False,,200
D10,LMM,issued_arrow,200,200,0.085,0.019769399225283587,0.05374575017747561,0.13189587071565567,0.0199354481643262,False,,200
D10,LMM,invalid,200,200,0.0,0.0,1.734723475976807e-18,0.018845326377266575,0.003522338870275198,False,,200
D10,LMM,sign_correct,200,200,1.0,0.0,0.9811546736227335,1.0,0.0035223388702752293,False,,200
D10,LMM,modifier_threshold_found,200,200,0.0,0.0,1.734723475976807e-18,0.018845326377266575,0.003522338870275198,False,,200
D10,LMM,ale_standardized_irmse,200,200,0.037793409199710165,0.0019002351674413558,0.03406894827152511,0.04151787012789522,0.0019002351674413558,True,True,200
D10,LMM,pd_standardized_irmse,200,200,0.04905290608697428,0.002550858199128918,0.0440532240166816,0.05405258815726696,0.002550858199128918,False,,200
D10,LMM,pd_standardized_iae,200,200,0.042468425268795025,0.0022084508226469005,0.0381398616564071,0.04679698888118295,0.0022084508226469005,False,,200
D10,LMM,standardized_effect_error,200,200,0.06851695033344303,0.003576461025315987,0.0615070867238237,0.07552681394306236,0.003576461025315987,False,,200
D10,LMM,pure_interaction_standardized_irmse,200,200,0.22100309201557475,0.0011463121081110462,0.21875632028367709,0.2232498637474724,0.0011463121081110462,True,True,200
D10,LMM,conditional_surface_standardized_irmse,200,200,0.19899339697708565,0.0019052371820031677,0.19525913210035944,0.20272766185381186,0.0019052371820031677,False,,200
D10,LMM,slope_standardized_rmse,200,200,0.04986165198028039,0.0025657884391912696,0.0448327066394655,0.05489059732109528,0.0025657884391912696,False,,200
D10,MERF,correct_direction,200,200,0.05,0.015449707678033373,0.02738264560076393,0.08957814813877599,0.015733707942020905,True,True,200
D10,MERF,wrong_direction,200,200,0.06,0.016834995854681276,0.03465219425433187,0.1019316929576627,0.017076530121574604,False,,200
D10,MERF,issued_arrow,200,200,0.11,0.02218016679366895,0.07377244460125303,0.1609269099730149,0.022294580964611427,False,,200
D10,MERF,invalid,200,200,0.0,0.0,1.734723475976807e-18,0.018845326377266575,0.003522338870275198,False,,200
D10,MERF,sign_correct,200,200,1.0,0.0,0.9811546736227335,1.0,0.0035223388702752293,False,,200
D10,MERF,modifier_threshold_found,200,200,1.0,0.0,0.9811546736227335,1.0,0.0035223388702752293,False,,200
D10,MERF,ale_standardized_irmse,200,200,0.13021355668103346,0.0024571038160516533,0.1253976332015722,0.1350294801604947,0.0024571038160516533,True,True,200
D10,MERF,pd_standardized_irmse,200,200,0.16828046136536343,0.0030499934434827292,0.16230247421613728,0.17425844851458958,0.0030499934434827292,False,,200
D10,MERF,pd_standardized_iae,200,200,0.1365396452452214,0.0026189875954036037,0.13140642955823034,0.14167286093221249,0.0026189875954036037,False,,200
D10,MERF,standardized_effect_error,200,200,0.13271192251662656,0.007276662641214697,0.11844966373984575,0.14697418129340736,0.007276662641214697,False,,200
D10,MERF,pure_interaction_standardized_irmse,200,200,0.15159633371875894,0.0025872763463576733,0.1465252720798979,0.15666739535761998,0.0025872763463576733,True,True,200
D10,MERF,conditional_surface_standardized_irmse,200,200,0.23424469035616013,0.002661597996457302,0.22902795828310382,0.23946142242921645,0.002661597996457302,False,,200
D10,MERF,modifier_threshold_error,200,200,0.5378821830606786,0.02386860695906176,0.4910997134209175,0.5846646527004397,0.02386860695906176,False,,200
D10,MERF,slope_standardized_rmse,200,200,0.4964138027050781,0.005499054285781334,0.4856356563049467,0.5071919491052095,0.005499054285781334,False,,200
D10,Mean,correct_direction,200,200,0.0,0.0,1.734723475976807e-18,0.018845326377266575,0.003522338870275198,True,True,200
D10,Mean,wrong_direction,200,200,0.0,0.0,1.734723475976807e-18,0.018845326377266575,0.003522338870275198,False,,200
D10,Mean,issued_arrow,200,200,0.0,0.0,1.734723475976807e-18,0.018845326377266575,0.003522338870275198,False,,200
D10,Mean,invalid,200,200,0.0,0.0,1.734723475976807e-18,0.018845326377266575,0.003522338870275198,False,,200
D10,Mean,sign_correct,200,200,0.0,0.0,1.734723475976807e-18,0.018845326377266575,0.003522338870275198,False,,200
D10,Mean,modifier_threshold_found,200,200,0.0,0.0,1.734723475976807e-18,0.018845326377266575,0.003522338870275198,False,,200
D10,Mean,ale_standardized_irmse,200,200,0.5578660735971868,0.0023110686496287244,0.5533363790439144,0.5623957681504591,0.0023110686496287244,True,True,200
D10,Mean,pd_standardized_irmse,200,200,0.6808295343384632,0.0038891144200969216,0.6732068700750732,0.6884521986018531,0.0038891144200969216,False,,200
D10,Mean,pd_standardized_iae,200,200,0.5894402698297913,0.0033670699309604753,0.5828408127651087,0.5960397268944738,0.0033670699309604753,False,,200
D10,Mean,standardized_effect_error,200,200,0.9504969948852496,0.0064424906544056255,0.9378697132026146,0.9631242765678847,0.0064424906544056255,False,,200
D10,Mean,pure_interaction_standardized_irmse,200,200,0.22100309201557475,0.0011463121081110462,0.21875632028367709,0.2232498637474724,0.0011463121081110462,True,True,200
D10,Mean,conditional_surface_standardized_irmse,200,200,0.7105635207585785,0.004004176836094068,0.7027153341598341,0.718411707357323,0.004004176836094068,False,,200
D10,Mean,slope_standardized_rmse,200,200,0.6910939244044398,0.0022721508318861838,0.6866405087739429,0.6955473400349368,0.0022721508318861838,False,,200
D10,RF,correct_direction,200,200,0.06,0.016834995854681276,0.03465219425433187,0.1019316929576627,0.017076530121574604,True,True,200
D10,RF,wrong_direction,200,200,0.06,0.016834995854681276,0.03465219425433187,0.1019316929576627,0.017076530121574604,False,,200
D10,RF,issued_arrow,200,200,0.12,0.02303591253524935,0.08197992706375512,0.17234252098296743,0.023133659649031083,False,,200
D10,RF,invalid,200,200,0.0,0.0,1.734723475976807e-18,0.018845326377266575,0.003522338870275198,False,,200
D10,RF,sign_correct,200,200,1.0,0.0,0.9811546736227335,1.0,0.0035223388702752293,False,,200
D10,RF,modifier_threshold_found,200,200,0.985,0.008616625276509296,0.9568342712073097,0.9948857622067417,0.009249249971431938,False,,200
D10,RF,ale_standardized_irmse,200,200,0.11941393816362282,0.0023205052685193388,0.11486574783732492,0.12396212848992072,0.0023205052685193388,True,True,200
D10,RF,pd_standardized_irmse,200,200,0.1526600463739144,0.0028178966895989134,0.14713696886230052,0.15818312388552827,0.0028178966895989134,False,,200
D10,RF,pd_standardized_iae,200,200,0.12431328541200383,0.002413090653659637,0.11958362773083094,0.1290429430931767,0.002413090653659637,False,,200
D10,RF,standardized_effect_error,200,200,0.12299243792054014,0.006936116891498411,0.10939764881320325,0.136587227027877,0.006936116891498411,False,,200
D10,RF,pure_interaction_standardized_irmse,200,200,0.14453734531236676,0.0027449400116073635,0.13915726288961633,0.14991742773511718,0.0027449400116073635,True,True,200
D10,RF,conditional_surface_standardized_irmse,200,200,0.21946807430551307,0.002579195711537717,0.21441285071089916,0.22452329790012698,0.002579195711537717,False,,200
D10,RF,modifier_threshold_error,200,197,0.5268889753451973,0.022402275524452172,0.48298051531727104,0.5707974353731236,0.022402275524452172,False,,197
D10,RF,slope_standardized_rmse,200,200,0.49994915287420405,0.005913484432775282,0.4883587233859645,0.5115395823624436,0.005913484432775282,False,,200
D10,policy_direction,correct_direction,200,200,0.05,0.015449707678033373,0.02738264560076393,0.08957814813877599,0.015733707942020905,True,True,200
D10,policy_direction,wrong_direction,200,200,0.06,0.016834995854681276,0.03465219425433187,0.1019316929576627,0.017076530121574604,False,,200
D10,policy_direction,issued_arrow,200,200,0.11,0.02218016679366895,0.07377244460125303,0.1609269099730149,0.022294580964611427,False,,200
D10,policy_direction,invalid,200,200,0.0,0.0,1.734723475976807e-18,0.018845326377266575,0.003522338870275198,False,,200
D10,policy_shape,ale_standardized_irmse,200,200,0.037793409199710165,0.0019002351674413558,0.03406894827152511,0.04151787012789522,0.0019002351674413558,True,True,200
D10,policy_shape,pd_standardized_irmse,200,200,0.04905290608697428,0.002550858199128918,0.0440532240166816,0.05405258815726696,0.002550858199128918,False,,200
D10,policy_shape,pd_standardized_iae,200,200,0.042468425268795025,0.0022084508226469005,0.0381398616564071,0.04679698888118295,0.0022084508226469005,False,,200
D10,policy_shape,standardized_effect_error,200,200,0.06851695033344303,0.003576461025315987,0.0615070867238237,0.07552681394306236,0.003576461025315987,False,,200
D10,policy_shape,pure_interaction_standardized_irmse,200,200,0.22100309201557475,0.0011463121081110462,0.21875632028367709,0.2232498637474724,0.0011463121081110462,True,True,200
D10,policy_shape,conditional_surface_standardized_irmse,200,200,0.19899339697708565,0.0019052371820031677,0.19525913210035944,0.20272766185381186,0.0019052371820031677,False,,200
D10,policy_shape,slope_standardized_rmse,200,200,0.04986165198028039,0.0025657884391912696,0.0448327066394655,0.05489059732109528,0.0025657884391912696,False,,200
D2,GAM,correct_direction,225,225,0.013333333333333334,0.007663560447348136,0.00454471053974316,0.038460865772393875,0.008231885700516712,True,True,225
D2,GAM,wrong_direction,225,225,0.1688888888888889,0.02503260660215112,0.12558868225598258,0.22330552263218373,0.025062898920304465,False,,225
D2,GAM,issued_arrow,225,225,0.18222222222222223,0.025792551869142352,0.13725808643991305,0.23785514375477002,0.025812052240770336,False,,225
D2,GAM,invalid,225,225,0.0,0.0,1.734723475976807e-18,0.016786551005620237,0.0031322655725066818,False,,225
D2,GAM,sign_correct,225,225,1.0,0.0,0.9832134489943798,1.0,0.003132265572506645,False,,225
D2,GAM,ale_standardized_irmse,225,225,0.21678412655190987,0.0023062909341479924,0.2122637963209798,0.22130445678283994,0.0023062909341479924,True,True,225
D2,GAM,pd_standardized_irmse,225,225,0.29699830302755176,0.0032835117509892107,0.2905626199956129,0.3034339860594906,0.0032835117509892107,False,,225
D2,GAM,pd_standardized_iae,225,225,0.24366326739194727,0.0029270342539262028,0.23792628025425192,0.24940025452964262,0.0029270342539262028,False,,225
D2,GAM,standardized_effect_error,225,225,0.2734270244936062,0.004537654732710327,0.26453322121749395,0.2823208277697184,0.004537654732710327,False,,225
D2,GAM,slope_standardized_rmse,225,225,0.3760550195053079,0.0020650391395918063,0.37200754279170795,0.38010249621890785,0.0020650391395918063,False,,225
D2,GPR,correct_direction,225,225,0.2088888888888889,0.027161415729103133,0.16088017340972496,0.2666711073979917,0.027162279690072594,True,True,225
D2,GPR,wrong_direction,225,225,0.02666666666666667,0.010764432909959348,0.012277633604697441,0.05694696801395639,0.011142284478027151,False,,225
D2,GPR,issued_arrow,225,225,0.23555555555555555,0.028352778885794197,0.18483629887765674,0.2951530325430935,0.028338166164665866,False,,225
D2,GPR,invalid,225,225,0.0,0.0,1.734723475976807e-18,0.016786551005620237,0.0031322655725066818,False,,225
D2,GPR,sign_correct,225,225,1.0,0.0,0.9832134489943798,1.0,0.003132265572506645,False,,225
D2,GPR,ale_standardized_irmse,225,225,0.05541750580767161,0.0020004787442074183,0.05149656746902507,0.05933844414631815,0.0020004787442074183,True,True,225
D2,GPR,pd_standardized_irmse,225,225,0.0713779844019135,0.0026064856370512685,0.06626927255329301,0.07648669625053398,0.0026064856370512685,False,,225
D2,GPR,pd_standardized_iae,225,225,0.05997749736681808,0.0022338191035352934,0.055599211923888905,0.06435578280974726,0.0022338191035352934,False,,225
D2,GPR,standardized_effect_error,225,225,0.0797530008109658,0.003922086567455251,0.07206571113875351,0.08744029048317808,0.003922086567455251,False,,225
D2,GPR,slope_standardized_rmse,225,225,0.11951613638556728,0.004051896142321731,0.11157441994661668,0.12745785282451788,0.004051896142321731,False,,225
D2,LMM,correct_direction,225,225,0.27111111111111114,0.029701632090738988,0.21723031010716332,0.33267642213096515,0.029670223024705445,True,True,225
D2,LMM,wrong_direction,225,225,0.017777777777777778,0.008829164435030713,0.006934601592962379,0.04481064982134692,0.009313081937986366,False,,225
D2,LMM,issued_arrow,225,225,0.28888888888888886,0.03028378417196653,0.233601983564049,0.35126344908276835,0.03024533994525782,False,,225
D2,LMM,invalid,225,225,0.0,0.0,1.734723475976807e-18,0.016786551005620237,0.0031322655725066818,False,,225
D2,LMM,sign_correct,225,225,1.0,0.0,0.9832134489943798,1.0,0.003132265572506645,False,,225
D2,LMM,ale_standardized_irmse,225,225,0.03258351957601358,0.001774754113327612,0.029105001513891463,0.0360620376381357,0.001774754113327612,True,True,225
D2,LMM,pd_standardized_irmse,225,225,0.04269349637657264,0.0023215083258869606,0.038143340057834194,0.047243652695311084,0.0023215083258869606,False,,225
D2,LMM,pd_standardized_iae,225,225,0.03696265328535777,0.002009887093621065,0.03302327458186048,0.04090203198885506,0.002009887093621065,False,,225
D2,LMM,standardized_effect_error,225,225,0.05108928554496012,0.0028234470177125725,0.045555329390243475,0.05662324169967676,0.0028234470177125725,False,,225
D2,LMM,slope_standardized_rmse,225,225,0.04449257123985843,0.0024428326420840975,0.0397046192613736,0.04928052321834327,0.0024428326420840975,False,,225
D2,MERF,correct_direction,225,225,0.14222222222222222,0.023337112316811563,0.10257781296087556,0.1938783413142571,0.023392813960860712,True,True,225
D2,MERF,wrong_direction,225,225,0.035555555555555556,0.012372809695177825,0.0181246534039472,0.06857929841905115,0.012683508237459406,False,,225
D2,MERF,issued_arrow,225,225,0.17777777777777778,0.02554520149116045,0.1333571166553553,0.23301643843715555,0.025568177368484366,False,,225
D2,MERF,invalid,225,225,0.0,0.0,1.734723475976807e-18,0.016786551005620237,0.0031322655725066818,False,,225
D2,MERF,sign_correct,225,225,1.0,0.0,0.9832134489943798,1.0,0.003132265572506645,False,,225
D2,MERF,ale_standardized_irmse,225,225,0.1094400447943629,0.002080738727992003,0.10536179688749857,0.11351829270122722,0.002080738727992003,True,True,225
D2,MERF,pd_standardized_irmse,225,225,0.1453324056035787,0.0026661098852269974,0.1401068302285338,0.15055798097862363,0.0026661098852269974,False,,225
D2,MERF,pd_standardized_iae,225,225,0.11851771012790724,0.002278806782806457,0.11405124883360658,0.1229841714222079,0.002278806782806457,False,,225
D2,MERF,standardized_effect_error,225,225,0.12357601923114163,0.006063377305480163,0.11169179971240051,0.13546023874988275,0.006063377305480163,False,,225
D2,MERF,slope_standardized_rmse,225,225,0.4904346695508646,0.005891300778699453,0.4788877200246137,0.5019816190771156,0.005891300778699453,False,,225
D2,Mean,correct_direction,225,225,0.0,0.0,1.734723475976807e-18,0.016786551005620237,0.0031322655725066818,True,True,225
D2,Mean,wrong_direction,225,225,0.0,0.0,1.734723475976807e-18,0.016786551005620237,0.0031322655725066818,False,,225
D2,Mean,issued_arrow,225,225,0.0,0.0,1.734723475976807e-18,0.016786551005620237,0.0031322655725066818,False,,225
D2,Mean,invalid,225,225,0.0,0.0,1.734723475976807e-18,0.016786551005620237,0.0031322655725066818,False,,225
D2,Mean,sign_correct,225,225,0.0,0.0,1.734723475976807e-18,0.016786551005620237,0.0031322655725066818,False,,225
D2,Mean,ale_standardized_irmse,225,225,0.46851819293755576,0.0021536859163349283,0.4642969685415393,0.4727394173335722,0.0021536859163349283,True,True,225
D2,Mean,pd_standardized_irmse,225,225,0.6160937717880258,0.003934858708292726,0.6083814487197721,0.6238060948562796,0.003934858708292726,False,,225
D2,Mean,pd_standardized_iae,225,225,0.5333941328442041,0.003406673861485472,0.5267170520756926,0.5400712136127156,0.003406673861485472,False,,225
D2,Mean,standardized_effect_error,225,225,0.7372783807732318,0.0053408217083890965,0.7268103702247892,0.7477463913216744,0.0053408217083890965,False,,225
D2,Mean,slope_standardized_rmse,225,225,0.6363558587318504,0.0013511866468089184,0.633707532904105,0.6390041845595958,0.0013511866468089184,False,,225
D2,RF,correct_direction,225,225,0.15555555555555556,0.024216105241892626,0.1140250111105538,0.2086501684710957,0.024258389689585606,True,True,225
D2,RF,wrong_direction,225,225,0.044444444444444446,0.013769326645156723,0.024317740906788954,0.07986556112055393,0.014031968095919231,False,,225
D2,RF,issued_arrow,225,225,0.2,0.026726124191242442,0.15296669310186534,0.2571052375015068,0.02673280947923594,False,,225
D2,RF,invalid,225,225,0.0,0.0,1.734723475976807e-18,0.016786551005620237,0.0031322655725066818,False,,225
D2,RF,sign_correct,225,225,1.0,0.0,0.9832134489943798,1.0,0.003132265572506645,False,,225
D2,RF,ale_standardized_irmse,225,225,0.1048991187086545,0.002068441922385017,0.10084497254077986,0.10895326487652914,0.002068441922385017,True,True,225
D2,RF,pd_standardized_irmse,225,225,0.13651368125355054,0.0025681888246096457,0.13148003115731563,0.14154733134978545,0.0025681888246096457,False,,225
D2,RF,pd_standardized_iae,225,225,0.11150940180474903,0.00218624584083014,0.10722435995672196,0.1157944436527761,0.00218624584083014,False,,225
D2,RF,standardized_effect_error,225,225,0.13126611502720392,0.00619348658627114,0.11912688131811248,0.14340534873629535,0.00619348658627114,False,,225
D2,RF,slope_standardized_rmse,225,225,0.500337571873432,0.0063463866239106366,0.48789865409056715,0.5127764896562969,0.0063463866239106366,False,,225
D2,policy_direction,correct_direction,225,225,0.14222222222222222,0.023337112316811563,0.10257781296087556,0.1938783413142571,0.023392813960860712,True,True,225
D2,policy_direction,wrong_direction,225,225,0.035555555555555556,0.012372809695177825,0.0181246534039472,0.06857929841905115,0.012683508237459406,False,,225
D2,policy_direction,issued_arrow,225,225,0.17777777777777778,0.02554520149116045,0.1333571166553553,0.23301643843715555,0.025568177368484366,False,,225
D2,policy_direction,invalid,225,225,0.0,0.0,1.734723475976807e-18,0.016786551005620237,0.0031322655725066818,False,,225
D2,policy_shape,ale_standardized_irmse,225,225,0.03258351957601358,0.001774754113327612,0.029105001513891463,0.0360620376381357,0.001774754113327612,True,True,225
D2,policy_shape,pd_standardized_irmse,225,225,0.04269349637657264,0.0023215083258869606,0.038143340057834194,0.047243652695311084,0.0023215083258869606,False,,225
D2,policy_shape,pd_standardized_iae,225,225,0.03696265328535777,0.002009887093621065,0.03302327458186048,0.04090203198885506,0.002009887093621065,False,,225
D2,policy_shape,standardized_effect_error,225,225,0.05108928554496012,0.0028234470177125725,0.045555329390243475,0.05662324169967676,0.0028234470177125725,False,,225
D2,policy_shape,slope_standardized_rmse,225,225,0.04449257123985843,0.0024428326420840975,0.0397046192613736,0.04928052321834327,0.0024428326420840975,False,,225
D3,GAM,correct_direction,200,200,0.055,0.016161092305986408,0.03098534170345884,0.0957869987723084,0.016422621064002437,True,True,200
D3,GAM,wrong_direction,200,200,0.095,0.02078545587374491,0.06166310271738653,0.1436016116481994,0.020928811436388296,False,,200
D3,GAM,issued_arrow,200,200,0.15,0.025312121949531207,0.10713593562241995,0.20605579284166659,0.02536886609305499,False,,200
D3,GAM,invalid,200,200,0.0,0.0,1.734723475976807e-18,0.018845326377266575,0.003522338870275198,False,,200
D3,GAM,sign_correct,200,200,1.0,0.0,0.9811546736227335,1.0,0.0035223388702752293,False,,200
D3,GAM,ale_standardized_irmse,200,200,0.25250382656756093,0.002218050005536224,0.24815644855670993,0.25685120457841193,0.002218050005536224,True,True,200
D3,GAM,pd_standardized_irmse,200,200,0.2918832666834766,0.0025928338712802863,0.2868013122957672,0.29696522107118595,0.0025928338712802863,False,,200
D3,GAM,pd_standardized_iae,200,200,0.265206031663013,0.002418039740829859,0.2604666737709865,0.2699453895550395,0.002418039740829859,False,,200
D3,GAM,standardized_effect_error,200,200,0.5050183339529407,0.0053005674010578,0.4946292218468674,0.515407446059014,0.0053005674010578,False,,200
D3,GAM,slope_standardized_rmse,200,200,0.28806197969663666,0.0023313740907880648,0.2834924864786921,0.29263147291458125,0.0023313740907880648,False,,200
D3,GPR,correct_direction,200,200,0.13,0.02383991838372593,0.0902820227966932,0.18366351872248407,0.023922667130228132,True,True,200
D3,GPR,wrong_direction,200,200,0.055,0.016161092305986408,0.03098534170345884,0.0957869987723084,0.016422621064002437,False,,200
D3,GPR,issued_arrow,200,200,0.185,0.027525684670556598,0.13730192800616042,0.2445706276115175,0.027546311679539928,False,,200
D3,GPR,invalid,200,200,0.0,0.0,1.734723475976807e-18,0.018845326377266575,0.003522338870275198,False,,200
D3,GPR,sign_correct,200,200,1.0,0.0,0.9811546736227335,1.0,0.0035223388702752293,False,,200
D3,GPR,ale_standardized_irmse,200,200,0.08320951536962812,0.0028002036814886683,0.07772111615391032,0.08869791458534591,0.0028002036814886683,True,True,200
D3,GPR,pd_standardized_irmse,200,200,0.09563798857562028,0.0032167500397146044,0.08933315849777966,0.1019428186534609,0.0032167500397146044,False,,200
D3,GPR,pd_standardized_iae,200,200,0.08285582470039174,0.0029692851857149594,0.07703602573639041,0.08867562366439306,0.0029692851857149594,False,,200
D3,GPR,standardized_effect_error,200,200,0.16488697213695083,0.007730234079566604,0.14973571334100028,0.1800382309329014,0.007730234079566604,False,,200
D3,GPR,slope_standardized_rmse,200,200,0.18329119432784713,0.006974949378580933,0.1696202935458285,0.19696209510986576,0.006974949378580933,False,,200
D3,LMM,correct_direction,200,200,0.035,0.013027801736688053,0.017055542008567192,0.07047061152229073,0.013401705220946246,True,True,200
D3,LMM,wrong_direction,200,200,0.105,0.021730995856253862,0.06970748792681017,0.1551803199112304,0.021854476160826912,False,,200
D3,LMM,issued_arrow,200,200,0.14,0.024597258498217655,0.09866982633455634,0.1948988086570756,0.024666408777669267,False,,200
D3,LMM,invalid,200,200,0.0,0.0,1.734723475976807e-18,0.018845326377266575,0.003522338870275198,False,,200
D3,LMM,sign_correct,200,200,1.0,0.0,0.9811546736227335,1.0,0.0035223388702752293,False,,200
D3,LMM,ale_standardized_irmse,200,200,0.13334389567714608,0.002266082052415794,0.1289023748544111,0.13778541649988105,0.002266082052415794,True,True,200
D3,LMM,pd_standardized_irmse,200,200,0.13972716520906192,0.002189907493220162,0.1354349465223504,0.14401938389577343,0.002189907493220162,False,,200
D3,LMM,pd_standardized_iae,200,200,0.1247791953952261,0.002122054210185163,0.12061996914326317,0.12893842164718902,0.002122054210185163,False,,200
D3,LMM,standardized_effect_error,200,200,0.36776476430569227,0.00577762654764218,0.3564406162723136,0.37908891233907094,0.00577762654764218,False,,200
D3,LMM,slope_standardized_rmse,200,200,0.30931473520899766,0.001295687243421,0.3067751882118925,0.31185428220610284,0.001295687243421,False,,200
D3,MERF,correct_direction,200,200,0.175,0.026935153843310678,0.12860515066273331,0.23364431148248993,0.02696510528529333,True,True,200
D3,MERF,wrong_direction,200,200,0.135,0.024224141785131024,0.09446570454787906,0.18929138370752552,0.024299930485873342,False,,200
D3,MERF,issued_arrow,200,200,0.31,0.0327852767543496,0.2499894483607809,0.37717177566258037,0.032730590465026785,False,,200
D3,MERF,invalid,200,200,0.0,0.0,1.734723475976807e-18,0.018845326377266575,0.003522338870275198,False,,200
D3,MERF,sign_correct,200,200,1.0,0.0,0.9811546736227335,1.0,0.0035223388702752293,False,,200
D3,MERF,ale_standardized_irmse,200,200,0.13398480409180968,0.0025399225582395935,0.12900655587766008,0.1389630523059593,0.0025399225582395935,True,True,200
D3,MERF,pd_standardized_irmse,200,200,0.16359671532404887,0.0028993552285290192,0.157913979076132,0.16927945157196575,0.0028993552285290192,False,,200
D3,MERF,pd_standardized_iae,200,200,0.1418563259949395,0.0027016705682695046,0.13656105168113128,0.14715160030874772,0.0027016705682695046,False,,200
D3,MERF,standardized_effect_error,200,200,0.1788144387151263,0.008878864448904476,0.16141186439527355,0.19621701303497907,0.008878864448904476,False,,200
D3,MERF,slope_standardized_rmse,200,200,0.45893177206624997,0.007357052888181655,0.4445119484054139,0.473351595727086,0.007357052888181655,False,,200
D3,Mean,correct_direction,200,200,0.0,0.0,1.734723475976807e-18,0.018845326377266575,0.003522338870275198,True,True,200
D3,Mean,wrong_direction,200,200,0.0,0.0,1.734723475976807e-18,0.018845326377266575,0.003522338870275198,False,,200
D3,Mean,issued_arrow,200,200,0.0,0.0,1.734723475976807e-18,0.018845326377266575,0.003522338870275198,False,,200
D3,Mean,invalid,200,200,0.0,0.0,1.734723475976807e-18,0.018845326377266575,0.003522338870275198,False,,200
D3,Mean,sign_correct,200,200,0.0,0.0,1.734723475976807e-18,0.018845326377266575,0.003522338870275198,False,,200
D3,Mean,ale_standardized_irmse,200,200,0.5881450190496663,0.0014843490534836427,0.5852356949048384,0.5910543431944942,0.0014843490534836427,True,True,200
D3,Mean,pd_standardized_irmse,200,200,0.6808327268450464,0.0020639634540708207,0.6767873584750675,0.6848780952150252,0.0020639634540708207,False,,200
D3,Mean,pd_standardized_iae,200,200,0.6202649478257569,0.002027366461927631,0.6162913095603788,0.624238586091135,0.002027366461927631,False,,200
D3,Mean,standardized_effect_error,200,200,1.201394092708429,0.006442873123441854,1.188766061386483,1.214022124030375,0.006442873123441854,False,,200
D3,Mean,slope_standardized_rmse,200,200,0.6368777751637053,0.0017425647383416181,0.6334623482765557,0.6402932020508548,0.0017425647383416181,False,,200
D3,RF,correct_direction,200,200,0.14,0.024597258498217655,0.09866982633455634,0.1948988086570756,0.024666408777669267,True,True,200
D3,RF,wrong_direction,200,200,0.165,0.02631229148928473,0.11996855328217307,0.2226578153905955,0.026352313834736494,False,,200
D3,RF,issued_arrow,200,200,0.305,0.03263741725420572,0.24536415630735034,0.37198552097978366,0.03258469096212059,False,,200
D3,RF,invalid,200,200,0.0,0.0,1.734723475976807e-18,0.018845326377266575,0.003522338870275198,False,,200
D3,RF,sign_correct,200,200,1.0,0.0,0.9811546736227335,1.0,0.0035223388702752293,False,,200
D3,RF,ale_standardized_irmse,200,200,0.12471714037261108,0.0026472135281728052,0.11952860185739239,0.12990567888782978,0.0026472135281728052,True,True,200
D3,RF,pd_standardized_irmse,200,200,0.1518505156472364,0.0029650448055799274,0.14603902782829975,0.15766200346617304,0.0029650448055799274,False,,200
D3,RF,pd_standardized_iae,200,200,0.13077680982765455,0.0027253718300551946,0.12543508104074635,0.13611853861456275,0.0027253718300551946,False,,200
D3,RF,standardized_effect_error,200,200,0.1654586154424605,0.008787702835734955,0.14823471788441997,0.182682513000501,0.008787702835734955,False,,200
D3,RF,slope_standardized_rmse,200,200,0.46704466082323376,0.007522934259998059,0.4522997096736376,0.48178961197282993,0.007522934259998059,False,,200
D3,policy_direction,correct_direction,200,200,0.175,0.026935153843310678,0.12860515066273331,0.23364431148248993,0.02696510528529333,True,True,200
D3,policy_direction,wrong_direction,200,200,0.135,0.024224141785131024,0.09446570454787906,0.18929138370752552,0.024299930485873342,False,,200
D3,policy_direction,issued_arrow,200,200,0.31,0.0327852767543496,0.2499894483607809,0.37717177566258037,0.032730590465026785,False,,200
D3,policy_direction,invalid,200,200,0.0,0.0,1.734723475976807e-18,0.018845326377266575,0.003522338870275198,False,,200
D3,policy_shape,ale_standardized_irmse,200,200,0.13334389567714608,0.002266082052415794,0.1289023748544111,0.13778541649988105,0.002266082052415794,True,True,200
D3,policy_shape,pd_standardized_irmse,200,200,0.13972716520906192,0.002189907493220162,0.1354349465223504,0.14401938389577343,0.002189907493220162,False,,200
D3,policy_shape,pd_standardized_iae,200,200,0.1247791953952261,0.002122054210185163,0.12061996914326317,0.12893842164718902,0.002122054210185163,False,,200
D3,policy_shape,standardized_effect_error,200,200,0.36776476430569227,0.00577762654764218,0.3564406162723136,0.37908891233907094,0.00577762654764218,False,,200
D3,policy_shape,slope_standardized_rmse,200,200,0.30931473520899766,0.001295687243421,0.3067751882118925,0.31185428220610284,0.001295687243421,False,,200
D4,GAM,correct_direction,275,275,0.20363636363636364,0.024328094587990196,0.16027677761463643,0.25516165578986194,0.024331341665453435,True,True,275
D4,GAM,wrong_direction,275,275,0.014545454545454545,0.007232803491130964,0.005670598306999109,0.03679603800589093,0.007636876102903698,False,,275
D4,GAM,issued_arrow,275,275,0.21818181818181817,0.02495093816505508,0.17343252559543057,0.27069604604688374,0.024947434761017403,False,,275
D4,GAM,invalid,275,275,0.0,0.0,0.0,0.013776498075074023,0.0025643091072663927,False,,275
D4,GAM,sign_correct,275,275,1.0,0.0,0.9862235019249258,0.9999999999999999,0.0025643091072663983,False,,275
D4,GAM,threshold_found,275,275,1.0,0.0,0.9862235019249258,0.9999999999999999,0.0025643091072663983,False,,275
D4,GAM,ale_standardized_irmse,275,275,0.143011160538933,0.0018416493394773465,0.13940152783355741,0.1466207932443086,0.0018416493394773465,True,True,275
D4,GAM,pd_standardized_irmse,275,275,0.17901670929311256,0.0024368961866189504,0.1742403927673394,0.1837930258188857,0.0024368961866189504,False,,275
D4,GAM,pd_standardized_iae,275,275,0.14284456920577984,0.002313532039677057,0.1383100464080128,0.14737909200354687,0.002313532039677057,False,,275
D4,GAM,standardized_effect_error,275,275,0.09770784071556976,0.004156925907906811,0.08956026593607241,0.1058554154950671,0.004156925907906811,False,,275
D4,GAM,threshold_error,275,275,0.5225334873592988,0.011319556138989042,0.5003471573268803,0.5447198173917174,0.011319556138989042,False,,275
D4,GAM,slope_standardized_rmse,275,275,0.3262052656548045,0.002072073259435112,0.32214400206631166,0.33026652924329736,0.002072073259435112,False,,275
D4,GPR,correct_direction,275,275,0.11636363636363636,0.019371807765830883,0.08364254233595167,0.15965506164165055,0.019436395795181288,True,True,275
D4,GPR,wrong_direction,275,275,0.01818181818181818,0.008071586569096201,0.007790565409569138,0.04184860546277491,0.008427321267835512,False,,275
D4,GPR,issued_arrow,275,275,0.13454545454545455,0.020614906307522367,0.09921276957079803,0.17994750720407424,0.020662572792812733,False,,275
D4,GPR,invalid,275,275,0.0,0.0,0.0,0.013776498075074023,0.0025643091072663927,False,,275
D4,GPR,sign_correct,275,275,0.9854545454545455,0.007232803491130964,0.9632039619941091,0.9943294016930009,0.007636876102903689,False,,275
D4,GPR,threshold_found,275,275,1.0,0.0,0.9862235019249258,0.9999999999999999,0.0025643091072663983,False,,275
D4,GPR,ale_standardized_irmse,275,275,0.13506700898946467,0.0037011023499920782,0.1278128483834802,0.14232116959544913,0.0037011023499920782,True,True,275
D4,GPR,pd_standardized_irmse,275,275,0.1624477119553526,0.004530471158030809,0.1535679884856122,0.171327435425093,0.004530471158030809,False,,275
D4,GPR,pd_standardized_iae,275,275,0.13375163717776192,0.003893445821967788,0.12612048336670506,0.14138279098881879,0.003893445821967788,False,,275
D4,GPR,standardized_effect_error,275,275,0.145788031728235,0.006045907950538336,0.13393805214517987,0.15763801131129015,0.006045907950538336,False,,275
D4,GPR,threshold_error,275,275,0.3675888984768488,0.015960588295853586,0.33630614541697573,0.3988716515367218,0.015960588295853586,False,,275
D4,GPR,slope_standardized_rmse,275,275,0.3092414921732493,0.006231696930124874,0.29702736619020453,0.3214556181562941,0.006231696930124874,False,,275
D4,LMM,correct_direction,275,275,0.0,0.0,0.0,0.013776498075074023,0.0025643091072663927,True,True,275
D4,LMM,wrong_direction,275,275,0.0036363636363636364,0.0036363636363636364,0.0006421961356207172,0.020306836498907313,0.004433445508730149,False,,275
D4,LMM,issued_arrow,275,275,0.0036363636363636364,0.0036363636363636364,0.0006421961356207172,0.020306836498907313,0.004433445508730149,False,,275
D4,LMM,invalid,275,275,0.0,0.0,0.0,0.013776498075074023,0.0025643091072663927,False,,275
D4,LMM,sign_correct,275,275,1.0,0.0,0.9862235019249258,0.9999999999999999,0.0025643091072663983,False,,275
D4,LMM,threshold_found,275,275,0.0,0.0,0.0,0.013776498075074023,0.0025643091072663927,False,,275
D4,LMM,ale_standardized_irmse,275,275,0.17152300620138367,0.0010661148347344443,0.16943342112530416,0.17361259127746317,0.0010661148347344443,True,True,275
D4,LMM,pd_standardized_irmse,275,275,0.19505311163233768,0.0013318387552861016,0.19244270767197694,0.19766351559269843,0.0013318387552861016,False,,275
D4,LMM,pd_standardized_iae,275,275,0.1651148967342589,0.00103771191358774,0.16308098138362692,0.16714881208489085,0.00103771191358774,False,,275
D4,LMM,standardized_effect_error,275,275,0.10472657361478056,0.0044047203686916935,0.09609332169214485,0.11335982553741628,0.0044047203686916935,False,,275
D4,LMM,slope_standardized_rmse,275,275,0.37900939275597756,0.0009032194107041534,0.37723908271099743,0.3807797028009577,0.0009032194107041534,False,,275
D4,MERF,correct_direction,275,275,0.36727272727272725,0.029122411609200462,0.31249052166237773,0.4257119669175509,0.02907738238939211,True,True,275
D4,MERF,wrong_direction,275,275,0.01818181818181818,0.008071586569096201,0.007790565409569138,0.04184860546277491,0.008427321267835512,False,,275
D4,MERF,issued_arrow,275,275,0.38545454545454544,0.02940277426474265,0.32988489525169845,0.44418026612550016,0.029355144746942348,False,,275
D4,MERF,invalid,275,275,0.0,0.0,0.0,0.013776498075074023,0.0025643091072663927,False,,275
D4,MERF,sign_correct,275,275,0.9781818181818182,0.008825590851031993,0.9532252202830137,0.989963074285188,0.009144514104437652,False,,275
D4,MERF,threshold_found,275,275,1.0,0.0,0.9862235019249258,0.9999999999999999,0.0025643091072663983,False,,275
D4,MERF,ale_standardized_irmse,275,275,0.08777300551369127,0.002210384809438967,0.0834406512871909,0.09210535974019164,0.002210384809438967,True,True,275
D4,MERF,pd_standardized_irmse,275,275,0.10969195761883437,0.0024771038079501226,0.10483683415525212,0.11454708108241661,0.0024771038079501226,False,,275
D4,MERF,pd_standardized_iae,275,275,0.08688199151737774,0.0021828368489294403,0.08260363129347605,0.09116035174127944,0.0021828368489294403,False,,275
D4,MERF,standardized_effect_error,275,275,0.14161794085575619,0.005883187925250618,0.13008689252226496,0.1531489891892474,0.005883187925250618,False,,275
D4,MERF,threshold_error,275,275,0.2675319627497019,0.013530013739729067,0.24101313581983297,0.2940507896795709,0.013530013739729067,False,,275
D4,MERF,slope_standardized_rmse,275,275,0.43078218718586225,0.0062163887429933515,0.4185980652495953,0.4429663091221292,0.0062163887429933515,False,,275
D4,Mean,correct_direction,275,275,0.0,0.0,0.0,0.013776498075074023,0.0025643091072663927,True,True,275
D4,Mean,wrong_direction,275,275,0.0,0.0,0.0,0.013776498075074023,0.0025643091072663927,False,,275
D4,Mean,issued_arrow,275,275,0.0,0.0,0.0,0.013776498075074023,0.0025643091072663927,False,,275
D4,Mean,invalid,275,275,0.0,0.0,0.0,0.013776498075074023,0.0025643091072663927,False,,275
D4,Mean,sign_correct,275,275,0.0,0.0,0.0,0.013776498075074023,0.0025643091072663927,False,,275
D4,Mean,threshold_found,275,275,0.0,0.0,0.0,0.013776498075074023,0.0025643091072663927,False,,275
D4,Mean,ale_standardized_irmse,275,275,0.29257745112778616,0.0018502495038718223,0.2889509621001974,0.29620394015537493,0.0018502495038718223,True,True,275
D4,Mean,pd_standardized_irmse,275,275,0.3598841762666536,0.0030220742175876662,0.35396091080018177,0.3658074417331254,0.0030220742175876662,False,,275
D4,Mean,pd_standardized_iae,275,275,0.30724140341955736,0.0028304219849146855,0.3016937763291246,0.31278903050999013,0.0028304219849146855,False,,275
D4,Mean,standardized_effect_error,275,275,0.3710738881515993,0.005897933408723502,0.35951393867050124,0.38263383763269737,0.005897933408723502,False,,275
D4,Mean,slope_standardized_rmse,275,275,0.5023266105558566,0.0016649070821042652,0.4990633926749322,0.5055898284367809,0.0016649070821042652,False,,275
D4,RF,correct_direction,275,275,0.3563636363636364,0.028932881998424437,0.3020946719918599,0.41459021290970677,0.028889622366842206,True,True,275
D4,RF,wrong_direction,275,275,0.025454545454545455,0.009514992313372227,0.01238375143965446,0.0516004885515976,0.009804542823402878,False,,275
D4,RF,issued_arrow,275,275,0.38181818181818183,0.029350204730210216,0.3263993171722777,0.440493309645467,0.029303061225501085,False,,275
D4,RF,invalid,275,275,0.0,0.0,0.0,0.013776498075074023,0.0025643091072663927,False,,275
D4,RF,sign_correct,275,275,0.9745454545454545,0.009514992313372229,0.9483995114484023,0.9876162485603455,0.00980454282340288,False,,275
D4,RF,threshold_found,275,275,1.0,0.0,0.9862235019249258,0.9999999999999999,0.0025643091072663983,False,,275
D4,RF,ale_standardized_irmse,275,275,0.09050011000761138,0.0022460587249962124,0.0860978349066188,0.09490238510860395,0.0022460587249962124,True,True,275
D4,RF,pd_standardized_irmse,275,275,0.11295885828593061,0.002521898546846408,0.10801593713411164,0.11790177943774957,0.002521898546846408,False,,275
D4,RF,pd_standardized_iae,275,275,0.08986956012437983,0.002227604283271396,0.08550345572916788,0.09423566451959177,0.002227604283271396,False,,275
D4,RF,standardized_effect_error,275,275,0.14205564844309992,0.006137102855531076,0.13002692684625902,0.15408437003994083,0.006137102855531076,False,,275
D4,RF,threshold_error,275,275,0.27749216464726845,0.013460234503210128,0.2511101050209766,0.3038742242735603,0.013460234503210128,False,,275
D4,RF,slope_standardized_rmse,275,275,0.43683671675981434,0.006375297552929011,0.4243411335560735,0.44933229996355517,0.006375297552929011,False,,275
D4,policy_direction,correct_direction,275,275,0.36727272727272725,0.029122411609200462,0.31249052166237773,0.4257119669175509,0.02907738238939211,True,True,275
D4,policy_direction,wrong_direction,275,275,0.01818181818181818,0.008071586569096201,0.007790565409569138,0.04184860546277491,0.008427321267835512,False,,275
D4,policy_direction,issued_arrow,275,275,0.38545454545454544,0.02940277426474265,0.32988489525169845,0.44418026612550016,0.029355144746942348,False,,275
D4,policy_direction,invalid,275,275,0.0,0.0,0.0,0.013776498075074023,0.0025643091072663927,False,,275
D4,policy_shape,ale_standardized_irmse,275,275,0.17152300620138367,0.0010661148347344443,0.16943342112530416,0.17361259127746317,0.0010661148347344443,True,True,275
D4,policy_shape,pd_standardized_irmse,275,275,0.19505311163233768,0.0013318387552861016,0.19244270767197694,0.19766351559269843,0.0013318387552861016,False,,275
D4,policy_shape,pd_standardized_iae,275,275,0.1651148967342589,0.00103771191358774,0.16308098138362692,0.16714881208489085,0.00103771191358774,False,,275
D4,policy_shape,standardized_effect_error,275,275,0.10472657361478056,0.0044047203686916935,0.09609332169214485,0.11335982553741628,0.0044047203686916935,False,,275
D4,policy_shape,slope_standardized_rmse,275,275,0.37900939275597756,0.0009032194107041534,0.37723908271099743,0.3807797028009577,0.0009032194107041534,False,,275
D5,GAM,correct_direction,225,225,0.15555555555555556,0.02421610524189263,0.1140250111105538,0.2086501684710957,0.024258389689585606,True,True,225
D5,GAM,wrong_direction,225,225,0.044444444444444446,0.013769326645156723,0.024317740906788954,0.07986556112055393,0.014031968095919231,False,,225
D5,GAM,issued_arrow,225,225,0.2,0.026726124191242442,0.15296669310186534,0.2571052375015068,0.02673280947923594,False,,225
D5,GAM,invalid,225,225,0.0,0.0,1.734723475976807e-18,0.016786551005620237,0.0031322655725066818,False,,225
D5,GAM,sign_correct,225,225,1.0,0.0,0.9832134489943798,1.0,0.003132265572506645,False,,225
D5,GAM,ale_standardized_irmse,225,225,0.15018300962176226,0.0026150092542009283,0.14505759148352845,0.15530842775999606,0.0026150092542009283,True,True,225
D5,GAM,pd_standardized_irmse,225,225,0.17342330876432877,0.002978547852121584,0.16758535497417046,0.17926126255448707,0.002978547852121584,False,,225
D5,GAM,pd_standardized_iae,225,225,0.1570026523376318,0.0027650320229003723,0.15158318957274708,0.16242211510251653,0.0027650320229003723,False,,225
D5,GAM,standardized_effect_error,225,225,0.2931534724652241,0.005624267404082145,0.2821299083532231,0.3041770365772251,0.005624267404082145,False,,225
D5,GAM,slope_standardized_rmse,225,225,0.17704002590505,0.00255975962471917,0.17202289704060042,0.18205715476949957,0.00255975962471917,False,,225
D5,GPR,correct_direction,225,225,0.09333333333333334,0.019436506316151,0.061856903726350415,0.1384628244248874,0.019559880084055667,True,True,225
D5,GPR,wrong_direction,225,225,0.07555555555555556,0.017658328870061434,0.047705468361644306,0.11765555938090444,0.017818549825517782,False,,225
D5,GPR,issued_arrow,225,225,0.1688888888888889,0.02503260660215112,0.12558868225598258,0.22330552263218373,0.025062898920304465,False,,225
D5,GPR,invalid,225,225,0.0,0.0,1.734723475976807e-18,0.016786551005620237,0.0031322655725066818,False,,225
D5,GPR,sign_correct,225,225,1.0,0.0,0.9832134489943798,1.0,0.003132265572506645,False,,225
D5,GPR,ale_standardized_irmse,225,225,0.1341152450328067,0.004801232490764518,0.12470482935090824,0.14352566071470516,0.004801232490764518,True,True,225
D5,GPR,pd_standardized_irmse,225,225,0.15628601896080385,0.0055128094316521355,0.14548091247476566,0.16709112544684204,0.0055128094316521355,False,,225
D5,GPR,pd_standardized_iae,225,225,0.13944520818153777,0.005093066028578534,0.12946279876552386,0.1494276175975517,0.005093066028578534,False,,225
D5,GPR,standardized_effect_error,225,225,0.26026736253798677,0.010751523421417183,0.2391943766320091,0.28134034844396444,0.010751523421417183,False,,225
D5,GPR,slope_standardized_rmse,225,225,0.20846089171214846,0.008212003604712992,0.192365364646911,0.2245564187773859,0.008212003604712992,False,,225
D5,LMM,correct_direction,225,225,0.017777777777777778,0.008829164435030715,0.006934601592962379,0.04481064982134692,0.009313081937986366,True,True,225
D5,LMM,wrong_direction,225,225,0.013333333333333334,0.007663560447348135,0.00454471053974316,0.038460865772393875,0.008231885700516712,False,,225
D5,LMM,issued_arrow,225,225,0.03111111111111111,0.011600340565456167,0.015150361254520125,0.06281391546630596,0.011941438715567122,False,,225
D5,LMM,invalid,225,225,0.0,0.0,1.734723475976807e-18,0.016786551005620237,0.0031322655725066818,False,,225
D5,LMM,sign_correct,225,225,1.0,0.0,0.9832134489943798,1.0,0.003132265572506645,False,,225
D5,LMM,ale_standardized_irmse,225,225,0.08694825636452862,0.002084479798188348,0.08286267596007946,0.09103383676897778,0.002084479798188348,True,True,225
D5,LMM,pd_standardized_irmse,225,225,0.09646921063044694,0.0021646808566534908,0.0922264361514061,0.10071198510948778,0.0021646808566534908,False,,225
D5,LMM,pd_standardized_iae,225,225,0.08435652987887958,0.0020956455216971067,0.08024906465635324,0.08846399510140592,0.0020956455216971067,False,,225
D5,LMM,standardized_effect_error,225,225,0.21069709937569972,0.006082909810095843,0.19877459614791188,0.22261960260348757,0.006082909810095843,False,,225
D5,LMM,slope_standardized_rmse,225,225,0.19633236401068055,0.0014281979494352728,0.1935330960297874,0.1991316319915737,0.0014281979494352728,False,,225
D5,MERF,correct_direction,225,225,0.23555555555555555,0.028352778885794197,0.18483629887765674,0.2951530325430935,0.028338166164665866,True,True,225
D5,MERF,wrong_direction,225,225,0.057777777777777775,0.015589532055202183,0.03407307016362627,0.09632925717023341,0.0157996204171302,False,,225
D5,MERF,issued_arrow,225,225,0.29333333333333333,0.03042033572130369,0.23771193704411392,0.35589317070487575,0.03038025872882844,False,,225
D5,MERF,invalid,225,225,0.0,0.0,1.734723475976807e-18,0.016786551005620237,0.0031322655725066818,False,,225
D5,MERF,sign_correct,225,225,1.0,0.0,0.9832134489943798,1.0,0.003132265572506645,False,,225
D5,MERF,ale_standardized_irmse,225,225,0.10518599780323756,0.002432716866503198,0.10041787274489129,0.10995412286158383,0.002432716866503198,True,True,225
D5,MERF,pd_standardized_irmse,225,225,0.121570314467783,0.00268259917365207,0.11631242008742494,0.12682820884814106,0.00268259917365207,False,,225
D5,MERF,pd_standardized_iae,225,225,0.10392774814424728,0.002468608438778585,0.09908927560424126,0.1087662206842533,0.002468608438778585,False,,225
D5,MERF,standardized_effect_error,225,225,0.15434865149734056,0.007666974193673536,0.13932138207774042,0.1693759209169407,0.007666974193673536,False,,225
D5,MERF,slope_standardized_rmse,225,225,0.37923297552678137,0.0059989276737271,0.36747507728627626,0.3909908737672865,0.0059989276737271,False,,225
D5,Mean,correct_direction,225,225,0.0,0.0,1.734723475976807e-18,0.016786551005620237,0.0031322655725066818,True,True,225
D5,Mean,wrong_direction,225,225,0.0,0.0,1.734723475976807e-18,0.016786551005620237,0.0031322655725066818,False,,225
D5,Mean,issued_arrow,225,225,0.0,0.0,1.734723475976807e-18,0.016786551005620237,0.0031322655725066818,False,,225
D5,Mean,invalid,225,225,0.0,0.0,1.734723475976807e-18,0.016786551005620237,0.0031322655725066818,False,,225
D5,Mean,sign_correct,225,225,0.0,0.0,1.734723475976807e-18,0.016786551005620237,0.0031322655725066818,False,,225
D5,Mean,ale_standardized_irmse,225,225,0.35434702243624744,0.0008283113139619196,0.3527235322608821,0.3559705126116128,0.0008283113139619196,True,True,225
D5,Mean,pd_standardized_irmse,225,225,0.4096766579577926,0.0011005698988088555,0.40751954095612725,0.411833774959458,0.0011005698988088555,False,,225
D5,Mean,pd_standardized_iae,225,225,0.373219986823148,0.0010753969131681563,0.3711122088733384,0.3753277647729576,0.0010753969131681563,False,,225
D5,Mean,standardized_effect_error,225,225,0.7198058247074737,0.003090905982520967,0.7137476489817326,0.7258640004332148,0.003090905982520967,False,,225
D5,Mean,slope_standardized_rmse,225,225,0.3829066194979727,0.0010170294978990506,0.38091324168209056,0.3848999973138549,0.0010170294978990506,False,,225
D5,RF,correct_direction,225,225,0.26666666666666666,0.029546842014263948,0.21315491971385658,0.32801213742209956,0.029517324393106604,True,True,225
D5,RF,wrong_direction,225,225,0.08888888888888889,0.01901452150906498,0.05827830714577196,0.1333017459032936,0.019146224433097794,False,,225
D5,RF,issued_arrow,225,225,0.35555555555555557,0.031983240761285524,0.2959135483884876,0.4200470107909138,0.03192491419232605,False,,225
D5,RF,invalid,225,225,0.0,0.0,1.734723475976807e-18,0.016786551005620237,0.0031322655725066818,False,,225
D5,RF,sign_correct,225,225,1.0,0.0,0.9832134489943798,1.0,0.003132265572506645,False,,225
D5,RF,ale_standardized_irmse,225,225,0.10542301009925742,0.0025202637940356268,0.10048329306294759,0.11036272713556725,0.0025202637940356268,True,True,225
D5,RF,pd_standardized_irmse,225,225,0.12141074565608742,0.0027472588226180325,0.11602611836375608,0.12679537294841878,0.0027472588226180325,False,,225
D5,RF,pd_standardized_iae,225,225,0.10327988314324345,0.0025489907216166975,0.09828386132887472,0.10827590495761218,0.0025489907216166975,False,,225
D5,RF,standardized_effect_error,225,225,0.16127951820645414,0.0076736131806915105,0.14623923637229877,0.17631980004060951,0.0076736131806915105,False,,225
D5,RF,slope_standardized_rmse,225,225,0.39158797772108106,0.006141618048240293,0.3795504063465301,0.40362554909563203,0.006141618048240293,False,,225
D5,policy_direction,correct_direction,225,225,0.23555555555555555,0.028352778885794197,0.18483629887765674,0.2951530325430935,0.028338166164665866,True,True,225
D5,policy_direction,wrong_direction,225,225,0.057777777777777775,0.015589532055202183,0.03407307016362627,0.09632925717023341,0.0157996204171302,False,,225
D5,policy_direction,issued_arrow,225,225,0.29333333333333333,0.03042033572130369,0.23771193704411392,0.35589317070487575,0.03038025872882844,False,,225
D5,policy_direction,invalid,225,225,0.0,0.0,1.734723475976807e-18,0.016786551005620237,0.0031322655725066818,False,,225
D5,policy_shape,ale_standardized_irmse,225,225,0.08694825636452862,0.002084479798188348,0.08286267596007946,0.09103383676897778,0.002084479798188348,True,True,225
D5,policy_shape,pd_standardized_irmse,225,225,0.09646921063044694,0.0021646808566534908,0.0922264361514061,0.10071198510948778,0.0021646808566534908,False,,225
D5,policy_shape,pd_standardized_iae,225,225,0.08435652987887958,0.0020956455216971067,0.08024906465635324,0.08846399510140592,0.0020956455216971067,False,,225
D5,policy_shape,standardized_effect_error,225,225,0.21069709937569972,0.006082909810095843,0.19877459614791188,0.22261960260348757,0.006082909810095843,False,,225
D5,policy_shape,slope_standardized_rmse,225,225,0.19633236401068055,0.0014281979494352728,0.1935330960297874,0.1991316319915737,0.0014281979494352728,False,,225
D6,GAM,correct_direction,200,200,0.085,0.019769399225283587,0.05374575017747561,0.13189587071565567,0.0199354481643262,True,True,200
D6,GAM,wrong_direction,200,200,0.135,0.02422414178513102,0.09446570454787906,0.18929138370752552,0.024299930485873342,False,,200
D6,GAM,issued_arrow,200,200,0.22,0.02936514188266327,0.16816538358833258,0.28238799918293667,0.029357976680662232,False,,200
D6,GAM,invalid,200,200,0.0,0.0,1.734723475976807e-18,0.018845326377266575,0.003522338870275198,False,,200
D6,GAM,sign_correct,200,200,1.0,0.0,0.9811546736227335,1.0,0.0035223388702752293,False,,200
D6,GAM,ale_standardized_irmse,200,200,0.25346934614544464,0.002656894962237572,0.248261832019459,0.2586768602714303,0.002656894962237572,True,True,200
D6,GAM,pd_standardized_irmse,200,200,0.29324502169129835,0.003041402291283127,0.2872838732003834,0.2992061701822133,0.003041402291283127,False,,200
D6,GAM,pd_standardized_iae,200,200,0.2652814133208365,0.002812464207683512,0.2597689834737768,0.2707938431678962,0.002812464207683512,False,,200
D6,GAM,standardized_effect_error,200,200,0.49822142298955296,0.0057725797382488665,0.48690716670258516,0.5095356792765208,0.0057725797382488665,False,,200
D6,GAM,slope_standardized_rmse,200,200,0.2945271771112419,0.0028367003288028215,0.28896724446678834,0.3000871097556954,0.0028367003288028215,False,,200
D6,GPR,correct_direction,200,200,0.13,0.02383991838372593,0.0902820227966932,0.18366351872248407,0.023922667130228132,True,True,200
D6,GPR,wrong_direction,200,200,0.075,0.018671317319682114,0.04597491718438201,0.12004361023629456,0.018863694346073087,False,,200
D6,GPR,issued_arrow,200,200,0.205,0.028617649261360224,0.15486176203836208,0.26625698052422514,0.02862156235840115,False,,200
D6,GPR,invalid,200,200,0.0,0.0,1.734723475976807e-18,0.018845326377266575,0.003522338870275198,False,,200
D6,GPR,sign_correct,200,200,1.0,0.0,0.9811546736227335,1.0,0.0035223388702752293,False,,200
D6,GPR,ale_standardized_irmse,200,200,0.12358250873576271,0.005045036117105479,0.11369423794623597,0.13347077952528943,0.005045036117105479,True,True,200
D6,GPR,pd_standardized_irmse,200,200,0.13881716995293378,0.005669058534989385,0.1277058152243546,0.14992852468151296,0.005669058534989385,False,,200
D6,GPR,pd_standardized_iae,200,200,0.12601447162729257,0.0052806672417978736,0.11566436383336874,0.1363645794212164,0.0052806672417978736,False,,200
D6,GPR,standardized_effect_error,200,200,0.26942930448721913,0.011145081368876444,0.2475849450042213,0.291273663970217,0.011145081368876444,False,,200
D6,GPR,slope_standardized_rmse,200,200,0.18473734344436785,0.005603184604899447,0.17375510161876492,0.19571958526997077,0.005603184604899447,False,,200
D6,LMM,correct_direction,200,200,0.06,0.016834995854681276,0.03465219425433187,0.1019316929576627,0.017076530121574604,True,True,200
D6,LMM,wrong_direction,200,200,0.1,0.021266436150250076,0.06567044866909588,0.1494058124327174,0.02139954199311081,False,,200
D6,LMM,issued_arrow,200,200,0.16,0.02598801424545766,0.1156741203158702,0.21714070162067106,0.02603338120960327,False,,200
D6,LMM,invalid,200,200,0.0,0.0,1.734723475976807e-18,0.018845326377266575,0.003522338870275198,False,,200
D6,LMM,sign_correct,200,200,1.0,0.0,0.9811546736227335,1.0,0.0035223388702752293,False,,200
D6,LMM,ale_standardized_irmse,200,200,0.13298263023124757,0.002284475042346376,0.12850505914824867,0.13746020131424647,0.002284475042346376,True,True,200
D6,LMM,pd_standardized_irmse,200,200,0.13906667928101263,0.0022576117016039916,0.1346417603458688,0.14349159821615645,0.0022576117016039916,False,,200
D6,LMM,pd_standardized_iae,200,200,0.12442659617402572,0.0021860227221975333,0.12014199163851856,0.1287112007095329,0.0021860227221975333,False,,200
D6,LMM,standardized_effect_error,200,200,0.362799750052902,0.0057384023972230575,0.3515524813543448,0.3740470187514592,0.0057384023972230575,False,,200
D6,LMM,slope_standardized_rmse,200,200,0.30593590625098616,0.0013108647400829473,0.3033666113604236,0.3085052011415487,0.0013108647400829473,False,,200
D6,MERF,correct_direction,200,200,0.21,0.028873315391699354,0.15928412069979,0.2716461685990246,0.028873407686724063,True,True,200
D6,MERF,wrong_direction,200,200,0.09,0.02028688711815402,0.05768744886219316,0.13776571876716542,0.020441193217107103,False,,200
D6,MERF,issued_arrow,200,200,0.3,0.03248501780682208,0.24074744682371402,0.36679068372719265,0.03243431977672306,False,,200
D6,MERF,invalid,200,200,0.0,0.0,1.734723475976807e-18,0.018845326377266575,0.003522338870275198,False,,200
D6,MERF,sign_correct,200,200,1.0,0.0,0.9811546736227335,1.0,0.0035223388702752293,False,,200
D6,MERF,ale_standardized_irmse,200,200,0.15992864288206887,0.0024193451562390697,0.1551867263758403,0.16467055938829744,0.0024193451562390697,True,True,200
D6,MERF,pd_standardized_irmse,200,200,0.19759257007351913,0.0027454606352911286,0.19221146722834853,0.20297367291868973,0.0027454606352911286,False,,200
D6,MERF,pd_standardized_iae,200,200,0.17145089737116945,0.0025330097823343836,0.16648619819779406,0.17641559654454483,0.0025330097823343836,False,,200
D6,MERF,standardized_effect_error,200,200,0.2350978950709095,0.007701027927409172,0.22000388033318752,0.2501919098086315,0.007701027927409172,False,,200
D6,MERF,slope_standardized_rmse,200,200,0.43048042946247683,0.006030292340895198,0.4186610564743222,0.44229980245063144,0.006030292340895198,False,,200
D6,Mean,correct_direction,200,200,0.0,0.0,1.734723475976807e-18,0.018845326377266575,0.003522338870275198,True,True,200
D6,Mean,wrong_direction,200,200,0.0,0.0,1.734723475976807e-18,0.018845326377266575,0.003522338870275198,False,,200
D6,Mean,issued_arrow,200,200,0.0,0.0,1.734723475976807e-18,0.018845326377266575,0.003522338870275198,False,,200
D6,Mean,invalid,200,200,0.0,0.0,1.734723475976807e-18,0.018845326377266575,0.003522338870275198,False,,200
D6,Mean,sign_correct,200,200,0.0,0.0,1.734723475976807e-18,0.018845326377266575,0.003522338870275198,False,,200
D6,Mean,ale_standardized_irmse,200,200,0.5843161262696723,0.0015033978968673528,0.5813694663918123,0.5872627861475324,0.0015033978968673528,True,True,200
D6,Mean,pd_standardized_irmse,200,200,0.6738788949688178,0.0021279540465975735,0.6697081050374866,0.678049684900149,0.0021279540465975735,False,,200
D6,Mean,pd_standardized_iae,200,200,0.6134652812877587,0.0020805756540241797,0.6093873530058713,0.617543209569646,0.0020805756540241797,False,,200
D6,Mean,standardized_effect_error,200,200,1.1906676143785604,0.006145624452205993,1.1786221904522367,1.202713038304884,0.006145624452205993,False,,200
D6,Mean,slope_standardized_rmse,200,200,0.6377307393837051,0.002205592657160724,0.63340777777567,0.6420537009917401,0.002205592657160724,False,,200
D6,RF,correct_direction,200,200,0.15,0.025312121949531207,0.10713593562241995,0.20605579284166659,0.02536886609305499,True,True,200
D6,RF,wrong_direction,200,200,0.12,0.02303591253524935,0.08197992706375512,0.17234252098296743,0.023133659649031083,False,,200
D6,RF,issued_arrow,200,200,0.27,0.03147145152843339,0.21323449814685846,0.33543435198668425,0.03143446029325727,False,,200
D6,RF,invalid,200,200,0.0,0.0,1.734723475976807e-18,0.018845326377266575,0.003522338870275198,False,,200
D6,RF,sign_correct,200,200,1.0,0.0,0.9811546736227335,1.0,0.0035223388702752293,False,,200
D6,RF,ale_standardized_irmse,200,200,0.1315154130601106,0.002910097622776927,0.12581162171946783,0.1372192044007534,0.002910097622776927,True,True,200
D6,RF,pd_standardized_irmse,200,200,0.16089000934083827,0.003269804319073716,0.15448119287545378,0.16729882580622277,0.003269804319073716,False,,200
D6,RF,pd_standardized_iae,200,200,0.1375967900681958,0.002996146824756882,0.13172434229167232,0.1434692378447193,0.002996146824756882,False,,200
D6,RF,standardized_effect_error,200,200,0.1762193598216428,0.008293430549591786,0.1599642359444429,0.1924744836988427,0.008293430549591786,False,,200
D6,RF,slope_standardized_rmse,200,200,0.45112585419171447,0.006880687925473399,0.4376397058577866,0.46461200252564233,0.006880687925473399,False,,200
D6,policy_direction,correct_direction,200,200,0.195,0.028085923439997246,0.1460552053440051,0.25544044374612745,0.028097893101488143,True,True,200
D6,policy_direction,wrong_direction,200,200,0.11,0.02218016679366895,0.07377244460125303,0.1609269099730149,0.022294580964611427,False,,200
D6,policy_direction,issued_arrow,200,200,0.305,0.03263741725420572,0.24536415630735034,0.37198552097978366,0.03258469096212059,False,,200
D6,policy_direction,invalid,200,200,0.0,0.0,1.734723475976807e-18,0.018845326377266575,0.003522338870275198,False,,200
D6,policy_shape,ale_standardized_irmse,200,200,0.12882561768444523,0.002654092608619588,0.12362359617155083,0.13402763919733962,0.002654092608619588,True,True,200
D6,policy_shape,pd_standardized_irmse,200,200,0.14668228207834552,0.002936168190293258,0.14092739242537072,0.15243717173132032,0.002936168190293258,False,,200
D6,policy_shape,pd_standardized_iae,200,200,0.12800426390374314,0.002690329552227339,0.12273121798137755,0.13327730982610872,0.002690329552227339,False,,200
D6,policy_shape,standardized_effect_error,200,200,0.2647770771811904,0.00933561350929253,0.24647927470297706,0.28307487965940376,0.00933561350929253,False,,200
D6,policy_shape,slope_standardized_rmse,200,200,0.3817954418999733,0.007557268218923408,0.3669831961908834,0.3966076876090632,0.007557268218923408,False,,200
D7,GAM,false_arrow,200,200,0.095,0.020785455873744915,0.06166310271738653,0.1436016116481994,0.020928811436388296,True,True,200
D7,GAM,safe_abstention,200,200,0.905,0.02078545587374491,0.8563983883518006,0.9383368972826135,0.020928811436388292,False,,200
D7,GAM,issued_arrow,200,200,0.095,0.020785455873744915,0.06166310271738653,0.1436016116481994,0.020928811436388296,False,,200
D7,GAM,invalid,200,200,0.0,0.0,1.734723475976807e-18,0.018845326377266575,0.003522338870275198,False,,200
D7,GAM,ale_standardized_irmse,200,200,0.11663026070942922,0.0020377032031505472,0.11263636243125415,0.1206241589876043,0.0020377032031505472,True,True,200
D7,GAM,pd_standardized_irmse,200,200,0.13711620694529655,0.00241022907900314,0.1323921579504504,0.1418402559401427,0.00241022907900314,False,,200
D7,GAM,pd_standardized_iae,200,200,0.12325310891587747,0.002204525136215562,0.11893223964889497,0.12757397818285998,0.002204525136215562,False,,200
D7,GAM,standardized_effect_error,200,200,0.22720835373880116,0.0044436818990446795,0.2184987372166736,0.23591797026092873,0.0044436818990446795,False,,200
D7,GAM,slope_standardized_rmse,200,200,0.1042310566887333,0.0016213845212971632,0.10105314302699085,0.10740897035047574,0.0016213845212971632,False,,200
D7,GPR,false_arrow,200,200,0.0,0.0,1.734723475976807e-18,0.018845326377266575,0.003522338870275198,True,True,200
D7,GPR,safe_abstention,200,200,1.0,0.0,0.9811546736227335,1.0,0.0035223388702752293,False,,200
D7,GPR,issued_arrow,200,200,0.0,0.0,1.734723475976807e-18,0.018845326377266575,0.003522338870275198,False,,200
D7,GPR,invalid,200,200,0.0,0.0,1.734723475976807e-18,0.018845326377266575,0.003522338870275198,False,,200
D7,GPR,ale_standardized_irmse,200,200,0.018686801930156868,0.0015846160369079958,0.015580954497817196,0.02179264936249654,0.0015846160369079958,True,True,200
D7,GPR,pd_standardized_irmse,200,200,0.022985043646061312,0.001981377089701866,0.019101544550245656,0.02686854274187697,0.001981377089701866,False,,200
D7,GPR,pd_standardized_iae,200,200,0.019842435386156154,0.0017107501647498444,0.01648936506324646,0.02319550570906585,0.0017107501647498444,False,,200
D7,GPR,standardized_effect_error,200,200,0.030282111866505517,0.0027264559658129015,0.02493825817351223,0.035625965559498804,0.0027264559658129015,False,,200
D7,GPR,slope_standardized_rmse,200,200,0.020627297075940302,0.001824962759042601,0.017050370068216802,0.0242042240836638,0.001824962759042601,False,,200
D7,LMM,false_arrow,200,200,0.0,0.0,1.734723475976807e-18,0.018845326377266575,0.003522338870275198,True,True,200
D7,LMM,safe_abstention,200,200,1.0,0.0,0.9811546736227335,1.0,0.0035223388702752293,False,,200
D7,LMM,issued_arrow,200,200,0.0,0.0,1.734723475976807e-18,0.018845326377266575,0.003522338870275198,False,,200
D7,LMM,invalid,200,200,0.0,0.0,1.734723475976807e-18,0.018845326377266575,0.003522338870275198,False,,200
D7,LMM,ale_standardized_irmse,200,200,0.03686674165627528,0.0018963724854762112,0.0331498515847419,0.040583631727808656,0.0018963724854762112,True,True,200
D7,LMM,pd_standardized_irmse,200,200,0.04494127620280033,0.0023166088972081046,0.040400722764272444,0.04948182964132821,0.0023166088972081046,False,,200
D7,LMM,pd_standardized_iae,200,200,0.03890870862001213,0.002005645326164131,0.034977643780730434,0.04283977345929383,0.002005645326164131,False,,200
D7,LMM,standardized_effect_error,200,200,0.0631225852439386,0.0032555871056990787,0.056741634516768405,0.0695035359711088,0.0032555871056990787,False,,200
D7,LMM,slope_standardized_rmse,200,200,0.036206156478187417,0.0018847141159104505,0.03251211681100293,0.0399001961453719,0.0018847141159104505,False,,200
D7,MERF,false_arrow,200,200,0.07,0.018086892447072265,0.042152171828342806,0.11405480885610647,0.0182941554021543,True,True,200
D7,MERF,safe_abstention,200,200,0.93,0.018086892447072265,0.8859451911438936,0.9578478281716571,0.018294155402154292,False,,200
D7,MERF,issued_arrow,200,200,0.07,0.018086892447072265,0.042152171828342806,0.11405480885610647,0.0182941554021543,False,,200
D7,MERF,invalid,200,200,0.0,0.0,1.734723475976807e-18,0.018845326377266575,0.003522338870275198,False,,200
D7,MERF,ale_standardized_irmse,200,200,0.09249332303005715,0.001995661270852973,0.08858182693918533,0.09640481912092898,0.001995661270852973,True,True,200
D7,MERF,pd_standardized_irmse,200,200,0.12487475486157087,0.0022336866758005825,0.12049672897700173,0.12925278074614002,0.0022336866758005825,False,,200
D7,MERF,pd_standardized_iae,200,200,0.10788946017254508,0.00201527973094313,0.10393951189989654,0.11183940844519362,0.00201527973094313,False,,200
D7,MERF,standardized_effect_error,200,200,0.1644691951475972,0.004847153619584183,0.1549687740532122,0.1739696162419822,0.004847153619584183,False,,200
D7,MERF,slope_standardized_rmse,200,200,0.15791930514737063,0.002556616841645219,0.152908336137746,0.16293027415699526,0.002556616841645219,False,,200
D7,Mean,false_arrow,200,200,0.0,0.0,1.734723475976807e-18,0.018845326377266575,0.003522338870275198,True,True,200
D7,Mean,safe_abstention,200,200,1.0,0.0,0.9811546736227335,1.0,0.0035223388702752293,False,,200
D7,Mean,issued_arrow,200,200,0.0,0.0,1.734723475976807e-18,0.018845326377266575,0.003522338870275198,False,,200
D7,Mean,invalid,200,200,0.0,0.0,1.734723475976807e-18,0.018845326377266575,0.003522338870275198,False,,200
D7,Mean,ale_standardized_irmse,200,200,0.0,0.0,0.0,0.0,0.0,True,True,200
D7,Mean,pd_standardized_irmse,200,200,1.596818317300775e-18,3.7442069751941983e-19,8.629537501627122e-19,2.3306828844388378e-18,3.7442069751941983e-19,False,,200
D7,Mean,pd_standardized_iae,200,200,1.596818317300775e-18,3.7442069751941983e-19,8.629537501627122e-19,2.3306828844388378e-18,3.7442069751941983e-19,False,,200
D7,Mean,standardized_effect_error,200,200,0.0,0.0,0.0,0.0,0.0,False,,200
D7,Mean,slope_standardized_rmse,200,200,4.7808571886694946e-34,1.4750042048222022e-34,1.889848947217978e-34,7.6718654301210114e-34,1.4750042048222022e-34,False,,200
D7,RF,false_arrow,200,200,0.075,0.018671317319682114,0.04597491718438201,0.12004361023629456,0.018863694346073087,True,True,200
D7,RF,safe_abstention,200,200,0.925,0.018671317319682114,0.8799563897637055,0.954025082815618,0.01886369434607309,False,,200
D7,RF,issued_arrow,200,200,0.075,0.018671317319682114,0.04597491718438201,0.12004361023629456,0.018863694346073087,False,,200
D7,RF,invalid,200,200,0.0,0.0,1.734723475976807e-18,0.018845326377266575,0.003522338870275198,False,,200
D7,RF,ale_standardized_irmse,200,200,0.08922908088514385,0.00221682778629045,0.08488409842401456,0.09357406334627313,0.00221682778629045,True,True,200
D7,RF,pd_standardized_irmse,200,200,0.12281605467609079,0.00250102140603461,0.11791405272026295,0.12771805663191863,0.00250102140603461,False,,200
D7,RF,pd_standardized_iae,200,200,0.10529700720007952,0.0022555489473002842,0.10087613126337096,0.10971788313678808,0.0022555489473002842,False,,200
D7,RF,standardized_effect_error,200,200,0.15114673404801096,0.005508170923965748,0.1403507190370381,0.16194274905898381,0.005508170923965748,False,,200
D7,RF,slope_standardized_rmse,200,200,0.16822244401880554,0.0031620948148693875,0.16202473818166155,0.17442014985594953,0.0031620948148693875,False,,200
D7,policy_direction,false_arrow,200,200,0.07,0.018086892447072265,0.042152171828342806,0.11405480885610647,0.0182941554021543,True,True,200
D7,policy_direction,safe_abstention,200,200,0.93,0.018086892447072265,0.8859451911438936,0.9578478281716571,0.018294155402154292,False,,200
D7,policy_direction,issued_arrow,200,200,0.07,0.018086892447072265,0.042152171828342806,0.11405480885610647,0.0182941554021543,False,,200
D7,policy_direction,invalid,200,200,0.0,0.0,1.734723475976807e-18,0.018845326377266575,0.003522338870275198,False,,200
D7,policy_shape,ale_standardized_irmse,200,200,0.03686674165627528,0.0018963724854762112,0.0331498515847419,0.040583631727808656,0.0018963724854762112,True,True,200
D7,policy_shape,pd_standardized_irmse,200,200,0.04494127620280033,0.0023166088972081046,0.040400722764272444,0.04948182964132821,0.0023166088972081046,False,,200
D7,policy_shape,pd_standardized_iae,200,200,0.03890870862001213,0.002005645326164131,0.034977643780730434,0.04283977345929383,0.002005645326164131,False,,200
D7,policy_shape,standardized_effect_error,200,200,0.0631225852439386,0.0032555871056990787,0.056741634516768405,0.0695035359711088,0.0032555871056990787,False,,200
D7,policy_shape,slope_standardized_rmse,200,200,0.036206156478187417,0.0018847141159104505,0.03251211681100293,0.0399001961453719,0.0018847141159104505,False,,200
D8,GAM,false_arrow,225,225,0.09777777777777778,0.01984507899943528,0.06545986143921473,0.14359954181419535,0.019960608086088426,True,True,225
D8,GAM,safe_abstention,225,225,0.9022222222222223,0.01984507899943528,0.8564004581858048,0.9345401385607853,0.019960608086088426,False,,225
D8,GAM,issued_arrow,225,225,0.09777777777777778,0.01984507899943528,0.06545986143921473,0.14359954181419535,0.019960608086088426,False,,225
D8,GAM,invalid,225,225,0.0,0.0,1.734723475976807e-18,0.016786551005620237,0.0031322655725066818,False,,225
D8,GAM,ale_standardized_irmse,225,225,0.22092583038197028,0.0027095399992639884,0.21561513198341287,0.2262365287805277,0.0027095399992639884,True,True,225
D8,GAM,pd_standardized_irmse,225,225,0.25949377479435554,0.0031702812673880263,0.253280023510275,0.26570752607843606,0.0031702812673880263,False,,225
D8,GAM,pd_standardized_iae,225,225,0.2342377677810082,0.0029089042685836127,0.2285363154145843,0.23993922014743208,0.0029089042685836127,False,,225
D8,GAM,standardized_effect_error,225,225,0.44146188866401936,0.0064392618361160696,0.4288409354652319,0.45408284186280684,0.0064392618361160696,False,,225
D8,GAM,slope_standardized_rmse,225,225,0.19187364540211063,0.0021690562543206426,0.18762229514364218,0.1961249956605791,0.0021690562543206426,False,,225
D8,GPR,false_arrow,225,225,0.11555555555555555,0.02136026738895582,0.08008919287104957,0.16392891079104954,0.02144838954929928,True,True,225
D8,GPR,safe_abstention,225,225,0.8844444444444445,0.02136026738895582,0.8360710892089506,0.9199108071289505,0.02144838954929928,False,,225
D8,GPR,issued_arrow,225,225,0.11555555555555555,0.02136026738895582,0.08008919287104957,0.16392891079104954,0.02144838954929928,False,,225
D8,GPR,invalid,225,225,0.0,0.0,1.734723475976807e-18,0.016786551005620237,0.0031322655725066818,False,,225
D8,GPR,ale_standardized_irmse,225,225,0.2854004037935096,0.006528343462650034,0.2726048506067156,0.29819595698030366,0.006528343462650034,True,True,225
D8,GPR,pd_standardized_irmse,225,225,0.3433276058853561,0.008007121794974764,0.32763364716720556,0.35902156460350665,0.008007121794974764,False,,225
D8,GPR,pd_standardized_iae,225,225,0.3021461029555174,0.007013549160932584,0.28839954660008954,0.3158926593109453,0.007013549160932584,False,,225
D8,GPR,standardized_effect_error,225,225,0.5216755940940342,0.01298052517762701,0.49623376474588526,0.5471174234421832,0.01298052517762701,False,,225
D8,GPR,slope_standardized_rmse,225,225,0.27440851127324384,0.006283514916579567,0.2620928220367479,0.2867242005097398,0.006283514916579567,False,,225
D8,LMM,false_arrow,225,225,0.04888888888888889,0.014407767844133279,0.02751501790812547,0.08540795922138969,0.014650851629445797,True,True,225
D8,LMM,safe_abstention,225,225,0.9511111111111111,0.014407767844133279,0.9145920407786103,0.9724849820918746,0.0146508516294458,False,,225
D8,LMM,issued_arrow,225,225,0.04888888888888889,0.014407767844133279,0.02751501790812547,0.08540795922138969,0.014650851629445797,False,,225
D8,LMM,invalid,225,225,0.0,0.0,1.734723475976807e-18,0.016786551005620237,0.0031322655725066818,False,,225
D8,LMM,ale_standardized_irmse,225,225,0.3718118206979755,0.0037309278394116116,0.3644992021327288,0.37912443926322226,0.0037309278394116116,True,True,225
D8,LMM,pd_standardized_irmse,225,225,0.45455582144306,0.0047509102693600765,0.44524403731511425,0.46386760557100576,0.0047509102693600765,False,,225
D8,LMM,pd_standardized_iae,225,225,0.39353978129700384,0.0041131850042753415,0.3854779386886242,0.4016016239053835,0.0041131850042753415,False,,225
D8,LMM,standardized_effect_error,225,225,0.6377431409424515,0.007285172890590586,0.623464202076894,0.6520220798080091,0.007285172890590586,False,,225
D8,LMM,slope_standardized_rmse,225,225,0.3631746059576513,0.0034491023395946886,0.3564143653720457,0.36993484654325687,0.0034491023395946886,False,,225
D8,MERF,false_arrow,225,225,0.24444444444444444,0.028714369071627846,0.19288871329679813,0.3045799683282967,0.028695182092886812,True,True,225
D8,MERF,safe_abstention,225,225,0.7555555555555555,0.028714369071627846,0.6954200316717033,0.8071112867032019,0.028695182092886812,False,,225
D8,MERF,issued_arrow,225,225,0.24444444444444444,0.028714369071627846,0.19288871329679813,0.3045799683282967,0.028695182092886812,False,,225
D8,MERF,invalid,225,225,0.0,0.0,1.734723475976807e-18,0.016786551005620237,0.0031322655725066818,False,,225
D8,MERF,ale_standardized_irmse,225,225,0.3115814365445863,0.0036538807867778924,0.30441983020250163,0.318743042886671,0.0036538807867778924,True,True,225
D8,MERF,pd_standardized_irmse,225,225,0.3717255219875085,0.004119801989849454,0.3636507100874036,0.3798003338876135,0.004119801989849454,False,,225
D8,MERF,pd_standardized_iae,225,225,0.32985053140730075,0.003887547270593883,0.32223093875693676,0.33747012405766474,0.003887547270593883,False,,225
D8,MERF,standardized_effect_error,225,225,0.573689407221346,0.011187786521591404,0.5517613456390268,0.5956174688036652,0.011187786521591404,False,,225
D8,MERF,slope_standardized_rmse,225,225,0.40890572026059885,0.004772808406222033,0.39955101578440366,0.41826042473679403,0.004772808406222033,False,,225
D8,Mean,false_arrow,225,225,0.0,0.0,1.734723475976807e-18,0.016786551005620237,0.0031322655725066818,True,True,225
D8,Mean,safe_abstention,225,225,1.0,0.0,0.9832134489943798,1.0,0.003132265572506645,False,,225
D8,Mean,issued_arrow,225,225,0.0,0.0,1.734723475976807e-18,0.016786551005620237,0.0031322655725066818,False,,225
D8,Mean,invalid,225,225,0.0,0.0,1.734723475976807e-18,0.016786551005620237,0.0031322655725066818,False,,225
D8,Mean,ale_standardized_irmse,225,225,0.0,0.0,0.0,0.0,0.0,True,True,225
D8,Mean,pd_standardized_irmse,225,225,2.383114477595336e-18,3.6443259853736653e-19,1.6688265844620977e-18,3.0974023707285743e-18,3.6443259853736653e-19,False,,225
D8,Mean,pd_standardized_iae,225,225,2.383114477595336e-18,3.6443259853736653e-19,1.6688265844620977e-18,3.0974023707285743e-18,3.6443259853736653e-19,False,,225
D8,Mean,standardized_effect_error,225,225,0.0,0.0,0.0,0.0,0.0,False,,225
D8,Mean,slope_standardized_rmse,225,225,7.373940890600229e-34,1.7021714436631385e-34,4.037684861020478e-34,1.071019692017998e-33,1.7021714436631385e-34,False,,225
D8,RF,false_arrow,225,225,0.18222222222222223,0.025792551869142352,0.13725808643991305,0.23785514375477002,0.025812052240770336,True,True,225
D8,RF,safe_abstention,225,225,0.8177777777777778,0.025792551869142352,0.7621448562452301,0.862741913560087,0.025812052240770336,False,,225
D8,RF,issued_arrow,225,225,0.18222222222222223,0.025792551869142352,0.13725808643991305,0.23785514375477002,0.025812052240770336,False,,225
D8,RF,invalid,225,225,0.0,0.0,1.734723475976807e-18,0.016786551005620237,0.0031322655725066818,False,,225
D8,RF,ale_standardized_irmse,225,225,0.32110258650053464,0.004023015946067395,0.31321747524624255,0.3289876977548267,0.004023015946067395,True,True,225
D8,RF,pd_standardized_irmse,225,225,0.3854251862559502,0.00456652618194554,0.37647479493933694,0.3943755775725634,0.00456652618194554,False,,225
D8,RF,pd_standardized_iae,225,225,0.3403748942086884,0.004253103375948784,0.33203881159182874,0.348710976825548,0.004253103375948784,False,,225
D8,RF,standardized_effect_error,225,225,0.5865351771566905,0.012034481956767096,0.5629475925214269,0.610122761791954,0.012034481956767096,False,,225
D8,RF,slope_standardized_rmse,225,225,0.427883500340432,0.005015749858653297,0.41805263061747155,0.4377143700633924,0.005015749858653297,False,,225
D8,policy_direction,false_arrow,225,225,0.24444444444444444,0.028714369071627846,0.19288871329679813,0.3045799683282967,0.028695182092886812,True,True,225
D8,policy_direction,safe_abstention,225,225,0.7555555555555555,0.028714369071627846,0.6954200316717033,0.8071112867032019,0.028695182092886812,False,,225
D8,policy_direction,issued_arrow,225,225,0.24444444444444444,0.028714369071627846,0.19288871329679813,0.3045799683282967,0.028695182092886812,False,,225
D8,policy_direction,invalid,225,225,0.0,0.0,1.734723475976807e-18,0.016786551005620237,0.0031322655725066818,False,,225
D8,policy_shape,ale_standardized_irmse,225,225,0.3718118206979755,0.0037309278394116116,0.3644992021327288,0.37912443926322226,0.0037309278394116116,True,True,225
D8,policy_shape,pd_standardized_irmse,225,225,0.45455582144306,0.0047509102693600765,0.44524403731511425,0.46386760557100576,0.0047509102693600765,False,,225
D8,policy_shape,pd_standardized_iae,225,225,0.39353978129700384,0.0041131850042753415,0.3854779386886242,0.4016016239053835,0.0041131850042753415,False,,225
D8,policy_shape,standardized_effect_error,225,225,0.6377431409424515,0.007285172890590586,0.623464202076894,0.6520220798080091,0.007285172890590586,False,,225
D8,policy_shape,slope_standardized_rmse,225,225,0.3631746059576513,0.0034491023395946886,0.3564143653720457,0.36993484654325687,0.0034491023395946886,False,,225
D9,GAM,correct_direction,200,200,0.145,0.024959766620478316,0.10289350642004402,0.20048667530781522,0.02502257588119388,True,True,200
D9,GAM,wrong_direction,200,200,0.005,0.005000000000000001,0.0008831687156009814,0.02777370439789293,0.006085636727723914,False,,200
D9,GAM,issued_arrow,200,200,0.15,0.025312121949531207,0.10713593562241995,0.20605579284166659,0.02536886609305499,False,,200
D9,GAM,invalid,200,200,0.0,0.0,1.734723475976807e-18,0.018845326377266575,0.003522338870275198,False,,200
D9,GAM,sign_correct,200,200,1.0,0.0,0.9811546736227335,1.0,0.0035223388702752293,False,,200
D9,GAM,ale_standardized_irmse,200,200,0.3285530989357045,0.00347621749203652,0.3217397126513129,0.3353664852200961,0.00347621749203652,True,True,200
D9,GAM,pd_standardized_irmse,200,200,0.38058036532387374,0.003959487411598346,0.372819769997141,0.38834096065060647,0.003959487411598346,False,,200
D9,GAM,pd_standardized_iae,200,200,0.344090643162494,0.0037048073620978474,0.3368292207327822,0.3513520655922058,0.0037048073620978474,False,,200
D9,GAM,standardized_effect_error,200,200,0.6463216034086393,0.00766402724923145,0.6313001100001456,0.661343096817133,0.00766402724923145,False,,200
D9,GAM,slope_standardized_rmse,200,200,0.37463916200864966,0.003520381470469337,0.3677392143265298,0.38153910969076954,0.003520381470469337,False,,200
D9,GPR,correct_direction,200,200,0.03,0.012092607484694706,0.013820314340111346,0.06389429245451925,0.012508505558979728,True,True,200
D9,GPR,wrong_direction,200,200,0.095,0.020785455873744915,0.06166310271738653,0.1436016116481994,0.020928811436388296,False,,200
D9,GPR,issued_arrow,200,200,0.125,0.023444042219248146,0.08611974475712644,0.17801425002582347,0.023534100046599223,False,,200
D9,GPR,invalid,200,200,0.0,0.0,1.734723475976807e-18,0.018845326377266575,0.003522338870275198,False,,200
D9,GPR,sign_correct,200,200,1.0,0.0,0.9811546736227335,1.0,0.0035223388702752293,False,,200
D9,GPR,ale_standardized_irmse,200,200,0.19973331152672247,0.0076439174308417105,0.18475123336227273,0.2147153896911722,0.0076439174308417105,True,True,200
D9,GPR,pd_standardized_irmse,200,200,0.23452417508911474,0.008881863110786037,0.2171157233919741,0.2519326267862554,0.008881863110786037,False,,200
D9,GPR,pd_standardized_iae,200,200,0.20529339989113027,0.008186017104128926,0.18924880636703756,0.22133799341522298,0.008186017104128926,False,,200
D9,GPR,standardized_effect_error,200,200,0.357518736318381,0.017465600049145404,0.32328616022205603,0.39175131241470595,0.017465600049145404,False,,200
D9,GPR,slope_standardized_rmse,200,200,0.41824453685412777,0.01967775467435175,0.37967613769239833,0.4568129360158572,0.01967775467435175,False,,200
D9,LMM,correct_direction,200,200,0.16,0.02598801424545766,0.1156741203158702,0.21714070162067106,0.02603338120960327,True,True,200
D9,LMM,wrong_direction,200,200,0.005,0.005000000000000001,0.0008831687156009814,0.02777370439789293,0.006085636727723914,False,,200
D9,LMM,issued_arrow,200,200,0.165,0.02631229148928473,0.11996855328217307,0.2226578153905955,0.026352313834736494,False,,200
D9,LMM,invalid,200,200,0.0,0.0,1.734723475976807e-18,0.018845326377266575,0.003522338870275198,False,,200
D9,LMM,sign_correct,200,200,1.0,0.0,0.9811546736227335,1.0,0.0035223388702752293,False,,200
D9,LMM,ale_standardized_irmse,200,200,0.14400563489988083,0.0038399835613172053,0.1364792671196991,0.15153200268006256,0.0038399835613172053,True,True,200
D9,LMM,pd_standardized_irmse,200,200,0.15607141303319405,0.00394337028475656,0.1483424072750712,0.1638004187913169,0.00394337028475656,False,,200
D9,LMM,pd_standardized_iae,200,200,0.13892664348084283,0.0038773299369019416,0.13132707680451502,0.14652621015717063,0.0038773299369019416,False,,200
D9,LMM,standardized_effect_error,200,200,0.3649920877279068,0.010117745910701003,0.34516130574293286,0.38482286971288077,0.010117745910701003,False,,200
D9,LMM,slope_standardized_rmse,200,200,0.3161507976318001,0.0020389340638812593,0.3121544868665928,0.3201471083970074,0.0020389340638812593,False,,200
D9,MERF,correct_direction,200,200,0.17,0.026627903149340413,0.12427907912586969,0.22815883628312625,0.026662791171566936,True,True,200
D9,MERF,wrong_direction,200,200,0.04,0.013891177924157585,0.020405632066152306,0.07693206820093293,0.014230290781058287,False,,200
D9,MERF,issued_arrow,200,200,0.21,0.028873315391699354,0.15928412069979,0.2716461685990246,0.028873407686724063,False,,200
D9,MERF,invalid,200,200,0.0,0.0,1.734723475976807e-18,0.018845326377266575,0.003522338870275198,False,,200
D9,MERF,sign_correct,200,200,1.0,0.0,0.9811546736227335,1.0,0.0035223388702752293,False,,200
D9,MERF,ale_standardized_irmse,200,200,0.18733500984823523,0.003930203559167099,0.1796318108722677,0.19503820882420275,0.003930203559167099,True,True,200
D9,MERF,pd_standardized_irmse,200,200,0.22193039103617032,0.004340280992833092,0.21342344029021745,0.2304373417821232,0.004340280992833092,False,,200
D9,MERF,pd_standardized_iae,200,200,0.19396378461651387,0.004071822697387654,0.18598301212963406,0.20194455710339368,0.004071822697387654,False,,200
D9,MERF,standardized_effect_error,200,200,0.2803904458362523,0.01315242750993095,0.2546116879167876,0.30616920375571693,0.01315242750993095,False,,200
D9,MERF,slope_standardized_rmse,200,200,0.534628025214537,0.00793256619625956,0.5190801954698683,0.5501758549592057,0.00793256619625956,False,,200
D9,Mean,correct_direction,200,200,0.0,0.0,1.734723475976807e-18,0.018845326377266575,0.003522338870275198,True,True,200
D9,Mean,wrong_direction,200,200,0.0,0.0,1.734723475976807e-18,0.018845326377266575,0.003522338870275198,False,,200
D9,Mean,issued_arrow,200,200,0.0,0.0,1.734723475976807e-18,0.018845326377266575,0.003522338870275198,False,,200
D9,Mean,invalid,200,200,0.0,0.0,1.734723475976807e-18,0.018845326377266575,0.003522338870275198,False,,200
D9,Mean,sign_correct,200,200,0.0,0.0,1.734723475976807e-18,0.018845326377266575,0.003522338870275198,False,,200
D9,Mean,ale_standardized_irmse,200,200,0.5847193588306163,0.001555778276456392,0.5816700334087618,0.5877686842524709,0.001555778276456392,True,True,200
D9,Mean,pd_standardized_irmse,200,200,0.6731739060043399,0.0021817907983696866,0.6688975960395354,0.6774502159691445,0.0021817907983696866,False,,200
D9,Mean,pd_standardized_iae,200,200,0.6127473146518904,0.002134859863554516,0.6085629893193235,0.6169316399844572,0.002134859863554516,False,,200
D9,Mean,standardized_effect_error,200,200,1.1910919280193983,0.007029290188015352,1.1773145192508883,1.2048693367879084,0.007029290188015352,False,,200
D9,Mean,slope_standardized_rmse,200,200,0.6403389363126613,0.0020978182447242955,0.6362272125530016,0.6444506600723209,0.0020978182447242955,False,,200
D9,RF,correct_direction,200,200,0.16,0.02598801424545766,0.1156741203158702,0.21714070162067106,0.02603338120960327,True,True,200
D9,RF,wrong_direction,200,200,0.06,0.016834995854681276,0.03465219425433187,0.1019316929576627,0.017076530121574604,False,,200
D9,RF,issued_arrow,200,200,0.22,0.02936514188266327,0.16816538358833258,0.28238799918293667,0.029357976680662232,False,,200
D9,RF,invalid,200,200,0.0,0.0,1.734723475976807e-18,0.018845326377266575,0.003522338870275198,False,,200
D9,RF,sign_correct,200,200,1.0,0.0,0.9811546736227335,1.0,0.0035223388702752293,False,,200
D9,RF,ale_standardized_irmse,200,200,0.17865690671423315,0.004028326509223536,0.17076138675615501,0.18655242667231128,0.004028326509223536,True,True,200
D9,RF,pd_standardized_irmse,200,200,0.21036986942618519,0.0044681650406166885,0.20161226594657647,0.2191274729057939,0.0044681650406166885,False,,200
D9,RF,pd_standardized_iae,200,200,0.18327001534019566,0.004187001000430476,0.17506349337935193,0.1914765373010394,0.004187001000430476,False,,200
D9,RF,standardized_effect_error,200,200,0.26300667532218286,0.013031223166543001,0.2374654779157586,0.28854787272860716,0.013031223166543001,False,,200
D9,RF,slope_standardized_rmse,200,200,0.5435606340028233,0.007700388952241248,0.5284678716564304,0.5586533963492162,0.007700388952241248,False,,200
D9,policy_direction,correct_direction,200,200,0.16,0.02598801424545766,0.1156741203158702,0.21714070162067106,0.02603338120960327,True,True,200
D9,policy_direction,wrong_direction,200,200,0.06,0.016834995854681276,0.03465219425433187,0.1019316929576627,0.017076530121574604,False,,200
D9,policy_direction,issued_arrow,200,200,0.22,0.02936514188266327,0.16816538358833258,0.28238799918293667,0.029357976680662232,False,,200
D9,policy_direction,invalid,200,200,0.0,0.0,1.734723475976807e-18,0.018845326377266575,0.003522338870275198,False,,200
D9,policy_shape,ale_standardized_irmse,200,200,0.14400563489988083,0.0038399835613172053,0.1364792671196991,0.15153200268006256,0.0038399835613172053,True,True,200
D9,policy_shape,pd_standardized_irmse,200,200,0.15607141303319405,0.00394337028475656,0.1483424072750712,0.1638004187913169,0.00394337028475656,False,,200
D9,policy_shape,pd_standardized_iae,200,200,0.13892664348084283,0.0038773299369019416,0.13132707680451502,0.14652621015717063,0.0038773299369019416,False,,200
D9,policy_shape,standardized_effect_error,200,200,0.3649920877279068,0.010117745910701003,0.34516130574293286,0.38482286971288077,0.010117745910701003,False,,200
D9,policy_shape,slope_standardized_rmse,200,200,0.3161507976318001,0.0020389340638812593,0.3121544868665928,0.3201471083970074,0.0020389340638812593,False,,200
